2025-05-03 22:06:02,855 - INFO - Logging configured for New Zealand data collection. Log file: crawler_20250503_220602.log
2025-05-03 22:06:30,705 - INFO - Starting site-by-site crawl. Overall Target: 1,000,000 words.
2025-05-03 22:06:30,706 - INFO - Max pages per site: 500. Allowed suffixes: ('.govt.nz', '.ac.nz', '.mil.nz', '.parliament.nz')
2025-05-03 22:06:30,711 - INFO - 
==================== Starting crawl for site: www.dia.govt.nz ====================
2025-05-03 22:06:30,711 - INFO - Attempting to fetch: https://www.dia.govt.nz/
2025-05-03 22:06:32,657 - INFO - Successfully fetched headers for https://www.dia.govt.nz/ (Status: 200, Type: text/html)
2025-05-03 22:06:32,657 - INFO - [www.dia.govt.nz] Processing HTML: https://www.dia.govt.nz/
2025-05-03 22:06:32,823 - INFO - [www.dia.govt.nz] Added 38 new unique paragraphs (318 words) from https://www.dia.govt.nz/. Site words: 318. Overall words: 318
2025-05-03 22:06:35,825 - INFO - Attempting to fetch: https://www.dia.govt.nz/Gambling
2025-05-03 22:06:36,807 - INFO - Successfully fetched headers for https://www.dia.govt.nz/Gambling (Status: 200, Type: text/html)
2025-05-03 22:06:36,807 - INFO - [www.dia.govt.nz] Processing HTML: https://www.dia.govt.nz/Gambling
2025-05-03 22:06:36,935 - INFO - [www.dia.govt.nz] Added 3 new unique paragraphs (15 words) from https://www.dia.govt.nz/Gambling. Site words: 333. Overall words: 333
2025-05-03 22:06:39,936 - INFO - Attempting to fetch: https://www.dia.govt.nz/Our-social-media
2025-05-03 22:06:41,226 - INFO - Successfully fetched headers for https://www.dia.govt.nz/Our-social-media (Status: 200, Type: text/html)
2025-05-03 22:06:41,227 - INFO - [www.dia.govt.nz] Processing HTML: https://www.dia.govt.nz/Our-social-media
2025-05-03 22:06:41,393 - INFO - [www.dia.govt.nz] Added 3 new unique paragraphs (18 words) from https://www.dia.govt.nz/Our-social-media. Site words: 351. Overall words: 351
2025-05-03 22:06:44,396 - INFO - Attempting to fetch: https://www.dia.govt.nz/Government-Inquiry-into-the-Response-to-the-North-Island-Severe-Weather-Events
2025-05-03 22:06:45,573 - INFO - Successfully fetched headers for https://www.dia.govt.nz/Government-Inquiry-into-the-Response-to-the-North-Island-Severe-Weather-Events (Status: 200, Type: text/html)
2025-05-03 22:06:45,573 - INFO - [www.dia.govt.nz] Processing HTML: https://www.dia.govt.nz/Government-Inquiry-into-the-Response-to-the-North-Island-Severe-Weather-Events
2025-05-03 22:06:45,701 - INFO - [www.dia.govt.nz] Added 10 new unique paragraphs (160 words) from https://www.dia.govt.nz/Government-Inquiry-into-the-Response-to-the-North-Island-Severe-Weather-Events. Site words: 511. Overall words: 511
2025-05-03 22:06:48,704 - INFO - Attempting to fetch: https://www.dia.govt.nz/press.nsf/d77da9b523f12931cc256ac5000d19b6/80db1237ddacc1fccc258c7b007b96be!OpenDocument
2025-05-03 22:06:49,764 - INFO - Successfully fetched headers for https://www.dia.govt.nz/press.nsf/d77da9b523f12931cc256ac5000d19b6/80db1237ddacc1fccc258c7b007b96be!OpenDocument (Status: 200, Type: text/html)
2025-05-03 22:06:49,765 - INFO - [www.dia.govt.nz] Processing HTML: https://www.dia.govt.nz/press.nsf/d77da9b523f12931cc256ac5000d19b6/80db1237ddacc1fccc258c7b007b96be!OpenDocument
2025-05-03 22:06:49,815 - INFO - [www.dia.govt.nz] No new paragraphs extracted or passed cleaning for https://www.dia.govt.nz/press.nsf/d77da9b523f12931cc256ac5000d19b6/80db1237ddacc1fccc258c7b007b96be!OpenDocument
2025-05-03 22:06:52,819 - INFO - Attempting to fetch: https://www.dia.govt.nz/Regional-Deals
2025-05-03 22:06:53,707 - INFO - Successfully fetched headers for https://www.dia.govt.nz/Regional-Deals (Status: 200, Type: text/html)
2025-05-03 22:06:53,708 - INFO - [www.dia.govt.nz] Processing HTML: https://www.dia.govt.nz/Regional-Deals
2025-05-03 22:06:53,816 - INFO - [www.dia.govt.nz] Added 12 new unique paragraphs (273 words) from https://www.dia.govt.nz/Regional-Deals. Site words: 784. Overall words: 784
2025-05-03 22:06:56,825 - INFO - Attempting to fetch: https://www.dia.govt.nz/Annual-Report-2023-24
2025-05-03 22:06:57,808 - INFO - Successfully fetched headers for https://www.dia.govt.nz/Annual-Report-2023-24 (Status: 200, Type: text/html)
2025-05-03 22:06:57,808 - INFO - [www.dia.govt.nz] Processing HTML: https://www.dia.govt.nz/Annual-Report-2023-24
2025-05-03 22:06:57,976 - INFO - [www.dia.govt.nz] Added 49 new unique paragraphs (491 words) from https://www.dia.govt.nz/Annual-Report-2023-24. Site words: 1,275. Overall words: 1,275
2025-05-03 22:07:00,979 - INFO - Attempting to fetch: https://www.dia.govt.nz/press.nsf/d77da9b523f12931cc256ac5000d19b6/20054d47b7674203cc258c7d000c6674!OpenDocument
2025-05-03 22:07:02,465 - INFO - Successfully fetched headers for https://www.dia.govt.nz/press.nsf/d77da9b523f12931cc256ac5000d19b6/20054d47b7674203cc258c7d000c6674!OpenDocument (Status: 200, Type: text/html)
2025-05-03 22:07:02,466 - INFO - [www.dia.govt.nz] Processing HTML: https://www.dia.govt.nz/press.nsf/d77da9b523f12931cc256ac5000d19b6/20054d47b7674203cc258c7d000c6674!OpenDocument
2025-05-03 22:07:02,629 - INFO - [www.dia.govt.nz] No new paragraphs extracted or passed cleaning for https://www.dia.govt.nz/press.nsf/d77da9b523f12931cc256ac5000d19b6/20054d47b7674203cc258c7d000c6674!OpenDocument
2025-05-03 22:07:05,633 - INFO - Attempting to fetch: https://www.dia.govt.nz/About-Internal-Affairs---Careers-with-us
2025-05-03 22:07:06,956 - INFO - Successfully fetched headers for https://www.dia.govt.nz/About-Internal-Affairs---Careers-with-us (Status: 200, Type: text/html)
2025-05-03 22:07:06,972 - INFO - [www.dia.govt.nz] Processing HTML: https://www.dia.govt.nz/About-Internal-Affairs---Careers-with-us
2025-05-03 22:07:07,128 - INFO - [www.dia.govt.nz] Added 15 new unique paragraphs (159 words) from https://www.dia.govt.nz/About-Internal-Affairs---Careers-with-us. Site words: 1,434. Overall words: 1,434
2025-05-03 22:07:10,129 - INFO - Attempting to fetch: https://www.dia.govt.nz/Transparency
2025-05-03 22:07:11,322 - INFO - Successfully fetched headers for https://www.dia.govt.nz/Transparency (Status: 200, Type: text/html)
2025-05-03 22:07:11,322 - INFO - [www.dia.govt.nz] Processing HTML: https://www.dia.govt.nz/Transparency
2025-05-03 22:07:11,475 - INFO - [www.dia.govt.nz] Added 52 new unique paragraphs (1608 words) from https://www.dia.govt.nz/Transparency. Site words: 3,042. Overall words: 3,042
2025-05-03 22:07:14,491 - INFO - Attempting to fetch: https://www.dia.govt.nz/About-Internal-Affairs
2025-05-03 22:07:15,555 - INFO - Successfully fetched headers for https://www.dia.govt.nz/About-Internal-Affairs (Status: 200, Type: text/html)
2025-05-03 22:07:15,555 - INFO - [www.dia.govt.nz] Processing HTML: https://www.dia.govt.nz/About-Internal-Affairs
2025-05-03 22:07:15,722 - INFO - [www.dia.govt.nz] Added 22 new unique paragraphs (192 words) from https://www.dia.govt.nz/About-Internal-Affairs. Site words: 3,234. Overall words: 3,234
2025-05-03 22:07:18,726 - INFO - Attempting to fetch: https://www.dia.govt.nz/press.nsf/d77da9b523f12931cc256ac5000d19b6/2e7489433e66bd44cc258c7e00018f0a!OpenDocument
2025-05-03 22:07:20,123 - INFO - Successfully fetched headers for https://www.dia.govt.nz/press.nsf/d77da9b523f12931cc256ac5000d19b6/2e7489433e66bd44cc258c7e00018f0a!OpenDocument (Status: 200, Type: text/html)
2025-05-03 22:07:20,123 - INFO - [www.dia.govt.nz] Processing HTML: https://www.dia.govt.nz/press.nsf/d77da9b523f12931cc256ac5000d19b6/2e7489433e66bd44cc258c7e00018f0a!OpenDocument
2025-05-03 22:07:20,278 - INFO - [www.dia.govt.nz] No new paragraphs extracted or passed cleaning for https://www.dia.govt.nz/press.nsf/d77da9b523f12931cc256ac5000d19b6/2e7489433e66bd44cc258c7e00018f0a!OpenDocument
2025-05-03 22:07:23,288 - INFO - Attempting to fetch: https://www.dia.govt.nz/For-people-and-businesses
2025-05-03 22:07:24,390 - INFO - Successfully fetched headers for https://www.dia.govt.nz/For-people-and-businesses (Status: 200, Type: text/html)
2025-05-03 22:07:24,390 - INFO - [www.dia.govt.nz] Processing HTML: https://www.dia.govt.nz/For-people-and-businesses
2025-05-03 22:07:24,562 - INFO - [www.dia.govt.nz] Added 11 new unique paragraphs (42 words) from https://www.dia.govt.nz/For-people-and-businesses. Site words: 3,276. Overall words: 3,276
2025-05-03 22:07:27,565 - INFO - Attempting to fetch: https://www.dia.govt.nz/Terms-of-use
2025-05-03 22:07:28,787 - INFO - Successfully fetched headers for https://www.dia.govt.nz/Terms-of-use (Status: 200, Type: text/html)
2025-05-03 22:07:28,788 - INFO - [www.dia.govt.nz] Processing HTML: https://www.dia.govt.nz/Terms-of-use
2025-05-03 22:07:28,952 - INFO - [www.dia.govt.nz] Added 4 new unique paragraphs (143 words) from https://www.dia.govt.nz/Terms-of-use. Site words: 3,419. Overall words: 3,419
2025-05-03 22:07:31,954 - INFO - Attempting to fetch: https://www.dia.govt.nz/Digital-Safety
2025-05-03 22:07:33,188 - INFO - Successfully fetched headers for https://www.dia.govt.nz/Digital-Safety (Status: 200, Type: text/html)
2025-05-03 22:07:33,188 - INFO - [www.dia.govt.nz] Processing HTML: https://www.dia.govt.nz/Digital-Safety
2025-05-03 22:07:33,322 - INFO - [www.dia.govt.nz] Added 18 new unique paragraphs (170 words) from https://www.dia.govt.nz/Digital-Safety. Site words: 3,589. Overall words: 3,589
2025-05-03 22:07:36,332 - INFO - Attempting to fetch: https://www.dia.govt.nz/Strategic-Intentions
2025-05-03 22:07:37,389 - INFO - Successfully fetched headers for https://www.dia.govt.nz/Strategic-Intentions (Status: 200, Type: text/html)
2025-05-03 22:07:37,391 - INFO - [www.dia.govt.nz] Processing HTML: https://www.dia.govt.nz/Strategic-Intentions
2025-05-03 22:07:37,494 - INFO - [www.dia.govt.nz] Added 8 new unique paragraphs (40 words) from https://www.dia.govt.nz/Strategic-Intentions. Site words: 3,629. Overall words: 3,629
2025-05-03 22:07:40,496 - INFO - Attempting to fetch: https://www.dia.govt.nz/About-Internal-Affairs---Department-structure---Business-units
2025-05-03 22:07:41,673 - INFO - Successfully fetched headers for https://www.dia.govt.nz/About-Internal-Affairs---Department-structure---Business-units (Status: 200, Type: text/html)
2025-05-03 22:07:41,673 - INFO - [www.dia.govt.nz] Processing HTML: https://www.dia.govt.nz/About-Internal-Affairs---Department-structure---Business-units
2025-05-03 22:07:41,859 - INFO - [www.dia.govt.nz] Added 122 new unique paragraphs (2222 words) from https://www.dia.govt.nz/About-Internal-Affairs---Department-structure---Business-units. Site words: 5,851. Overall words: 5,851
2025-05-03 22:07:44,872 - INFO - Attempting to fetch: https://www.dia.govt.nz/About-Internal-Affairs---Ministers-and-governance---Our-Ministers
2025-05-03 22:07:46,172 - INFO - Successfully fetched headers for https://www.dia.govt.nz/About-Internal-Affairs---Ministers-and-governance---Our-Ministers (Status: 200, Type: text/html)
2025-05-03 22:07:46,172 - INFO - [www.dia.govt.nz] Processing HTML: https://www.dia.govt.nz/About-Internal-Affairs---Ministers-and-governance---Our-Ministers
2025-05-03 22:07:46,325 - INFO - [www.dia.govt.nz] Added 16 new unique paragraphs (144 words) from https://www.dia.govt.nz/About-Internal-Affairs---Ministers-and-governance---Our-Ministers. Site words: 5,995. Overall words: 5,995
2025-05-03 22:07:49,333 - INFO - Attempting to fetch: https://www.dia.govt.nz/About-Internal-Affairs---Our-people
2025-05-03 22:07:50,434 - INFO - Successfully fetched headers for https://www.dia.govt.nz/About-Internal-Affairs---Our-people (Status: 200, Type: text/html)
2025-05-03 22:07:50,435 - INFO - [www.dia.govt.nz] Processing HTML: https://www.dia.govt.nz/About-Internal-Affairs---Our-people
2025-05-03 22:07:50,592 - INFO - [www.dia.govt.nz] Added 6 new unique paragraphs (47 words) from https://www.dia.govt.nz/About-Internal-Affairs---Our-people. Site words: 6,042. Overall words: 6,042
2025-05-03 22:07:53,594 - INFO - Attempting to fetch: https://www.dia.govt.nz/Latest-updates
2025-05-03 22:07:55,837 - INFO - Successfully fetched headers for https://www.dia.govt.nz/Latest-updates (Status: 200, Type: text/html)
2025-05-03 22:07:55,837 - INFO - [www.dia.govt.nz] Processing HTML: https://www.dia.govt.nz/Latest-updates
2025-05-03 22:07:56,010 - INFO - [www.dia.govt.nz] No new paragraphs extracted or passed cleaning for https://www.dia.govt.nz/Latest-updates
2025-05-03 22:07:59,015 - INFO - Attempting to fetch: https://www.dia.govt.nz/Ministers-expense-releases
2025-05-03 22:08:00,407 - INFO - Successfully fetched headers for https://www.dia.govt.nz/Ministers-expense-releases (Status: 200, Type: text/html)
2025-05-03 22:08:00,407 - INFO - [www.dia.govt.nz] Processing HTML: https://www.dia.govt.nz/Ministers-expense-releases
2025-05-03 22:08:00,578 - INFO - [www.dia.govt.nz] Added 31 new unique paragraphs (398 words) from https://www.dia.govt.nz/Ministers-expense-releases. Site words: 6,440. Overall words: 6,440
2025-05-03 22:08:03,580 - INFO - Attempting to fetch: https://www.dia.govt.nz/Legal-Privacy-Index
2025-05-03 22:08:04,587 - INFO - Successfully fetched headers for https://www.dia.govt.nz/Legal-Privacy-Index (Status: 200, Type: text/html)
2025-05-03 22:08:04,590 - INFO - [www.dia.govt.nz] Processing HTML: https://www.dia.govt.nz/Legal-Privacy-Index
2025-05-03 22:08:04,757 - INFO - [www.dia.govt.nz] No new paragraphs extracted or passed cleaning for https://www.dia.govt.nz/Legal-Privacy-Index
2025-05-03 22:08:07,759 - INFO - Attempting to fetch: https://www.dia.govt.nz/Public-and-Government-Inquiries
2025-05-03 22:08:08,972 - INFO - Successfully fetched headers for https://www.dia.govt.nz/Public-and-Government-Inquiries (Status: 200, Type: text/html)
2025-05-03 22:08:08,972 - INFO - [www.dia.govt.nz] Processing HTML: https://www.dia.govt.nz/Public-and-Government-Inquiries
2025-05-03 22:08:09,138 - INFO - [www.dia.govt.nz] Added 45 new unique paragraphs (433 words) from https://www.dia.govt.nz/Public-and-Government-Inquiries. Site words: 6,873. Overall words: 6,873
2025-05-03 22:08:12,153 - INFO - Attempting to fetch: https://www.dia.govt.nz/Digital-Identity-Services
2025-05-03 22:08:13,474 - INFO - Successfully fetched headers for https://www.dia.govt.nz/Digital-Identity-Services (Status: 200, Type: text/html)
2025-05-03 22:08:13,474 - INFO - [www.dia.govt.nz] Processing HTML: https://www.dia.govt.nz/Digital-Identity-Services
2025-05-03 22:08:13,571 - INFO - [www.dia.govt.nz] Added 19 new unique paragraphs (502 words) from https://www.dia.govt.nz/Digital-Identity-Services. Site words: 7,375. Overall words: 7,375
2025-05-03 22:08:16,583 - INFO - Attempting to fetch: https://www.dia.govt.nz/trust-framework
2025-05-03 22:08:17,729 - INFO - Successfully fetched headers for https://www.dia.govt.nz/trust-framework (Status: 200, Type: text/html)
2025-05-03 22:08:17,729 - INFO - [www.dia.govt.nz] Processing HTML: https://www.dia.govt.nz/trust-framework
2025-05-03 22:08:17,888 - INFO - [www.dia.govt.nz] Added 25 new unique paragraphs (210 words) from https://www.dia.govt.nz/trust-framework. Site words: 7,585. Overall words: 7,585
2025-05-03 22:08:20,902 - INFO - Attempting to fetch: https://www.dia.govt.nz/Our-websites
2025-05-03 22:08:21,938 - INFO - Successfully fetched headers for https://www.dia.govt.nz/Our-websites (Status: 200, Type: text/html)
2025-05-03 22:08:21,938 - INFO - [www.dia.govt.nz] Processing HTML: https://www.dia.govt.nz/Our-websites
2025-05-03 22:08:22,138 - INFO - [www.dia.govt.nz] Added 127 new unique paragraphs (1531 words) from https://www.dia.govt.nz/Our-websites. Site words: 9,116. Overall words: 9,116
2025-05-03 22:08:25,140 - INFO - Attempting to fetch: http://www.dia.govt.nz/About-Internal-Affairs---Careers-with-us
2025-05-03 22:08:26,855 - INFO - Successfully fetched headers for http://www.dia.govt.nz/About-Internal-Affairs---Careers-with-us (Status: 200, Type: text/html)
2025-05-03 22:08:26,855 - INFO - [www.dia.govt.nz] Processing HTML: http://www.dia.govt.nz/About-Internal-Affairs---Careers-with-us
2025-05-03 22:08:30,014 - INFO - Attempting to fetch: https://www.dia.govt.nz/Legal-Copyright-Index
2025-05-03 22:08:31,588 - INFO - Successfully fetched headers for https://www.dia.govt.nz/Legal-Copyright-Index (Status: 200, Type: text/html)
2025-05-03 22:08:31,588 - INFO - [www.dia.govt.nz] Processing HTML: https://www.dia.govt.nz/Legal-Copyright-Index
2025-05-03 22:08:31,739 - INFO - [www.dia.govt.nz] Added 5 new unique paragraphs (188 words) from https://www.dia.govt.nz/Legal-Copyright-Index. Site words: 9,304. Overall words: 9,304
2025-05-03 22:08:34,755 - INFO - Attempting to fetch: https://www.dia.govt.nz/Data-and-statistics
2025-05-03 22:08:35,810 - INFO - Successfully fetched headers for https://www.dia.govt.nz/Data-and-statistics (Status: 200, Type: text/html)
2025-05-03 22:08:35,812 - INFO - [www.dia.govt.nz] Processing HTML: https://www.dia.govt.nz/Data-and-statistics
2025-05-03 22:08:35,943 - INFO - [www.dia.govt.nz] Added 5 new unique paragraphs (57 words) from https://www.dia.govt.nz/Data-and-statistics. Site words: 9,361. Overall words: 9,361
2025-05-03 22:08:38,951 - INFO - Attempting to fetch: https://www.dia.govt.nz/Local-Government-Cyclone-Response
2025-05-03 22:08:40,090 - INFO - Successfully fetched headers for https://www.dia.govt.nz/Local-Government-Cyclone-Response (Status: 200, Type: text/html)
2025-05-03 22:08:40,092 - INFO - [www.dia.govt.nz] Processing HTML: https://www.dia.govt.nz/Local-Government-Cyclone-Response
2025-05-03 22:08:40,238 - INFO - [www.dia.govt.nz] Added 35 new unique paragraphs (827 words) from https://www.dia.govt.nz/Local-Government-Cyclone-Response. Site words: 10,188. Overall words: 10,188
2025-05-03 22:08:43,252 - INFO - Attempting to fetch: https://www.dia.govt.nz/Contact-us
2025-05-03 22:08:44,438 - INFO - Successfully fetched headers for https://www.dia.govt.nz/Contact-us (Status: 200, Type: text/html)
2025-05-03 22:08:44,438 - INFO - [www.dia.govt.nz] Processing HTML: https://www.dia.govt.nz/Contact-us
2025-05-03 22:08:44,618 - INFO - [www.dia.govt.nz] Added 68 new unique paragraphs (938 words) from https://www.dia.govt.nz/Contact-us. Site words: 11,126. Overall words: 11,126
2025-05-03 22:08:47,620 - INFO - Attempting to fetch: https://www.dia.govt.nz/About-Internal-Affairs---Ministers-and-governance
2025-05-03 22:08:48,688 - INFO - Successfully fetched headers for https://www.dia.govt.nz/About-Internal-Affairs---Ministers-and-governance (Status: 200, Type: text/html)
2025-05-03 22:08:48,704 - INFO - [www.dia.govt.nz] Processing HTML: https://www.dia.govt.nz/About-Internal-Affairs---Ministers-and-governance
2025-05-03 22:08:48,859 - INFO - [www.dia.govt.nz] Added 6 new unique paragraphs (82 words) from https://www.dia.govt.nz/About-Internal-Affairs---Ministers-and-governance. Site words: 11,208. Overall words: 11,208
2025-05-03 22:08:51,867 - INFO - Attempting to fetch: https://www.dia.govt.nz/privacy-information-sharing
2025-05-03 22:08:52,719 - INFO - Successfully fetched headers for https://www.dia.govt.nz/privacy-information-sharing (Status: 200, Type: text/html)
2025-05-03 22:08:52,721 - INFO - [www.dia.govt.nz] Processing HTML: https://www.dia.govt.nz/privacy-information-sharing
2025-05-03 22:08:52,871 - INFO - [www.dia.govt.nz] Added 69 new unique paragraphs (1362 words) from https://www.dia.govt.nz/privacy-information-sharing. Site words: 12,570. Overall words: 12,570
2025-05-03 22:08:55,881 - INFO - Attempting to fetch: https://www.dia.govt.nz/Proactive-Releases
2025-05-03 22:08:56,943 - INFO - Successfully fetched headers for https://www.dia.govt.nz/Proactive-Releases (Status: 200, Type: text/html)
2025-05-03 22:08:56,943 - INFO - [www.dia.govt.nz] Processing HTML: https://www.dia.govt.nz/Proactive-Releases
2025-05-03 22:08:58,175 - INFO - [www.dia.govt.nz] Added 2450 new unique paragraphs (27608 words) from https://www.dia.govt.nz/Proactive-Releases. Site words: 40,178. Overall words: 40,178
2025-05-03 22:09:01,187 - INFO - Attempting to fetch: https://www.dia.govt.nz/Logos
2025-05-03 22:09:02,605 - INFO - Successfully fetched headers for https://www.dia.govt.nz/Logos (Status: 200, Type: text/html)
2025-05-03 22:09:02,607 - INFO - [www.dia.govt.nz] Processing HTML: https://www.dia.govt.nz/Logos
2025-05-03 22:09:02,837 - INFO - [www.dia.govt.nz] Added 22 new unique paragraphs (124 words) from https://www.dia.govt.nz/Logos. Site words: 40,302. Overall words: 40,302
2025-05-03 22:09:05,839 - INFO - Attempting to fetch: https://www.dia.govt.nz/Water-Services-Policy-and-Legislation
2025-05-03 22:09:07,160 - INFO - Successfully fetched headers for https://www.dia.govt.nz/Water-Services-Policy-and-Legislation (Status: 200, Type: text/html)
2025-05-03 22:09:07,160 - INFO - [www.dia.govt.nz] Processing HTML: https://www.dia.govt.nz/Water-Services-Policy-and-Legislation
2025-05-03 22:09:07,321 - INFO - [www.dia.govt.nz] Added 22 new unique paragraphs (219 words) from https://www.dia.govt.nz/Water-Services-Policy-and-Legislation. Site words: 40,521. Overall words: 40,521
2025-05-03 22:09:10,330 - INFO - Attempting to fetch: https://www.dia.govt.nz/Resource-material-Our-Policy-Advice-Areas-Local-Government-Policy?OpenDocument
2025-05-03 22:09:12,941 - INFO - Successfully fetched headers for https://www.dia.govt.nz/Resource-material-Our-Policy-Advice-Areas-Local-Government-Policy?OpenDocument (Status: 200, Type: text/html)
2025-05-03 22:09:12,944 - INFO - [www.dia.govt.nz] Processing HTML: https://www.dia.govt.nz/Resource-material-Our-Policy-Advice-Areas-Local-Government-Policy?OpenDocument
2025-05-03 22:09:13,338 - INFO - [www.dia.govt.nz] No new paragraphs extracted or passed cleaning for https://www.dia.govt.nz/Resource-material-Our-Policy-Advice-Areas-Local-Government-Policy?OpenDocument
2025-05-03 22:09:16,351 - INFO - Attempting to fetch: https://www.dia.govt.nz/Media-contacts
2025-05-03 22:09:17,571 - INFO - Successfully fetched headers for https://www.dia.govt.nz/Media-contacts (Status: 200, Type: text/html)
2025-05-03 22:09:17,586 - INFO - [www.dia.govt.nz] Processing HTML: https://www.dia.govt.nz/Media-contacts
2025-05-03 22:09:17,717 - INFO - [www.dia.govt.nz] Added 14 new unique paragraphs (125 words) from https://www.dia.govt.nz/Media-contacts. Site words: 40,646. Overall words: 40,646
2025-05-03 22:09:20,719 - INFO - Attempting to fetch: https://www.dia.govt.nz/Publications-and-Reports
2025-05-03 22:09:23,337 - INFO - Successfully fetched headers for https://www.dia.govt.nz/Publications-and-Reports (Status: 200, Type: text/html)
2025-05-03 22:09:23,337 - INFO - [www.dia.govt.nz] Processing HTML: https://www.dia.govt.nz/Publications-and-Reports
2025-05-03 22:09:23,518 - INFO - [www.dia.govt.nz] No new paragraphs extracted or passed cleaning for https://www.dia.govt.nz/Publications-and-Reports
2025-05-03 22:09:26,520 - INFO - Attempting to fetch: https://www.dia.govt.nz/Contact-Us
2025-05-03 22:09:28,267 - INFO - Successfully fetched headers for https://www.dia.govt.nz/Contact-Us (Status: 200, Type: text/html)
2025-05-03 22:09:28,269 - INFO - [www.dia.govt.nz] Processing HTML: https://www.dia.govt.nz/Contact-Us
2025-05-03 22:09:31,466 - INFO - Attempting to fetch: https://www.dia.govt.nz/About-this-site
2025-05-03 22:09:32,537 - INFO - Successfully fetched headers for https://www.dia.govt.nz/About-this-site (Status: 200, Type: text/html)
2025-05-03 22:09:32,537 - INFO - [www.dia.govt.nz] Processing HTML: https://www.dia.govt.nz/About-this-site
2025-05-03 22:09:32,711 - INFO - [www.dia.govt.nz] Added 7 new unique paragraphs (142 words) from https://www.dia.govt.nz/About-this-site. Site words: 40,788. Overall words: 40,788
2025-05-03 22:09:35,713 - INFO - Attempting to fetch: https://www.dia.govt.nz/Official-Information-Act-requests
2025-05-03 22:09:36,606 - INFO - Successfully fetched headers for https://www.dia.govt.nz/Official-Information-Act-requests (Status: 200, Type: text/html)
2025-05-03 22:09:36,609 - INFO - [www.dia.govt.nz] Processing HTML: https://www.dia.govt.nz/Official-Information-Act-requests
2025-05-03 22:09:36,740 - INFO - [www.dia.govt.nz] Added 45 new unique paragraphs (926 words) from https://www.dia.govt.nz/Official-Information-Act-requests. Site words: 41,714. Overall words: 41,714
2025-05-03 22:09:39,747 - INFO - Attempting to fetch: https://www.dia.govt.nz/Online-Gambling-Regulatory-Implementation
2025-05-03 22:09:40,987 - INFO - Successfully fetched headers for https://www.dia.govt.nz/Online-Gambling-Regulatory-Implementation (Status: 200, Type: text/html)
2025-05-03 22:09:40,996 - INFO - [www.dia.govt.nz] Processing HTML: https://www.dia.govt.nz/Online-Gambling-Regulatory-Implementation
2025-05-03 22:09:41,053 - INFO - [www.dia.govt.nz] Added 55 new unique paragraphs (795 words) from https://www.dia.govt.nz/Online-Gambling-Regulatory-Implementation. Site words: 42,509. Overall words: 42,509
2025-05-03 22:09:44,065 - INFO - Attempting to fetch: https://www.dia.govt.nz/AML-CFT-Homepage
2025-05-03 22:09:45,537 - INFO - Successfully fetched headers for https://www.dia.govt.nz/AML-CFT-Homepage (Status: 200, Type: text/html)
2025-05-03 22:09:45,537 - INFO - [www.dia.govt.nz] Processing HTML: https://www.dia.govt.nz/AML-CFT-Homepage
2025-05-03 22:09:45,587 - INFO - [www.dia.govt.nz] Added 11 new unique paragraphs (58 words) from https://www.dia.govt.nz/AML-CFT-Homepage. Site words: 42,567. Overall words: 42,567
2025-05-03 22:09:48,594 - INFO - Attempting to fetch: https://www.dia.govt.nz/Resource-material-Corporate-Publications-Annual-Reports
2025-05-03 22:09:50,942 - INFO - Successfully fetched headers for https://www.dia.govt.nz/Resource-material-Corporate-Publications-Annual-Reports (Status: 200, Type: text/html)
2025-05-03 22:09:50,942 - INFO - [www.dia.govt.nz] Processing HTML: https://www.dia.govt.nz/Resource-material-Corporate-Publications-Annual-Reports
2025-05-03 22:09:51,154 - INFO - [www.dia.govt.nz] No new paragraphs extracted or passed cleaning for https://www.dia.govt.nz/Resource-material-Corporate-Publications-Annual-Reports
2025-05-03 22:09:54,163 - INFO - Attempting to fetch: https://www.dia.govt.nz/About-Internal-Affairs---Our-People---Our-Purpose-and-Values
2025-05-03 22:09:55,317 - INFO - Successfully fetched headers for https://www.dia.govt.nz/About-Internal-Affairs---Our-People---Our-Purpose-and-Values (Status: 200, Type: text/html)
2025-05-03 22:09:55,319 - INFO - [www.dia.govt.nz] Processing HTML: https://www.dia.govt.nz/About-Internal-Affairs---Our-People---Our-Purpose-and-Values
2025-05-03 22:09:55,436 - INFO - [www.dia.govt.nz] Added 11 new unique paragraphs (123 words) from https://www.dia.govt.nz/About-Internal-Affairs---Our-People---Our-Purpose-and-Values. Site words: 42,690. Overall words: 42,690
2025-05-03 22:09:58,440 - INFO - Attempting to fetch: https://www.dia.govt.nz/For-government
2025-05-03 22:09:59,507 - INFO - Successfully fetched headers for https://www.dia.govt.nz/For-government (Status: 200, Type: text/html)
2025-05-03 22:09:59,509 - INFO - [www.dia.govt.nz] Processing HTML: https://www.dia.govt.nz/For-government
2025-05-03 22:09:59,638 - INFO - [www.dia.govt.nz] Added 4 new unique paragraphs (16 words) from https://www.dia.govt.nz/For-government. Site words: 42,706. Overall words: 42,706
2025-05-03 22:10:02,639 - INFO - Attempting to fetch: https://www.dia.govt.nz/Services-Casino-and-Non-Casino-Gaming-The-Rules-for-Running-a-Gambling-Activity
2025-05-03 22:10:05,615 - INFO - Successfully fetched headers for https://www.dia.govt.nz/Services-Casino-and-Non-Casino-Gaming-The-Rules-for-Running-a-Gambling-Activity (Status: 200, Type: text/html)
2025-05-03 22:10:05,617 - INFO - [www.dia.govt.nz] Processing HTML: https://www.dia.govt.nz/Services-Casino-and-Non-Casino-Gaming-The-Rules-for-Running-a-Gambling-Activity
2025-05-03 22:10:05,806 - INFO - [www.dia.govt.nz] No new paragraphs extracted or passed cleaning for https://www.dia.govt.nz/Services-Casino-and-Non-Casino-Gaming-The-Rules-for-Running-a-Gambling-Activity
2025-05-03 22:10:08,809 - INFO - Attempting to fetch: https://www.dia.govt.nz/Gambling-legislation
2025-05-03 22:10:09,917 - INFO - Successfully fetched headers for https://www.dia.govt.nz/Gambling-legislation (Status: 200, Type: text/html)
2025-05-03 22:10:09,919 - INFO - [www.dia.govt.nz] Processing HTML: https://www.dia.govt.nz/Gambling-legislation
2025-05-03 22:10:09,957 - INFO - [www.dia.govt.nz] Added 9 new unique paragraphs (119 words) from https://www.dia.govt.nz/Gambling-legislation. Site words: 42,825. Overall words: 42,825
2025-05-03 22:10:12,968 - INFO - Attempting to fetch: https://www.dia.govt.nz/Services-Casino-and-Non-Casino-Gaming-Casinos
2025-05-03 22:10:15,778 - INFO - Successfully fetched headers for https://www.dia.govt.nz/Services-Casino-and-Non-Casino-Gaming-Casinos (Status: 200, Type: text/html)
2025-05-03 22:10:15,779 - INFO - [www.dia.govt.nz] Processing HTML: https://www.dia.govt.nz/Services-Casino-and-Non-Casino-Gaming-Casinos
2025-05-03 22:10:15,970 - INFO - [www.dia.govt.nz] No new paragraphs extracted or passed cleaning for https://www.dia.govt.nz/Services-Casino-and-Non-Casino-Gaming-Casinos
2025-05-03 22:10:18,972 - INFO - Attempting to fetch: https://www.dia.govt.nz/diawebsite.nsf/wpg_URL/Services-Casino-and-Non-Casino-Gaming-Gambling-Consultation
2025-05-03 22:10:21,687 - INFO - Successfully fetched headers for https://www.dia.govt.nz/diawebsite.nsf/wpg_URL/Services-Casino-and-Non-Casino-Gaming-Gambling-Consultation (Status: 200, Type: text/html)
2025-05-03 22:10:21,687 - INFO - [www.dia.govt.nz] Processing HTML: https://www.dia.govt.nz/diawebsite.nsf/wpg_URL/Services-Casino-and-Non-Casino-Gaming-Gambling-Consultation
2025-05-03 22:10:21,861 - INFO - [www.dia.govt.nz] No new paragraphs extracted or passed cleaning for https://www.dia.govt.nz/diawebsite.nsf/wpg_URL/Services-Casino-and-Non-Casino-Gaming-Gambling-Consultation
2025-05-03 22:10:24,863 - INFO - Attempting to fetch: https://www.dia.govt.nz/Services-Electronic-Monitoring-System-Index
2025-05-03 22:10:27,353 - INFO - Successfully fetched headers for https://www.dia.govt.nz/Services-Electronic-Monitoring-System-Index (Status: 200, Type: text/html)
2025-05-03 22:10:27,353 - INFO - [www.dia.govt.nz] Processing HTML: https://www.dia.govt.nz/Services-Electronic-Monitoring-System-Index
2025-05-03 22:10:27,536 - INFO - [www.dia.govt.nz] No new paragraphs extracted or passed cleaning for https://www.dia.govt.nz/Services-Electronic-Monitoring-System-Index
2025-05-03 22:10:30,539 - INFO - Attempting to fetch: https://www.dia.govt.nz/diawebsite.nsf/wpg_URL/Services-Casino-and-Non-Casino-Gaming-Classes-of-Gambling
2025-05-03 22:10:33,371 - INFO - Successfully fetched headers for https://www.dia.govt.nz/diawebsite.nsf/wpg_URL/Services-Casino-and-Non-Casino-Gaming-Classes-of-Gambling (Status: 200, Type: text/html)
2025-05-03 22:10:33,373 - INFO - [www.dia.govt.nz] Processing HTML: https://www.dia.govt.nz/diawebsite.nsf/wpg_URL/Services-Casino-and-Non-Casino-Gaming-Classes-of-Gambling
2025-05-03 22:10:33,552 - INFO - [www.dia.govt.nz] No new paragraphs extracted or passed cleaning for https://www.dia.govt.nz/diawebsite.nsf/wpg_URL/Services-Casino-and-Non-Casino-Gaming-Classes-of-Gambling
2025-05-03 22:10:36,564 - INFO - Attempting to fetch: https://www.dia.govt.nz/Services-Casino-and-Non-Casino-Gaming-News-Press-Releases-%26-Consultation
2025-05-03 22:10:39,219 - INFO - Successfully fetched headers for https://www.dia.govt.nz/Services-Casino-and-Non-Casino-Gaming-News-Press-Releases-%26-Consultation (Status: 200, Type: text/html)
2025-05-03 22:10:39,219 - INFO - [www.dia.govt.nz] Processing HTML: https://www.dia.govt.nz/Services-Casino-and-Non-Casino-Gaming-News-Press-Releases-%26-Consultation
2025-05-03 22:10:39,549 - INFO - [www.dia.govt.nz] No new paragraphs extracted or passed cleaning for https://www.dia.govt.nz/Services-Casino-and-Non-Casino-Gaming-News-Press-Releases-%26-Consultation
2025-05-03 22:10:42,553 - INFO - Attempting to fetch: https://www.dia.govt.nz/Gambling-have-your-say
2025-05-03 22:10:43,955 - INFO - Successfully fetched headers for https://www.dia.govt.nz/Gambling-have-your-say (Status: 200, Type: text/html)
2025-05-03 22:10:43,955 - INFO - [www.dia.govt.nz] Processing HTML: https://www.dia.govt.nz/Gambling-have-your-say
2025-05-03 22:10:44,119 - INFO - [www.dia.govt.nz] Added 3 new unique paragraphs (18 words) from https://www.dia.govt.nz/Gambling-have-your-say. Site words: 42,843. Overall words: 42,843
2025-05-03 22:10:47,134 - INFO - Attempting to fetch: https://www.dia.govt.nz/harbourmaster
2025-05-03 22:10:48,201 - INFO - Successfully fetched headers for https://www.dia.govt.nz/harbourmaster (Status: 200, Type: text/html)
2025-05-03 22:10:48,203 - INFO - [www.dia.govt.nz] Processing HTML: https://www.dia.govt.nz/harbourmaster
2025-05-03 22:10:48,319 - INFO - [www.dia.govt.nz] Added 20 new unique paragraphs (223 words) from https://www.dia.govt.nz/harbourmaster. Site words: 43,066. Overall words: 43,066
2025-05-03 22:10:51,333 - INFO - Attempting to fetch: https://www.dia.govt.nz/Services-Casino-and-Non-Casino-Gaming-Gambling-Technical-Equipment
2025-05-03 22:10:53,902 - INFO - Successfully fetched headers for https://www.dia.govt.nz/Services-Casino-and-Non-Casino-Gaming-Gambling-Technical-Equipment (Status: 200, Type: text/html)
2025-05-03 22:10:53,904 - INFO - [www.dia.govt.nz] Processing HTML: https://www.dia.govt.nz/Services-Casino-and-Non-Casino-Gaming-Gambling-Technical-Equipment
2025-05-03 22:10:54,158 - INFO - [www.dia.govt.nz] No new paragraphs extracted or passed cleaning for https://www.dia.govt.nz/Services-Casino-and-Non-Casino-Gaming-Gambling-Technical-Equipment
2025-05-03 22:10:57,165 - INFO - Attempting to fetch: https://www.dia.govt.nz/Gambling-territorial-authorities
2025-05-03 22:10:58,675 - INFO - Successfully fetched headers for https://www.dia.govt.nz/Gambling-territorial-authorities (Status: 200, Type: text/html)
2025-05-03 22:10:58,686 - INFO - [www.dia.govt.nz] Processing HTML: https://www.dia.govt.nz/Gambling-territorial-authorities
2025-05-03 22:10:58,732 - INFO - [www.dia.govt.nz] Added 10 new unique paragraphs (231 words) from https://www.dia.govt.nz/Gambling-territorial-authorities. Site words: 43,297. Overall words: 43,297
2025-05-03 22:11:01,734 - INFO - Attempting to fetch: https://www.dia.govt.nz/Services-Casino-and-Non-Casino-Gaming-Prohibited-Gambling?OpenDocument
2025-05-03 22:11:04,168 - INFO - Successfully fetched headers for https://www.dia.govt.nz/Services-Casino-and-Non-Casino-Gaming-Prohibited-Gambling?OpenDocument (Status: 200, Type: text/html)
2025-05-03 22:11:04,170 - INFO - [www.dia.govt.nz] Processing HTML: https://www.dia.govt.nz/Services-Casino-and-Non-Casino-Gaming-Prohibited-Gambling?OpenDocument
2025-05-03 22:11:04,353 - INFO - [www.dia.govt.nz] No new paragraphs extracted or passed cleaning for https://www.dia.govt.nz/Services-Casino-and-Non-Casino-Gaming-Prohibited-Gambling?OpenDocument
2025-05-03 22:11:07,362 - INFO - Attempting to fetch: https://www.dia.govt.nz/diawebsite.nsf/wpg_URL/Services-Casino-and-Non-Casino-Gaming-Forms
2025-05-03 22:11:10,137 - INFO - Successfully fetched headers for https://www.dia.govt.nz/diawebsite.nsf/wpg_URL/Services-Casino-and-Non-Casino-Gaming-Forms (Status: 200, Type: text/html)
2025-05-03 22:11:10,137 - INFO - [www.dia.govt.nz] Processing HTML: https://www.dia.govt.nz/diawebsite.nsf/wpg_URL/Services-Casino-and-Non-Casino-Gaming-Forms
2025-05-03 22:11:10,209 - INFO - [www.dia.govt.nz] No new paragraphs extracted or passed cleaning for https://www.dia.govt.nz/diawebsite.nsf/wpg_URL/Services-Casino-and-Non-Casino-Gaming-Forms
2025-05-03 22:11:13,211 - INFO - Attempting to fetch: https://www.dia.govt.nz/Services-Casino-and-Non-Casino-Gaming-Gambling-in-Pubs-and-Clubs-(Class-4)
2025-05-03 22:11:15,691 - INFO - Successfully fetched headers for https://www.dia.govt.nz/Services-Casino-and-Non-Casino-Gaming-Gambling-in-Pubs-and-Clubs-(Class-4) (Status: 200, Type: text/html)
2025-05-03 22:11:15,691 - INFO - [www.dia.govt.nz] Processing HTML: https://www.dia.govt.nz/Services-Casino-and-Non-Casino-Gaming-Gambling-in-Pubs-and-Clubs-(Class-4)
2025-05-03 22:11:15,891 - INFO - [www.dia.govt.nz] No new paragraphs extracted or passed cleaning for https://www.dia.govt.nz/Services-Casino-and-Non-Casino-Gaming-Gambling-in-Pubs-and-Clubs-(Class-4)
2025-05-03 22:11:18,897 - INFO - Attempting to fetch: https://www.dia.govt.nz/diawebsite.nsf/wpg_URL/Services-Casino-and-Non-Casino-Gaming-Contact-the-gambling-group
2025-05-03 22:11:21,637 - INFO - Successfully fetched headers for https://www.dia.govt.nz/diawebsite.nsf/wpg_URL/Services-Casino-and-Non-Casino-Gaming-Contact-the-gambling-group (Status: 200, Type: text/html)
2025-05-03 22:11:21,639 - INFO - [www.dia.govt.nz] Processing HTML: https://www.dia.govt.nz/diawebsite.nsf/wpg_URL/Services-Casino-and-Non-Casino-Gaming-Contact-the-gambling-group
2025-05-03 22:11:21,809 - INFO - [www.dia.govt.nz] No new paragraphs extracted or passed cleaning for https://www.dia.govt.nz/diawebsite.nsf/wpg_URL/Services-Casino-and-Non-Casino-Gaming-Contact-the-gambling-group
2025-05-03 22:11:24,812 - INFO - Attempting to fetch: https://www.dia.govt.nz/Gambling-statistics
2025-05-03 22:11:26,386 - INFO - Successfully fetched headers for https://www.dia.govt.nz/Gambling-statistics (Status: 200, Type: text/html)
2025-05-03 22:11:26,402 - INFO - [www.dia.govt.nz] Processing HTML: https://www.dia.govt.nz/Gambling-statistics
2025-05-03 22:11:26,537 - INFO - [www.dia.govt.nz] Added 14 new unique paragraphs (247 words) from https://www.dia.govt.nz/Gambling-statistics. Site words: 43,544. Overall words: 43,544
2025-05-03 22:11:29,541 - INFO - Attempting to fetch: https://www.dia.govt.nz/diawebsite.nsf/wpg_URL/Services-Casino-and-Non-Casino-Gaming-Compliance-Investigations-and-Audits
2025-05-03 22:11:31,938 - INFO - Successfully fetched headers for https://www.dia.govt.nz/diawebsite.nsf/wpg_URL/Services-Casino-and-Non-Casino-Gaming-Compliance-Investigations-and-Audits (Status: 200, Type: text/html)
2025-05-03 22:11:31,940 - INFO - [www.dia.govt.nz] Processing HTML: https://www.dia.govt.nz/diawebsite.nsf/wpg_URL/Services-Casino-and-Non-Casino-Gaming-Compliance-Investigations-and-Audits
2025-05-03 22:11:32,104 - INFO - [www.dia.govt.nz] No new paragraphs extracted or passed cleaning for https://www.dia.govt.nz/diawebsite.nsf/wpg_URL/Services-Casino-and-Non-Casino-Gaming-Compliance-Investigations-and-Audits
2025-05-03 22:11:35,107 - INFO - Attempting to fetch: https://www.dia.govt.nz/Gambling-Reducing-Pokies-Harm
2025-05-03 22:11:36,431 - INFO - Successfully fetched headers for https://www.dia.govt.nz/Gambling-Reducing-Pokies-Harm (Status: 200, Type: text/html)
2025-05-03 22:11:36,431 - INFO - [www.dia.govt.nz] Processing HTML: https://www.dia.govt.nz/Gambling-Reducing-Pokies-Harm
2025-05-03 22:11:36,586 - INFO - [www.dia.govt.nz] Added 43 new unique paragraphs (741 words) from https://www.dia.govt.nz/Gambling-Reducing-Pokies-Harm. Site words: 44,285. Overall words: 44,285
2025-05-03 22:11:39,601 - INFO - Attempting to fetch: https://www.dia.govt.nz/our-websites
2025-05-03 22:11:40,585 - INFO - Successfully fetched headers for https://www.dia.govt.nz/our-websites (Status: 200, Type: text/html)
2025-05-03 22:11:40,585 - INFO - [www.dia.govt.nz] Processing HTML: https://www.dia.govt.nz/our-websites
2025-05-03 22:11:43,741 - INFO - Attempting to fetch: https://www.dia.govt.nz/Government-Inquiry-into-Severe-Weather-Events-Questions-and-Answers
2025-05-03 22:11:44,822 - INFO - Successfully fetched headers for https://www.dia.govt.nz/Government-Inquiry-into-Severe-Weather-Events-Questions-and-Answers (Status: 200, Type: text/html)
2025-05-03 22:11:44,822 - INFO - [www.dia.govt.nz] Processing HTML: https://www.dia.govt.nz/Government-Inquiry-into-Severe-Weather-Events-Questions-and-Answers
2025-05-03 22:11:44,849 - INFO - [www.dia.govt.nz] Added 18 new unique paragraphs (497 words) from https://www.dia.govt.nz/Government-Inquiry-into-Severe-Weather-Events-Questions-and-Answers. Site words: 44,782. Overall words: 44,782
2025-05-03 22:11:47,850 - INFO - Attempting to fetch: https://www.dia.govt.nz/Government-Inquiry-into-Severe-Weather-Events-About-the-Inquiry
2025-05-03 22:11:48,918 - INFO - Successfully fetched headers for https://www.dia.govt.nz/Government-Inquiry-into-Severe-Weather-Events-About-the-Inquiry (Status: 200, Type: text/html)
2025-05-03 22:11:48,918 - INFO - [www.dia.govt.nz] Processing HTML: https://www.dia.govt.nz/Government-Inquiry-into-Severe-Weather-Events-About-the-Inquiry
2025-05-03 22:11:49,086 - INFO - [www.dia.govt.nz] Added 15 new unique paragraphs (395 words) from https://www.dia.govt.nz/Government-Inquiry-into-Severe-Weather-Events-About-the-Inquiry. Site words: 45,177. Overall words: 45,177
2025-05-03 22:11:52,090 - INFO - Attempting to fetch: https://www.dia.govt.nz/Government-Inquiry-into-Severe-Weather-Events-Contact
2025-05-03 22:11:53,219 - INFO - Successfully fetched headers for https://www.dia.govt.nz/Government-Inquiry-into-Severe-Weather-Events-Contact (Status: 200, Type: text/html)
2025-05-03 22:11:53,220 - INFO - [www.dia.govt.nz] Processing HTML: https://www.dia.govt.nz/Government-Inquiry-into-Severe-Weather-Events-Contact
2025-05-03 22:11:53,368 - INFO - [www.dia.govt.nz] Added 2 new unique paragraphs (23 words) from https://www.dia.govt.nz/Government-Inquiry-into-Severe-Weather-Events-Contact. Site words: 45,200. Overall words: 45,200
2025-05-03 22:11:56,382 - INFO - Attempting to fetch: https://www.dia.govt.nz/diawebsite.nsf/Files/Government-Inquiry-into-Severe-Weather-Events/$file/Report-of-the-Government-Inquiry-into-the-Response-to-the-North-Island-Severe-Weather-Events.pdf
2025-05-03 22:11:57,458 - INFO - Successfully fetched headers for https://www.dia.govt.nz/diawebsite.nsf/Files/Government-Inquiry-into-Severe-Weather-Events/$file/Report-of-the-Government-Inquiry-into-the-Response-to-the-North-Island-Severe-Weather-Events.pdf (Status: 200, Type: application/pdf)
2025-05-03 22:11:57,459 - INFO - [www.dia.govt.nz] Processing PDF: https://www.dia.govt.nz/diawebsite.nsf/Files/Government-Inquiry-into-Severe-Weather-Events/$file/Report-of-the-Government-Inquiry-into-the-Response-to-the-North-Island-Severe-Weather-Events.pdf
2025-05-03 22:12:07,616 - INFO - Attempted text extraction from PDF (164 pages)
2025-05-03 22:12:07,656 - INFO - [www.dia.govt.nz] Added 15 new unique paragraphs (57032 words) from https://www.dia.govt.nz/diawebsite.nsf/Files/Government-Inquiry-into-Severe-Weather-Events/$file/Report-of-the-Government-Inquiry-into-the-Response-to-the-North-Island-Severe-Weather-Events.pdf. Site words: 102,232. Overall words: 102,232
2025-05-03 22:12:10,659 - INFO - Attempting to fetch: https://www.dia.govt.nz/press.nsf/index?openview
2025-05-03 22:12:12,235 - INFO - Successfully fetched headers for https://www.dia.govt.nz/press.nsf/index?openview (Status: 200, Type: text/html)
2025-05-03 22:12:12,235 - INFO - [www.dia.govt.nz] Processing HTML: https://www.dia.govt.nz/press.nsf/index?openview
2025-05-03 22:12:12,401 - INFO - [www.dia.govt.nz] No new paragraphs extracted or passed cleaning for https://www.dia.govt.nz/press.nsf/index?openview
2025-05-03 22:12:15,416 - INFO - Attempting to fetch: https://www.dia.govt.nz/Preventing-Online-Child-Sexual-Exploitation-Transparency-Reports
2025-05-03 22:12:16,509 - INFO - Successfully fetched headers for https://www.dia.govt.nz/Preventing-Online-Child-Sexual-Exploitation-Transparency-Reports (Status: 200, Type: text/html)
2025-05-03 22:12:16,510 - INFO - [www.dia.govt.nz] Processing HTML: https://www.dia.govt.nz/Preventing-Online-Child-Sexual-Exploitation-Transparency-Reports
2025-05-03 22:12:16,535 - INFO - [www.dia.govt.nz] Added 11 new unique paragraphs (129 words) from https://www.dia.govt.nz/Preventing-Online-Child-Sexual-Exploitation-Transparency-Reports. Site words: 102,361. Overall words: 102,361
2025-05-03 22:12:19,537 - INFO - Attempting to fetch: https://www.dia.govt.nz/diawebsite.nsf/wpg_URL/Resource-material-Our-Policy-Advice-Areas-Local-Government-Policy
2025-05-03 22:12:21,816 - INFO - Successfully fetched headers for https://www.dia.govt.nz/diawebsite.nsf/wpg_URL/Resource-material-Our-Policy-Advice-Areas-Local-Government-Policy (Status: 200, Type: text/html)
2025-05-03 22:12:21,818 - INFO - [www.dia.govt.nz] Processing HTML: https://www.dia.govt.nz/diawebsite.nsf/wpg_URL/Resource-material-Our-Policy-Advice-Areas-Local-Government-Policy
2025-05-03 22:12:22,121 - INFO - [www.dia.govt.nz] No new paragraphs extracted or passed cleaning for https://www.dia.govt.nz/diawebsite.nsf/wpg_URL/Resource-material-Our-Policy-Advice-Areas-Local-Government-Policy
2025-05-03 22:12:25,129 - INFO - Attempting to fetch: https://www.dia.govt.nz/Regional-Deals-Resources
2025-05-03 22:12:26,718 - INFO - Successfully fetched headers for https://www.dia.govt.nz/Regional-Deals-Resources (Status: 200, Type: text/html)
2025-05-03 22:12:26,718 - INFO - [www.dia.govt.nz] Processing HTML: https://www.dia.govt.nz/Regional-Deals-Resources
2025-05-03 22:12:26,768 - INFO - [www.dia.govt.nz] Added 16 new unique paragraphs (155 words) from https://www.dia.govt.nz/Regional-Deals-Resources. Site words: 102,516. Overall words: 102,516
2025-05-03 22:12:29,771 - INFO - Attempting to fetch: https://www.dia.govt.nz/Regional-Deals-information-for-councils
2025-05-03 22:12:30,935 - INFO - Successfully fetched headers for https://www.dia.govt.nz/Regional-Deals-information-for-councils (Status: 200, Type: text/html)
2025-05-03 22:12:30,936 - INFO - [www.dia.govt.nz] Processing HTML: https://www.dia.govt.nz/Regional-Deals-information-for-councils
2025-05-03 22:12:30,973 - INFO - [www.dia.govt.nz] Added 22 new unique paragraphs (249 words) from https://www.dia.govt.nz/Regional-Deals-information-for-councils. Site words: 102,765. Overall words: 102,765
2025-05-03 22:12:33,976 - INFO - Attempting to fetch: https://www.dia.govt.nz/Annual-Report-2023-24---1
2025-05-03 22:12:35,115 - INFO - Successfully fetched headers for https://www.dia.govt.nz/Annual-Report-2023-24---1 (Status: 200, Type: text/html)
2025-05-03 22:12:35,117 - INFO - [www.dia.govt.nz] Processing HTML: https://www.dia.govt.nz/Annual-Report-2023-24---1
2025-05-03 22:12:35,293 - INFO - [www.dia.govt.nz] Added 64 new unique paragraphs (1615 words) from https://www.dia.govt.nz/Annual-Report-2023-24---1. Site words: 104,380. Overall words: 104,380
2025-05-03 22:12:38,295 - INFO - Attempting to fetch: https://www.dia.govt.nz/Annual-Report-2023-24---6
2025-05-03 22:12:39,418 - INFO - Successfully fetched headers for https://www.dia.govt.nz/Annual-Report-2023-24---6 (Status: 200, Type: text/html)
2025-05-03 22:12:39,433 - INFO - [www.dia.govt.nz] Processing HTML: https://www.dia.govt.nz/Annual-Report-2023-24---6
2025-05-03 22:12:39,568 - INFO - [www.dia.govt.nz] Added 3 new unique paragraphs (32 words) from https://www.dia.govt.nz/Annual-Report-2023-24---6. Site words: 104,412. Overall words: 104,412
2025-05-03 22:12:42,583 - INFO - Attempting to fetch: https://www.dia.govt.nz/Annual-Report-2023-24---2
2025-05-03 22:12:43,718 - INFO - Successfully fetched headers for https://www.dia.govt.nz/Annual-Report-2023-24---2 (Status: 200, Type: text/html)
2025-05-03 22:12:43,733 - INFO - [www.dia.govt.nz] Processing HTML: https://www.dia.govt.nz/Annual-Report-2023-24---2
2025-05-03 22:12:44,117 - INFO - [www.dia.govt.nz] Added 251 new unique paragraphs (6572 words) from https://www.dia.govt.nz/Annual-Report-2023-24---2. Site words: 110,984. Overall words: 110,984
2025-05-03 22:12:47,121 - INFO - Attempting to fetch: https://www.dia.govt.nz/Annual-Report-2023-24---5
2025-05-03 22:12:48,186 - INFO - Successfully fetched headers for https://www.dia.govt.nz/Annual-Report-2023-24---5 (Status: 200, Type: text/html)
2025-05-03 22:12:48,188 - INFO - [www.dia.govt.nz] Processing HTML: https://www.dia.govt.nz/Annual-Report-2023-24---5
2025-05-03 22:12:48,318 - INFO - [www.dia.govt.nz] Added 4 new unique paragraphs (26 words) from https://www.dia.govt.nz/Annual-Report-2023-24---5. Site words: 111,010. Overall words: 111,010
2025-05-03 22:12:51,324 - INFO - Attempting to fetch: https://www.dia.govt.nz/Annual-Report-2023-24---8
2025-05-03 22:12:52,493 - INFO - Successfully fetched headers for https://www.dia.govt.nz/Annual-Report-2023-24---8 (Status: 200, Type: text/html)
2025-05-03 22:12:52,495 - INFO - [www.dia.govt.nz] Processing HTML: https://www.dia.govt.nz/Annual-Report-2023-24---8
2025-05-03 22:12:52,661 - INFO - [www.dia.govt.nz] Added 28 new unique paragraphs (169 words) from https://www.dia.govt.nz/Annual-Report-2023-24---8. Site words: 111,179. Overall words: 111,179
2025-05-03 22:12:55,667 - INFO - Attempting to fetch: https://www.dia.govt.nz/Annual-Report-2023-24---3
2025-05-03 22:12:56,951 - INFO - Successfully fetched headers for https://www.dia.govt.nz/Annual-Report-2023-24---3 (Status: 200, Type: text/html)
2025-05-03 22:12:56,951 - INFO - [www.dia.govt.nz] Processing HTML: https://www.dia.govt.nz/Annual-Report-2023-24---3
2025-05-03 22:12:57,267 - INFO - [www.dia.govt.nz] Added 91 new unique paragraphs (2641 words) from https://www.dia.govt.nz/Annual-Report-2023-24---3. Site words: 113,820. Overall words: 113,820
2025-05-03 22:13:00,277 - INFO - Attempting to fetch: https://www.dia.govt.nz/Annual-Report-2023-24---4
2025-05-03 22:13:01,268 - INFO - Successfully fetched headers for https://www.dia.govt.nz/Annual-Report-2023-24---4 (Status: 200, Type: text/html)
2025-05-03 22:13:01,268 - INFO - [www.dia.govt.nz] Processing HTML: https://www.dia.govt.nz/Annual-Report-2023-24---4
2025-05-03 22:13:01,417 - INFO - [www.dia.govt.nz] Added 28 new unique paragraphs (1094 words) from https://www.dia.govt.nz/Annual-Report-2023-24---4. Site words: 114,914. Overall words: 114,914
2025-05-03 22:13:04,433 - INFO - Attempting to fetch: https://www.dia.govt.nz/Annual-Report-2023-24---9
2025-05-03 22:13:05,522 - INFO - Successfully fetched headers for https://www.dia.govt.nz/Annual-Report-2023-24---9 (Status: 200, Type: text/html)
2025-05-03 22:13:05,522 - INFO - [www.dia.govt.nz] Processing HTML: https://www.dia.govt.nz/Annual-Report-2023-24---9
2025-05-03 22:13:05,695 - INFO - [www.dia.govt.nz] Added 1 new unique paragraphs (6 words) from https://www.dia.govt.nz/Annual-Report-2023-24---9. Site words: 114,920. Overall words: 114,920
2025-05-03 22:13:08,696 - INFO - Attempting to fetch: https://www.dia.govt.nz/Annual-Report-2023-24---7
2025-05-03 22:13:10,267 - INFO - Successfully fetched headers for https://www.dia.govt.nz/Annual-Report-2023-24---7 (Status: 200, Type: text/html)
2025-05-03 22:13:10,267 - INFO - [www.dia.govt.nz] Processing HTML: https://www.dia.govt.nz/Annual-Report-2023-24---7
2025-05-03 22:13:10,328 - INFO - [www.dia.govt.nz] Added 4 new unique paragraphs (37 words) from https://www.dia.govt.nz/Annual-Report-2023-24---7. Site words: 114,957. Overall words: 114,957
2025-05-03 22:13:13,330 - INFO - Attempting to fetch: https://www.dia.govt.nz/About-Internal-Affairs---Careers-with-us---Awards
2025-05-03 22:13:14,588 - INFO - Successfully fetched headers for https://www.dia.govt.nz/About-Internal-Affairs---Careers-with-us---Awards (Status: 200, Type: text/html)
2025-05-03 22:13:14,590 - INFO - [www.dia.govt.nz] Processing HTML: https://www.dia.govt.nz/About-Internal-Affairs---Careers-with-us---Awards
2025-05-03 22:13:14,817 - INFO - [www.dia.govt.nz] Added 57 new unique paragraphs (913 words) from https://www.dia.govt.nz/About-Internal-Affairs---Careers-with-us---Awards. Site words: 115,870. Overall words: 115,870
2025-05-03 22:13:17,820 - INFO - Attempting to fetch: http://www.dia.govt.nz/About-Internal-Affairs---Careers-with-us---Benefits
2025-05-03 22:13:19,335 - INFO - Successfully fetched headers for http://www.dia.govt.nz/About-Internal-Affairs---Careers-with-us---Benefits (Status: 200, Type: text/html)
2025-05-03 22:13:19,336 - INFO - [www.dia.govt.nz] Processing HTML: http://www.dia.govt.nz/About-Internal-Affairs---Careers-with-us---Benefits
2025-05-03 22:13:19,483 - INFO - [www.dia.govt.nz] Added 25 new unique paragraphs (506 words) from http://www.dia.govt.nz/About-Internal-Affairs---Careers-with-us---Benefits. Site words: 116,376. Overall words: 116,376
2025-05-03 22:13:22,484 - INFO - Attempting to fetch: https://www.dia.govt.nz/Accessibility
2025-05-03 22:13:23,401 - INFO - Successfully fetched headers for https://www.dia.govt.nz/Accessibility (Status: 200, Type: text/html)
2025-05-03 22:13:23,401 - INFO - [www.dia.govt.nz] Processing HTML: https://www.dia.govt.nz/Accessibility
2025-05-03 22:13:23,533 - INFO - [www.dia.govt.nz] Added 62 new unique paragraphs (808 words) from https://www.dia.govt.nz/Accessibility. Site words: 117,184. Overall words: 117,184
2025-05-03 22:13:26,548 - INFO - Attempting to fetch: https://www.dia.govt.nz/About-Internal-Affairs-Holidays-Act-Remediation
2025-05-03 22:13:27,869 - INFO - Successfully fetched headers for https://www.dia.govt.nz/About-Internal-Affairs-Holidays-Act-Remediation (Status: 200, Type: text/html)
2025-05-03 22:13:27,871 - INFO - [www.dia.govt.nz] Processing HTML: https://www.dia.govt.nz/About-Internal-Affairs-Holidays-Act-Remediation
2025-05-03 22:13:27,945 - INFO - [www.dia.govt.nz] Added 16 new unique paragraphs (316 words) from https://www.dia.govt.nz/About-Internal-Affairs-Holidays-Act-Remediation. Site words: 117,500. Overall words: 117,500
2025-05-03 22:13:30,947 - INFO - Attempting to fetch: https://www.dia.govt.nz/Supplying-to-the-Department-of-Internal-Affairs
2025-05-03 22:13:32,286 - INFO - Successfully fetched headers for https://www.dia.govt.nz/Supplying-to-the-Department-of-Internal-Affairs (Status: 200, Type: text/html)
2025-05-03 22:13:32,287 - INFO - [www.dia.govt.nz] Processing HTML: https://www.dia.govt.nz/Supplying-to-the-Department-of-Internal-Affairs
2025-05-03 22:13:32,376 - INFO - [www.dia.govt.nz] Added 61 new unique paragraphs (1119 words) from https://www.dia.govt.nz/Supplying-to-the-Department-of-Internal-Affairs. Site words: 118,619. Overall words: 118,619
2025-05-03 22:13:35,378 - INFO - Attempting to fetch: https://www.dia.govt.nz/About-Internal-Affairs---Our-portfolios-and-policy-advice
2025-05-03 22:13:36,285 - INFO - Successfully fetched headers for https://www.dia.govt.nz/About-Internal-Affairs---Our-portfolios-and-policy-advice (Status: 200, Type: text/html)
2025-05-03 22:13:36,287 - INFO - [www.dia.govt.nz] Processing HTML: https://www.dia.govt.nz/About-Internal-Affairs---Our-portfolios-and-policy-advice
2025-05-03 22:13:36,440 - INFO - [www.dia.govt.nz] Added 6 new unique paragraphs (39 words) from https://www.dia.govt.nz/About-Internal-Affairs---Our-portfolios-and-policy-advice. Site words: 118,658. Overall words: 118,658
2025-05-03 22:13:39,442 - INFO - Attempting to fetch: https://www.dia.govt.nz/About-Internal-Affairs---Careers-with-us---Privacy
2025-05-03 22:13:40,555 - INFO - Successfully fetched headers for https://www.dia.govt.nz/About-Internal-Affairs---Careers-with-us---Privacy (Status: 200, Type: text/html)
2025-05-03 22:13:40,555 - INFO - [www.dia.govt.nz] Processing HTML: https://www.dia.govt.nz/About-Internal-Affairs---Careers-with-us---Privacy
2025-05-03 22:13:40,719 - INFO - [www.dia.govt.nz] Added 25 new unique paragraphs (496 words) from https://www.dia.govt.nz/About-Internal-Affairs---Careers-with-us---Privacy. Site words: 119,154. Overall words: 119,154
2025-05-03 22:13:43,727 - INFO - Attempting to fetch: https://www.dia.govt.nz/GovtechTalent-Graduate-Programme
2025-05-03 22:13:45,501 - INFO - Successfully fetched headers for https://www.dia.govt.nz/GovtechTalent-Graduate-Programme (Status: 200, Type: text/html)
2025-05-03 22:13:45,503 - INFO - [www.dia.govt.nz] Processing HTML: https://www.dia.govt.nz/GovtechTalent-Graduate-Programme
2025-05-03 22:13:45,653 - INFO - [www.dia.govt.nz] Added 33 new unique paragraphs (687 words) from https://www.dia.govt.nz/GovtechTalent-Graduate-Programme. Site words: 119,841. Overall words: 119,841
2025-05-03 22:13:48,664 - INFO - Attempting to fetch: https://www.dia.govt.nz/About-Internal-Affairs---Careers-with-us---Benefits
2025-05-03 22:13:49,651 - INFO - Successfully fetched headers for https://www.dia.govt.nz/About-Internal-Affairs---Careers-with-us---Benefits (Status: 200, Type: text/html)
2025-05-03 22:13:49,651 - INFO - [www.dia.govt.nz] Processing HTML: https://www.dia.govt.nz/About-Internal-Affairs---Careers-with-us---Benefits
2025-05-03 22:13:52,824 - INFO - Attempting to fetch: https://www.dia.govt.nz/About-Internal-Affairs---Legal
2025-05-03 22:13:54,101 - INFO - Successfully fetched headers for https://www.dia.govt.nz/About-Internal-Affairs---Legal (Status: 200, Type: text/html)
2025-05-03 22:13:54,103 - INFO - [www.dia.govt.nz] Processing HTML: https://www.dia.govt.nz/About-Internal-Affairs---Legal
2025-05-03 22:13:54,197 - INFO - [www.dia.govt.nz] Added 10 new unique paragraphs (68 words) from https://www.dia.govt.nz/About-Internal-Affairs---Legal. Site words: 119,909. Overall words: 119,909
2025-05-03 22:13:57,198 - INFO - Attempting to fetch: http://www.dia.govt.nz/About-Internal-Affairs---Our-People---Our-Purpose-and-Values
2025-05-03 22:13:59,117 - INFO - Successfully fetched headers for http://www.dia.govt.nz/About-Internal-Affairs---Our-People---Our-Purpose-and-Values (Status: 200, Type: text/html)
2025-05-03 22:13:59,117 - INFO - [www.dia.govt.nz] Processing HTML: http://www.dia.govt.nz/About-Internal-Affairs---Our-People---Our-Purpose-and-Values
2025-05-03 22:14:02,257 - INFO - Attempting to fetch: https://www.dia.govt.nz/Sustainability
2025-05-03 22:14:03,439 - INFO - Successfully fetched headers for https://www.dia.govt.nz/Sustainability (Status: 200, Type: text/html)
2025-05-03 22:14:03,439 - INFO - [www.dia.govt.nz] Processing HTML: https://www.dia.govt.nz/Sustainability
2025-05-03 22:14:03,533 - INFO - [www.dia.govt.nz] Added 36 new unique paragraphs (714 words) from https://www.dia.govt.nz/Sustainability. Site words: 120,623. Overall words: 120,623
2025-05-03 22:14:06,546 - INFO - Attempting to fetch: https://www.dia.govt.nz/About-Us---Careers-with-us---Public-Sector-Finance-Graduate-Programme
2025-05-03 22:14:07,769 - INFO - Successfully fetched headers for https://www.dia.govt.nz/About-Us---Careers-with-us---Public-Sector-Finance-Graduate-Programme (Status: 200, Type: text/html)
2025-05-03 22:14:07,769 - INFO - [www.dia.govt.nz] Processing HTML: https://www.dia.govt.nz/About-Us---Careers-with-us---Public-Sector-Finance-Graduate-Programme
2025-05-03 22:14:07,933 - INFO - [www.dia.govt.nz] Added 60 new unique paragraphs (1160 words) from https://www.dia.govt.nz/About-Us---Careers-with-us---Public-Sector-Finance-Graduate-Programme. Site words: 121,783. Overall words: 121,783
2025-05-03 22:14:10,944 - INFO - Attempting to fetch: https://www.dia.govt.nz/About-Internal-Affairs---Department-structure
2025-05-03 22:14:12,200 - INFO - Successfully fetched headers for https://www.dia.govt.nz/About-Internal-Affairs---Department-structure (Status: 200, Type: text/html)
2025-05-03 22:14:12,200 - INFO - [www.dia.govt.nz] Processing HTML: https://www.dia.govt.nz/About-Internal-Affairs---Department-structure
2025-05-03 22:14:12,337 - INFO - [www.dia.govt.nz] Added 7 new unique paragraphs (139 words) from https://www.dia.govt.nz/About-Internal-Affairs---Department-structure. Site words: 121,922. Overall words: 121,922
2025-05-03 22:14:15,346 - INFO - Attempting to fetch: https://www.dia.govt.nz/About-Internal-Affairs---Careers-with-us---Summer-Intern-Programme
2025-05-03 22:14:16,262 - INFO - Successfully fetched headers for https://www.dia.govt.nz/About-Internal-Affairs---Careers-with-us---Summer-Intern-Programme (Status: 200, Type: text/html)
2025-05-03 22:14:16,263 - INFO - [www.dia.govt.nz] Processing HTML: https://www.dia.govt.nz/About-Internal-Affairs---Careers-with-us---Summer-Intern-Programme
2025-05-03 22:14:16,400 - INFO - [www.dia.govt.nz] Added 10 new unique paragraphs (174 words) from https://www.dia.govt.nz/About-Internal-Affairs---Careers-with-us---Summer-Intern-Programme. Site words: 122,096. Overall words: 122,096
2025-05-03 22:14:19,414 - INFO - Attempting to fetch: http://www.dia.govt.nz/About-Internal-Affairs---Department-structure
2025-05-03 22:14:20,901 - INFO - Successfully fetched headers for http://www.dia.govt.nz/About-Internal-Affairs---Department-structure (Status: 200, Type: text/html)
2025-05-03 22:14:20,903 - INFO - [www.dia.govt.nz] Processing HTML: http://www.dia.govt.nz/About-Internal-Affairs---Department-structure
2025-05-03 22:14:24,058 - INFO - Attempting to fetch: https://www.dia.govt.nz/Copyright
2025-05-03 22:14:25,448 - INFO - Successfully fetched headers for https://www.dia.govt.nz/Copyright (Status: 200, Type: text/html)
2025-05-03 22:14:25,448 - INFO - [www.dia.govt.nz] Processing HTML: https://www.dia.govt.nz/Copyright
2025-05-03 22:14:28,609 - INFO - Attempting to fetch: http://www.dia.govt.nz/Copyright
2025-05-03 22:14:30,390 - INFO - Successfully fetched headers for http://www.dia.govt.nz/Copyright (Status: 200, Type: text/html)
2025-05-03 22:14:30,390 - INFO - [www.dia.govt.nz] Processing HTML: http://www.dia.govt.nz/Copyright
2025-05-03 22:14:33,573 - INFO - Attempting to fetch: http://www.dia.govt.nz/About-this-site
2025-05-03 22:14:35,251 - INFO - Successfully fetched headers for http://www.dia.govt.nz/About-this-site (Status: 200, Type: text/html)
2025-05-03 22:14:35,254 - INFO - [www.dia.govt.nz] Processing HTML: http://www.dia.govt.nz/About-this-site
2025-05-03 22:14:38,462 - INFO - Attempting to fetch: http://www.dia.govt.nz/Legal-Disclaimer-Index
2025-05-03 22:14:42,816 - INFO - Successfully fetched headers for http://www.dia.govt.nz/Legal-Disclaimer-Index (Status: 200, Type: text/html)
2025-05-03 22:14:42,816 - INFO - [www.dia.govt.nz] Processing HTML: http://www.dia.govt.nz/Legal-Disclaimer-Index
2025-05-03 22:14:42,853 - INFO - [www.dia.govt.nz] No new paragraphs extracted or passed cleaning for http://www.dia.govt.nz/Legal-Disclaimer-Index
2025-05-03 22:14:45,856 - INFO - Attempting to fetch: http://www.dia.govt.nz/Prosecution-Policy
2025-05-03 22:14:47,466 - INFO - Successfully fetched headers for http://www.dia.govt.nz/Prosecution-Policy (Status: 200, Type: text/html)
2025-05-03 22:14:47,466 - INFO - [www.dia.govt.nz] Processing HTML: http://www.dia.govt.nz/Prosecution-Policy
2025-05-03 22:14:47,649 - INFO - [www.dia.govt.nz] Added 76 new unique paragraphs (1809 words) from http://www.dia.govt.nz/Prosecution-Policy. Site words: 123,905. Overall words: 123,905
2025-05-03 22:14:50,662 - INFO - Attempting to fetch: http://www.dia.govt.nz/Legal-Privacy-Index
2025-05-03 22:14:52,466 - INFO - Successfully fetched headers for http://www.dia.govt.nz/Legal-Privacy-Index (Status: 200, Type: text/html)
2025-05-03 22:14:52,467 - INFO - [www.dia.govt.nz] Processing HTML: http://www.dia.govt.nz/Legal-Privacy-Index
2025-05-03 22:14:52,599 - INFO - [www.dia.govt.nz] No new paragraphs extracted or passed cleaning for http://www.dia.govt.nz/Legal-Privacy-Index
2025-05-03 22:14:55,607 - INFO - Attempting to fetch: http://www.dia.govt.nz/diawebsite.nsf/wpg_URL/Legal-Complaints-Procedure-Index
2025-05-03 22:14:59,966 - INFO - Successfully fetched headers for http://www.dia.govt.nz/diawebsite.nsf/wpg_URL/Legal-Complaints-Procedure-Index (Status: 200, Type: text/html)
2025-05-03 22:14:59,966 - INFO - [www.dia.govt.nz] Processing HTML: http://www.dia.govt.nz/diawebsite.nsf/wpg_URL/Legal-Complaints-Procedure-Index
2025-05-03 22:15:00,028 - INFO - [www.dia.govt.nz] No new paragraphs extracted or passed cleaning for http://www.dia.govt.nz/diawebsite.nsf/wpg_URL/Legal-Complaints-Procedure-Index
2025-05-03 22:15:03,030 - INFO - Attempting to fetch: https://www.dia.govt.nz/Diversity-Equity-and-Inclusion
2025-05-03 22:15:04,265 - INFO - Successfully fetched headers for https://www.dia.govt.nz/Diversity-Equity-and-Inclusion (Status: 200, Type: text/html)
2025-05-03 22:15:04,268 - INFO - [www.dia.govt.nz] Processing HTML: https://www.dia.govt.nz/Diversity-Equity-and-Inclusion
2025-05-03 22:15:04,536 - INFO - [www.dia.govt.nz] Added 85 new unique paragraphs (2395 words) from https://www.dia.govt.nz/Diversity-Equity-and-Inclusion. Site words: 126,300. Overall words: 126,300
2025-05-03 22:15:07,538 - INFO - Attempting to fetch: https://www.dia.govt.nz/Customer-Experience-Survey
2025-05-03 22:15:08,656 - INFO - Successfully fetched headers for https://www.dia.govt.nz/Customer-Experience-Survey (Status: 200, Type: text/html)
2025-05-03 22:15:08,656 - INFO - [www.dia.govt.nz] Processing HTML: https://www.dia.govt.nz/Customer-Experience-Survey
2025-05-03 22:15:08,815 - INFO - [www.dia.govt.nz] Added 25 new unique paragraphs (244 words) from https://www.dia.govt.nz/Customer-Experience-Survey. Site words: 126,544. Overall words: 126,544
2025-05-03 22:15:11,828 - INFO - Attempting to fetch: http://www.dia.govt.nz/Supplying-to-the-Department-of-Internal-Affairs
2025-05-03 22:15:13,349 - INFO - Successfully fetched headers for http://www.dia.govt.nz/Supplying-to-the-Department-of-Internal-Affairs (Status: 200, Type: text/html)
2025-05-03 22:15:13,349 - INFO - [www.dia.govt.nz] Processing HTML: http://www.dia.govt.nz/Supplying-to-the-Department-of-Internal-Affairs
2025-05-03 22:15:16,528 - INFO - Attempting to fetch: http://www.dia.govt.nz/About-Internal-Affairs---Our-people---Maori-Strategic-Framework
2025-05-03 22:15:18,449 - INFO - Successfully fetched headers for http://www.dia.govt.nz/About-Internal-Affairs---Our-people---Maori-Strategic-Framework (Status: 200, Type: text/html)
2025-05-03 22:15:18,449 - INFO - [www.dia.govt.nz] Processing HTML: http://www.dia.govt.nz/About-Internal-Affairs---Our-people---Maori-Strategic-Framework
2025-05-03 22:15:18,565 - INFO - [www.dia.govt.nz] Added 13 new unique paragraphs (142 words) from http://www.dia.govt.nz/About-Internal-Affairs---Our-people---Maori-Strategic-Framework. Site words: 126,686. Overall words: 126,686
2025-05-03 22:15:21,578 - INFO - Attempting to fetch: http://www.dia.govt.nz/Logos
2025-05-03 22:15:23,215 - INFO - Successfully fetched headers for http://www.dia.govt.nz/Logos (Status: 200, Type: text/html)
2025-05-03 22:15:23,215 - INFO - [www.dia.govt.nz] Processing HTML: http://www.dia.govt.nz/Logos
2025-05-03 22:15:26,387 - INFO - Attempting to fetch: https://www.dia.govt.nz/Gender-Pay-Gap-Action-Plan
2025-05-03 22:15:27,499 - INFO - Successfully fetched headers for https://www.dia.govt.nz/Gender-Pay-Gap-Action-Plan (Status: 200, Type: text/html)
2025-05-03 22:15:27,513 - INFO - [www.dia.govt.nz] Processing HTML: https://www.dia.govt.nz/Gender-Pay-Gap-Action-Plan
2025-05-03 22:15:27,665 - INFO - [www.dia.govt.nz] Added 8 new unique paragraphs (81 words) from https://www.dia.govt.nz/Gender-Pay-Gap-Action-Plan. Site words: 126,767. Overall words: 126,767
2025-05-03 22:15:30,676 - INFO - Attempting to fetch: http://www.dia.govt.nz/About-Internal-Affairs---Legal
2025-05-03 22:15:32,631 - INFO - Successfully fetched headers for http://www.dia.govt.nz/About-Internal-Affairs---Legal (Status: 200, Type: text/html)
2025-05-03 22:15:32,631 - INFO - [www.dia.govt.nz] Processing HTML: http://www.dia.govt.nz/About-Internal-Affairs---Legal
2025-05-03 22:15:35,771 - INFO - Attempting to fetch: https://www.dia.govt.nz/About-Internal-Affairs---Our-portfolios---Legislation
2025-05-03 22:15:37,232 - INFO - Successfully fetched headers for https://www.dia.govt.nz/About-Internal-Affairs---Our-portfolios---Legislation (Status: 200, Type: text/html)
2025-05-03 22:15:37,232 - INFO - [www.dia.govt.nz] Processing HTML: https://www.dia.govt.nz/About-Internal-Affairs---Our-portfolios---Legislation
2025-05-03 22:15:37,504 - INFO - [www.dia.govt.nz] Added 162 new unique paragraphs (1383 words) from https://www.dia.govt.nz/About-Internal-Affairs---Our-portfolios---Legislation. Site words: 128,150. Overall words: 128,150
2025-05-03 22:15:40,512 - INFO - Attempting to fetch: https://www.dia.govt.nz/Resource-material-Dog-Control-Index
2025-05-03 22:15:42,149 - INFO - Successfully fetched headers for https://www.dia.govt.nz/Resource-material-Dog-Control-Index (Status: 200, Type: text/html)
2025-05-03 22:15:42,149 - INFO - [www.dia.govt.nz] Processing HTML: https://www.dia.govt.nz/Resource-material-Dog-Control-Index
2025-05-03 22:15:42,223 - INFO - [www.dia.govt.nz] Added 20 new unique paragraphs (333 words) from https://www.dia.govt.nz/Resource-material-Dog-Control-Index. Site words: 128,483. Overall words: 128,483
2025-05-03 22:15:45,233 - INFO - Attempting to fetch: https://www.dia.govt.nz/Services-Other-Services-Administration-of-Offshore-Islands
2025-05-03 22:15:47,948 - INFO - Successfully fetched headers for https://www.dia.govt.nz/Services-Other-Services-Administration-of-Offshore-Islands (Status: 200, Type: text/html)
2025-05-03 22:15:47,948 - INFO - [www.dia.govt.nz] Processing HTML: https://www.dia.govt.nz/Services-Other-Services-Administration-of-Offshore-Islands
2025-05-03 22:15:48,098 - INFO - [www.dia.govt.nz] No new paragraphs extracted or passed cleaning for https://www.dia.govt.nz/Services-Other-Services-Administration-of-Offshore-Islands
2025-05-03 22:15:51,113 - INFO - Attempting to fetch: https://www.dia.govt.nz/Services-Translation-Index
2025-05-03 22:15:52,715 - INFO - Successfully fetched headers for https://www.dia.govt.nz/Services-Translation-Index (Status: 200, Type: text/html)
2025-05-03 22:15:52,730 - INFO - [www.dia.govt.nz] Processing HTML: https://www.dia.govt.nz/Services-Translation-Index
2025-05-03 22:15:52,778 - INFO - [www.dia.govt.nz] Added 16 new unique paragraphs (229 words) from https://www.dia.govt.nz/Services-Translation-Index. Site words: 128,712. Overall words: 128,712
2025-05-03 22:15:55,781 - INFO - Attempting to fetch: https://www.dia.govt.nz/Services-Other-Services-Flag-Hire-Service
2025-05-03 22:15:58,659 - INFO - Successfully fetched headers for https://www.dia.govt.nz/Services-Other-Services-Flag-Hire-Service (Status: 200, Type: text/html)
2025-05-03 22:15:58,666 - INFO - [www.dia.govt.nz] Processing HTML: https://www.dia.govt.nz/Services-Other-Services-Flag-Hire-Service
2025-05-03 22:15:58,832 - INFO - [www.dia.govt.nz] No new paragraphs extracted or passed cleaning for https://www.dia.govt.nz/Services-Other-Services-Flag-Hire-Service
2025-05-03 22:16:01,835 - INFO - Attempting to fetch: https://www.dia.govt.nz/Decommissioned-websites---Dog-Safety-website
2025-05-03 22:16:02,931 - INFO - Successfully fetched headers for https://www.dia.govt.nz/Decommissioned-websites---Dog-Safety-website (Status: 200, Type: text/html)
2025-05-03 22:16:02,931 - INFO - [www.dia.govt.nz] Processing HTML: https://www.dia.govt.nz/Decommissioned-websites---Dog-Safety-website
2025-05-03 22:16:02,993 - INFO - [www.dia.govt.nz] Added 14 new unique paragraphs (199 words) from https://www.dia.govt.nz/Decommissioned-websites---Dog-Safety-website. Site words: 128,911. Overall words: 128,911
2025-05-03 22:16:05,994 - INFO - Attempting to fetch: https://www.dia.govt.nz/Identity---What-is-identity-theft
2025-05-03 22:16:07,220 - INFO - Successfully fetched headers for https://www.dia.govt.nz/Identity---What-is-identity-theft (Status: 200, Type: text/html)
2025-05-03 22:16:07,220 - INFO - [www.dia.govt.nz] Processing HTML: https://www.dia.govt.nz/Identity---What-is-identity-theft
2025-05-03 22:16:07,348 - INFO - [www.dia.govt.nz] Added 11 new unique paragraphs (369 words) from https://www.dia.govt.nz/Identity---What-is-identity-theft. Site words: 129,280. Overall words: 129,280
2025-05-03 22:16:10,362 - INFO - Attempting to fetch: https://www.dia.govt.nz/Services-Rates-Rebate-Scheme-Index
2025-05-03 22:16:12,965 - INFO - Successfully fetched headers for https://www.dia.govt.nz/Services-Rates-Rebate-Scheme-Index (Status: 200, Type: text/html; charset=utf-8)
2025-05-03 22:16:12,965 - INFO - [www.dia.govt.nz] Processing HTML: https://www.dia.govt.nz/Services-Rates-Rebate-Scheme-Index
2025-05-03 22:16:13,131 - INFO - [www.dia.govt.nz] Added 8 new unique paragraphs (149 words) from https://www.dia.govt.nz/Services-Rates-Rebate-Scheme-Index. Site words: 129,429. Overall words: 129,429
2025-05-03 22:16:16,140 - INFO - Attempting to fetch: https://www.dia.govt.nz/Use-of-Royal-Arms-Names-and-Images
2025-05-03 22:16:17,410 - INFO - Successfully fetched headers for https://www.dia.govt.nz/Use-of-Royal-Arms-Names-and-Images (Status: 200, Type: text/html)
2025-05-03 22:16:17,410 - INFO - [www.dia.govt.nz] Processing HTML: https://www.dia.govt.nz/Use-of-Royal-Arms-Names-and-Images
2025-05-03 22:16:17,564 - INFO - [www.dia.govt.nz] Added 5 new unique paragraphs (140 words) from https://www.dia.govt.nz/Use-of-Royal-Arms-Names-and-Images. Site words: 129,569. Overall words: 129,569
2025-05-03 22:16:20,574 - INFO - Attempting to fetch: http://www.dia.govt.nz/harbourmaster
2025-05-03 22:16:22,539 - INFO - Successfully fetched headers for http://www.dia.govt.nz/harbourmaster (Status: 200, Type: text/html)
2025-05-03 22:16:22,547 - INFO - [www.dia.govt.nz] Processing HTML: http://www.dia.govt.nz/harbourmaster
2025-05-03 22:16:25,662 - INFO - Attempting to fetch: https://www.dia.govt.nz/Trust-Framework
2025-05-03 22:16:27,014 - INFO - Successfully fetched headers for https://www.dia.govt.nz/Trust-Framework (Status: 200, Type: text/html)
2025-05-03 22:16:27,014 - INFO - [www.dia.govt.nz] Processing HTML: https://www.dia.govt.nz/Trust-Framework
2025-05-03 22:16:30,072 - INFO - Attempting to fetch: https://www.dia.govt.nz/Anti-money-laundering-and-countering-financing-of-terrorism
2025-05-03 22:16:31,531 - INFO - Successfully fetched headers for https://www.dia.govt.nz/Anti-money-laundering-and-countering-financing-of-terrorism (Status: 200, Type: text/html)
2025-05-03 22:16:31,548 - INFO - [www.dia.govt.nz] Processing HTML: https://www.dia.govt.nz/Anti-money-laundering-and-countering-financing-of-terrorism
2025-05-03 22:16:34,585 - INFO - Attempting to fetch: https://www.dia.govt.nz/Services-Complaints-Investigation-and-Prosecution-Unit-Index
2025-05-03 22:16:36,782 - INFO - Successfully fetched headers for https://www.dia.govt.nz/Services-Complaints-Investigation-and-Prosecution-Unit-Index (Status: 200, Type: text/html)
2025-05-03 22:16:36,785 - INFO - [www.dia.govt.nz] Processing HTML: https://www.dia.govt.nz/Services-Complaints-Investigation-and-Prosecution-Unit-Index
2025-05-03 22:16:37,014 - INFO - [www.dia.govt.nz] Added 15 new unique paragraphs (172 words) from https://www.dia.govt.nz/Services-Complaints-Investigation-and-Prosecution-Unit-Index. Site words: 129,741. Overall words: 129,741
2025-05-03 22:16:40,016 - INFO - Attempting to fetch: https://www.dia.govt.nz/Spam
2025-05-03 22:16:41,248 - INFO - Successfully fetched headers for https://www.dia.govt.nz/Spam (Status: 200, Type: text/html)
2025-05-03 22:16:41,248 - INFO - [www.dia.govt.nz] Processing HTML: https://www.dia.govt.nz/Spam
2025-05-03 22:16:41,365 - INFO - [www.dia.govt.nz] Added 12 new unique paragraphs (114 words) from https://www.dia.govt.nz/Spam. Site words: 129,855. Overall words: 129,855
2025-05-03 22:16:44,371 - INFO - Attempting to fetch: https://www.dia.govt.nz/digital-safety-downloadable-resources
2025-05-03 22:16:45,598 - INFO - Successfully fetched headers for https://www.dia.govt.nz/digital-safety-downloadable-resources (Status: 200, Type: text/html)
2025-05-03 22:16:45,598 - INFO - [www.dia.govt.nz] Processing HTML: https://www.dia.govt.nz/digital-safety-downloadable-resources
2025-05-03 22:16:45,797 - INFO - [www.dia.govt.nz] Added 35 new unique paragraphs (255 words) from https://www.dia.govt.nz/digital-safety-downloadable-resources. Site words: 130,110. Overall words: 130,110
2025-05-03 22:16:48,814 - INFO - Attempting to fetch: https://www.dia.govt.nz/Classification-in-New-Zealand
2025-05-03 22:16:50,248 - INFO - Successfully fetched headers for https://www.dia.govt.nz/Classification-in-New-Zealand (Status: 200, Type: text/html)
2025-05-03 22:16:50,251 - INFO - [www.dia.govt.nz] Processing HTML: https://www.dia.govt.nz/Classification-in-New-Zealand
2025-05-03 22:16:50,301 - INFO - [www.dia.govt.nz] Added 17 new unique paragraphs (110 words) from https://www.dia.govt.nz/Classification-in-New-Zealand. Site words: 130,220. Overall words: 130,220
2025-05-03 22:16:53,305 - INFO - Attempting to fetch: https://www.dia.govt.nz/digital-safety-press-releases
2025-05-03 22:16:54,514 - INFO - Successfully fetched headers for https://www.dia.govt.nz/digital-safety-press-releases (Status: 200, Type: text/html)
2025-05-03 22:16:54,514 - INFO - [www.dia.govt.nz] Processing HTML: https://www.dia.govt.nz/digital-safety-press-releases
2025-05-03 22:16:54,736 - INFO - [www.dia.govt.nz] Added 178 new unique paragraphs (1573 words) from https://www.dia.govt.nz/digital-safety-press-releases. Site words: 131,793. Overall words: 131,793
2025-05-03 22:16:57,752 - INFO - Attempting to fetch: https://www.dia.govt.nz/About-the-Digital-Safety-Group
2025-05-03 22:16:59,081 - INFO - Successfully fetched headers for https://www.dia.govt.nz/About-the-Digital-Safety-Group (Status: 200, Type: text/html)
2025-05-03 22:16:59,084 - INFO - [www.dia.govt.nz] Processing HTML: https://www.dia.govt.nz/About-the-Digital-Safety-Group
2025-05-03 22:16:59,148 - INFO - [www.dia.govt.nz] Added 27 new unique paragraphs (483 words) from https://www.dia.govt.nz/About-the-Digital-Safety-Group. Site words: 132,276. Overall words: 132,276
2025-05-03 22:17:02,151 - INFO - Attempting to fetch: https://www.dia.govt.nz/press.nsf/d77da9b523f12931cc256ac5000d19b6/6d29f08cf08eb8bbcc25897300745d03!OpenDocument
2025-05-03 22:17:03,499 - INFO - Successfully fetched headers for https://www.dia.govt.nz/press.nsf/d77da9b523f12931cc256ac5000d19b6/6d29f08cf08eb8bbcc25897300745d03!OpenDocument (Status: 200, Type: text/html)
2025-05-03 22:17:03,503 - INFO - [www.dia.govt.nz] Processing HTML: https://www.dia.govt.nz/press.nsf/d77da9b523f12931cc256ac5000d19b6/6d29f08cf08eb8bbcc25897300745d03!OpenDocument
2025-05-03 22:17:03,550 - INFO - [www.dia.govt.nz] No new paragraphs extracted or passed cleaning for https://www.dia.govt.nz/press.nsf/d77da9b523f12931cc256ac5000d19b6/6d29f08cf08eb8bbcc25897300745d03!OpenDocument
2025-05-03 22:17:06,552 - INFO - Attempting to fetch: https://www.dia.govt.nz/press.nsf/d77da9b523f12931cc256ac5000d19b6/e13df659ed765a7bcc258ac8006ed793!OpenDocument
2025-05-03 22:17:07,983 - INFO - Successfully fetched headers for https://www.dia.govt.nz/press.nsf/d77da9b523f12931cc256ac5000d19b6/e13df659ed765a7bcc258ac8006ed793!OpenDocument (Status: 200, Type: text/html)
2025-05-03 22:17:07,984 - INFO - [www.dia.govt.nz] Processing HTML: https://www.dia.govt.nz/press.nsf/d77da9b523f12931cc256ac5000d19b6/e13df659ed765a7bcc258ac8006ed793!OpenDocument
2025-05-03 22:17:08,163 - INFO - [www.dia.govt.nz] No new paragraphs extracted or passed cleaning for https://www.dia.govt.nz/press.nsf/d77da9b523f12931cc256ac5000d19b6/e13df659ed765a7bcc258ac8006ed793!OpenDocument
2025-05-03 22:17:11,166 - INFO - Attempting to fetch: https://www.dia.govt.nz/Online-Safety
2025-05-03 22:17:12,213 - INFO - Successfully fetched headers for https://www.dia.govt.nz/Online-Safety (Status: 200, Type: text/html)
2025-05-03 22:17:12,215 - INFO - [www.dia.govt.nz] Processing HTML: https://www.dia.govt.nz/Online-Safety
2025-05-03 22:17:12,348 - INFO - [www.dia.govt.nz] Added 21 new unique paragraphs (169 words) from https://www.dia.govt.nz/Online-Safety. Site words: 132,445. Overall words: 132,445
2025-05-03 22:17:15,350 - INFO - Attempting to fetch: https://www.dia.govt.nz/digital-child-exploitation
2025-05-03 22:17:17,097 - INFO - Successfully fetched headers for https://www.dia.govt.nz/digital-child-exploitation (Status: 200, Type: text/html)
2025-05-03 22:17:17,097 - INFO - [www.dia.govt.nz] Processing HTML: https://www.dia.govt.nz/digital-child-exploitation
2025-05-03 22:17:17,247 - INFO - [www.dia.govt.nz] Added 13 new unique paragraphs (142 words) from https://www.dia.govt.nz/digital-child-exploitation. Site words: 132,587. Overall words: 132,587
2025-05-03 22:17:20,264 - INFO - Attempting to fetch: https://www.dia.govt.nz/press.nsf/d77da9b523f12931cc256ac5000d19b6/46634c63107611cacc258c66007849c9!OpenDocument
2025-05-03 22:17:21,788 - INFO - Successfully fetched headers for https://www.dia.govt.nz/press.nsf/d77da9b523f12931cc256ac5000d19b6/46634c63107611cacc258c66007849c9!OpenDocument (Status: 200, Type: text/html)
2025-05-03 22:17:21,790 - INFO - [www.dia.govt.nz] Processing HTML: https://www.dia.govt.nz/press.nsf/d77da9b523f12931cc256ac5000d19b6/46634c63107611cacc258c66007849c9!OpenDocument
2025-05-03 22:17:21,825 - INFO - [www.dia.govt.nz] No new paragraphs extracted or passed cleaning for https://www.dia.govt.nz/press.nsf/d77da9b523f12931cc256ac5000d19b6/46634c63107611cacc258c66007849c9!OpenDocument
2025-05-03 22:17:24,827 - INFO - Attempting to fetch: https://www.dia.govt.nz/Digital-Safety-Report-harmful-online-content
2025-05-03 22:17:26,114 - INFO - Successfully fetched headers for https://www.dia.govt.nz/Digital-Safety-Report-harmful-online-content (Status: 200, Type: text/html)
2025-05-03 22:17:26,114 - INFO - [www.dia.govt.nz] Processing HTML: https://www.dia.govt.nz/Digital-Safety-Report-harmful-online-content
2025-05-03 22:17:26,180 - INFO - [www.dia.govt.nz] Added 6 new unique paragraphs (55 words) from https://www.dia.govt.nz/Digital-Safety-Report-harmful-online-content. Site words: 132,642. Overall words: 132,642
2025-05-03 22:17:29,183 - INFO - Attempting to fetch: https://www.dia.govt.nz/Countering-Violent-Extremism-Online
2025-05-03 22:17:30,913 - INFO - Successfully fetched headers for https://www.dia.govt.nz/Countering-Violent-Extremism-Online (Status: 200, Type: text/html)
2025-05-03 22:17:30,913 - INFO - [www.dia.govt.nz] Processing HTML: https://www.dia.govt.nz/Countering-Violent-Extremism-Online
2025-05-03 22:17:31,071 - INFO - [www.dia.govt.nz] Added 9 new unique paragraphs (108 words) from https://www.dia.govt.nz/Countering-Violent-Extremism-Online. Site words: 132,750. Overall words: 132,750
2025-05-03 22:17:34,074 - INFO - Attempting to fetch: https://www.dia.govt.nz/Digital-Safety-Classification-Guidance-for-online-content-hosts
2025-05-03 22:17:35,250 - INFO - Successfully fetched headers for https://www.dia.govt.nz/Digital-Safety-Classification-Guidance-for-online-content-hosts (Status: 200, Type: text/html)
2025-05-03 22:17:35,252 - INFO - [www.dia.govt.nz] Processing HTML: https://www.dia.govt.nz/Digital-Safety-Classification-Guidance-for-online-content-hosts
2025-05-03 22:17:35,397 - INFO - [www.dia.govt.nz] Added 31 new unique paragraphs (938 words) from https://www.dia.govt.nz/Digital-Safety-Classification-Guidance-for-online-content-hosts. Site words: 133,688. Overall words: 133,688
2025-05-03 22:17:38,411 - INFO - Attempting to fetch: https://www.dia.govt.nz/Spam-Report-Spam
2025-05-03 22:17:39,548 - INFO - Successfully fetched headers for https://www.dia.govt.nz/Spam-Report-Spam (Status: 200, Type: text/html)
2025-05-03 22:17:39,550 - INFO - [www.dia.govt.nz] Processing HTML: https://www.dia.govt.nz/Spam-Report-Spam
2025-05-03 22:17:39,602 - INFO - [www.dia.govt.nz] Added 12 new unique paragraphs (131 words) from https://www.dia.govt.nz/Spam-Report-Spam. Site words: 133,819. Overall words: 133,819
2025-05-03 22:17:42,603 - INFO - Attempting to fetch: https://www.dia.govt.nz/diawebsite.nsf/Files/2024-28-DIA-Strategic-Intentions/$file/2024-2028-Internal-Affairs-Strategic-Intentions.pdf
2025-05-03 22:17:43,802 - INFO - Successfully fetched headers for https://www.dia.govt.nz/diawebsite.nsf/Files/2024-28-DIA-Strategic-Intentions/$file/2024-2028-Internal-Affairs-Strategic-Intentions.pdf (Status: 200, Type: application/pdf)
2025-05-03 22:17:43,804 - INFO - [www.dia.govt.nz] Processing PDF: https://www.dia.govt.nz/diawebsite.nsf/Files/2024-28-DIA-Strategic-Intentions/$file/2024-2028-Internal-Affairs-Strategic-Intentions.pdf
2025-05-03 22:17:53,150 - INFO - Attempted text extraction from PDF (40 pages)
2025-05-03 22:17:53,150 - INFO - [www.dia.govt.nz] Added 10 new unique paragraphs (10112 words) from https://www.dia.govt.nz/diawebsite.nsf/Files/2024-28-DIA-Strategic-Intentions/$file/2024-2028-Internal-Affairs-Strategic-Intentions.pdf. Site words: 143,931. Overall words: 143,931
2025-05-03 22:17:56,167 - INFO - Attempting to fetch: https://www.dia.govt.nz/diawebsite.nsf/Files/DIA-Annual-Report-2021/$file/Strategic-Intentions-2021-2025.pdf
2025-05-03 22:17:57,568 - INFO - Successfully fetched headers for https://www.dia.govt.nz/diawebsite.nsf/Files/DIA-Annual-Report-2021/$file/Strategic-Intentions-2021-2025.pdf (Status: 200, Type: application/pdf)
2025-05-03 22:17:57,568 - INFO - [www.dia.govt.nz] Processing PDF: https://www.dia.govt.nz/diawebsite.nsf/Files/DIA-Annual-Report-2021/$file/Strategic-Intentions-2021-2025.pdf
2025-05-03 22:18:01,334 - INFO - Attempted text extraction from PDF (56 pages)
2025-05-03 22:18:01,343 - INFO - [www.dia.govt.nz] Added 39 new unique paragraphs (15333 words) from https://www.dia.govt.nz/diawebsite.nsf/Files/DIA-Annual-Report-2021/$file/Strategic-Intentions-2021-2025.pdf. Site words: 159,264. Overall words: 159,264
2025-05-03 22:18:04,345 - INFO - Attempting to fetch: https://www.dia.govt.nz/diawebsite.nsf/wpg_URL/Resource-material-Corporate-Publications-Statements-of-Intent?OpenDocument
2025-05-03 22:18:06,801 - INFO - Successfully fetched headers for https://www.dia.govt.nz/diawebsite.nsf/wpg_URL/Resource-material-Corporate-Publications-Statements-of-Intent?OpenDocument (Status: 200, Type: text/html)
2025-05-03 22:18:06,803 - INFO - [www.dia.govt.nz] Processing HTML: https://www.dia.govt.nz/diawebsite.nsf/wpg_URL/Resource-material-Corporate-Publications-Statements-of-Intent?OpenDocument
2025-05-03 22:18:06,837 - INFO - [www.dia.govt.nz] No new paragraphs extracted or passed cleaning for https://www.dia.govt.nz/diawebsite.nsf/wpg_URL/Resource-material-Corporate-Publications-Statements-of-Intent?OpenDocument
2025-05-03 22:18:09,844 - INFO - Attempting to fetch: https://www.dia.govt.nz/diawebsite.nsf/Files/Annual-Report-2019/$file/Strategic-Intentions-2019.pdf
2025-05-03 22:18:11,404 - INFO - Successfully fetched headers for https://www.dia.govt.nz/diawebsite.nsf/Files/Annual-Report-2019/$file/Strategic-Intentions-2019.pdf (Status: 200, Type: application/pdf)
2025-05-03 22:18:11,406 - INFO - [www.dia.govt.nz] Processing PDF: https://www.dia.govt.nz/diawebsite.nsf/Files/Annual-Report-2019/$file/Strategic-Intentions-2019.pdf
2025-05-03 22:18:14,013 - INFO - Attempted text extraction from PDF (32 pages)
2025-05-03 22:18:14,013 - INFO - [www.dia.govt.nz] Added 6 new unique paragraphs (11228 words) from https://www.dia.govt.nz/diawebsite.nsf/Files/Annual-Report-2019/$file/Strategic-Intentions-2019.pdf. Site words: 170,492. Overall words: 170,492
2025-05-03 22:18:17,030 - INFO - Attempting to fetch: https://www.dia.govt.nz/Resource-material-Our-Policy-Advice-Areas-Local-Government-Policy
2025-05-03 22:18:19,449 - INFO - Successfully fetched headers for https://www.dia.govt.nz/Resource-material-Our-Policy-Advice-Areas-Local-Government-Policy (Status: 200, Type: text/html)
2025-05-03 22:18:19,451 - INFO - [www.dia.govt.nz] Processing HTML: https://www.dia.govt.nz/Resource-material-Our-Policy-Advice-Areas-Local-Government-Policy
2025-05-03 22:18:19,779 - INFO - [www.dia.govt.nz] No new paragraphs extracted or passed cleaning for https://www.dia.govt.nz/Resource-material-Our-Policy-Advice-Areas-Local-Government-Policy
2025-05-03 22:18:22,781 - INFO - Attempting to fetch: https://www.dia.govt.nz/About-Internal-Affairs---Ministers-and-governance---Statutory-Bodies
2025-05-03 22:18:23,895 - INFO - Successfully fetched headers for https://www.dia.govt.nz/About-Internal-Affairs---Ministers-and-governance---Statutory-Bodies (Status: 200, Type: text/html)
2025-05-03 22:18:23,896 - INFO - [www.dia.govt.nz] Processing HTML: https://www.dia.govt.nz/About-Internal-Affairs---Ministers-and-governance---Statutory-Bodies
2025-05-03 22:18:24,045 - INFO - [www.dia.govt.nz] Added 49 new unique paragraphs (296 words) from https://www.dia.govt.nz/About-Internal-Affairs---Ministers-and-governance---Statutory-Bodies. Site words: 170,788. Overall words: 170,788
2025-05-03 22:18:27,060 - INFO - Attempting to fetch: https://www.dia.govt.nz/Agency-Film-and-Literature-Board-of-Review-Index
2025-05-03 22:18:28,878 - INFO - Successfully fetched headers for https://www.dia.govt.nz/Agency-Film-and-Literature-Board-of-Review-Index (Status: 200, Type: text/html)
2025-05-03 22:18:28,880 - INFO - [www.dia.govt.nz] Processing HTML: https://www.dia.govt.nz/Agency-Film-and-Literature-Board-of-Review-Index
2025-05-03 22:18:29,082 - INFO - [www.dia.govt.nz] No new paragraphs extracted or passed cleaning for https://www.dia.govt.nz/Agency-Film-and-Literature-Board-of-Review-Index
2025-05-03 22:18:32,084 - INFO - Attempting to fetch: https://www.dia.govt.nz/About-Internal-Affairs---Department-structure---Timeline
2025-05-03 22:18:33,345 - INFO - Successfully fetched headers for https://www.dia.govt.nz/About-Internal-Affairs---Department-structure---Timeline (Status: 200, Type: text/html)
2025-05-03 22:18:33,345 - INFO - [www.dia.govt.nz] Processing HTML: https://www.dia.govt.nz/About-Internal-Affairs---Department-structure---Timeline
2025-05-03 22:18:33,546 - INFO - [www.dia.govt.nz] Added 35 new unique paragraphs (215 words) from https://www.dia.govt.nz/About-Internal-Affairs---Department-structure---Timeline. Site words: 171,003. Overall words: 171,003
2025-05-03 22:18:36,557 - INFO - Attempting to fetch: http://www.dia.govt.nz/Gambling
2025-05-03 22:18:38,646 - INFO - Successfully fetched headers for http://www.dia.govt.nz/Gambling (Status: 200, Type: text/html)
2025-05-03 22:18:38,648 - INFO - [www.dia.govt.nz] Processing HTML: http://www.dia.govt.nz/Gambling
2025-05-03 22:18:41,806 - INFO - Attempting to fetch: http://www.dia.govt.nz/Services-Translation-Index
2025-05-03 22:18:43,963 - INFO - Successfully fetched headers for http://www.dia.govt.nz/Services-Translation-Index (Status: 200, Type: text/html)
2025-05-03 22:18:43,963 - INFO - [www.dia.govt.nz] Processing HTML: http://www.dia.govt.nz/Services-Translation-Index
2025-05-03 22:18:47,132 - INFO - Attempting to fetch: https://www.dia.govt.nz/Resource-material-Our-Policy-Advice-Areas-Racing-Policy
2025-05-03 22:18:49,582 - INFO - Successfully fetched headers for https://www.dia.govt.nz/Resource-material-Our-Policy-Advice-Areas-Racing-Policy (Status: 200, Type: text/html)
2025-05-03 22:18:49,584 - INFO - [www.dia.govt.nz] Processing HTML: https://www.dia.govt.nz/Resource-material-Our-Policy-Advice-Areas-Racing-Policy
2025-05-03 22:18:49,929 - INFO - [www.dia.govt.nz] No new paragraphs extracted or passed cleaning for https://www.dia.govt.nz/Resource-material-Our-Policy-Advice-Areas-Racing-Policy
2025-05-03 22:18:52,945 - INFO - Attempting to fetch: https://www.dia.govt.nz/Resource-material-Our-Policy-Advice-Areas-Gambling-Policy
2025-05-03 22:18:54,363 - INFO - Successfully fetched headers for https://www.dia.govt.nz/Resource-material-Our-Policy-Advice-Areas-Gambling-Policy (Status: 200, Type: text/html)
2025-05-03 22:18:54,363 - INFO - [www.dia.govt.nz] Processing HTML: https://www.dia.govt.nz/Resource-material-Our-Policy-Advice-Areas-Gambling-Policy
2025-05-03 22:18:54,495 - INFO - [www.dia.govt.nz] No new paragraphs extracted or passed cleaning for https://www.dia.govt.nz/Resource-material-Our-Policy-Advice-Areas-Gambling-Policy
2025-05-03 22:18:57,497 - INFO - Attempting to fetch: https://www.dia.govt.nz/diawebsite.nsf/wpg_URL/Resource-material-Our-Policy-Advice-Areas-Online-Safety-Policy
2025-05-03 22:18:58,446 - INFO - Successfully fetched headers for https://www.dia.govt.nz/diawebsite.nsf/wpg_URL/Resource-material-Our-Policy-Advice-Areas-Online-Safety-Policy (Status: 200, Type: text/html)
2025-05-03 22:18:58,446 - INFO - [www.dia.govt.nz] Processing HTML: https://www.dia.govt.nz/diawebsite.nsf/wpg_URL/Resource-material-Our-Policy-Advice-Areas-Online-Safety-Policy
2025-05-03 22:18:58,615 - INFO - [www.dia.govt.nz] No new paragraphs extracted or passed cleaning for https://www.dia.govt.nz/diawebsite.nsf/wpg_URL/Resource-material-Our-Policy-Advice-Areas-Online-Safety-Policy
2025-05-03 22:19:01,630 - INFO - Attempting to fetch: https://www.dia.govt.nz/diawebsite.nsf/wpg_URL/Resource-material-Our-Policy-Advice-Areas-Community-Development-Policy
2025-05-03 22:19:03,945 - INFO - Successfully fetched headers for https://www.dia.govt.nz/diawebsite.nsf/wpg_URL/Resource-material-Our-Policy-Advice-Areas-Community-Development-Policy (Status: 200, Type: text/html)
2025-05-03 22:19:03,945 - INFO - [www.dia.govt.nz] Processing HTML: https://www.dia.govt.nz/diawebsite.nsf/wpg_URL/Resource-material-Our-Policy-Advice-Areas-Community-Development-Policy
2025-05-03 22:19:04,145 - INFO - [www.dia.govt.nz] No new paragraphs extracted or passed cleaning for https://www.dia.govt.nz/diawebsite.nsf/wpg_URL/Resource-material-Our-Policy-Advice-Areas-Community-Development-Policy
2025-05-03 22:19:07,156 - INFO - Attempting to fetch: https://www.dia.govt.nz/Services-Identity-Verification-Service-Index
2025-05-03 22:19:09,976 - INFO - Successfully fetched headers for https://www.dia.govt.nz/Services-Identity-Verification-Service-Index (Status: 200, Type: text/html)
2025-05-03 22:19:09,979 - INFO - [www.dia.govt.nz] Processing HTML: https://www.dia.govt.nz/Services-Identity-Verification-Service-Index
2025-05-03 22:19:10,147 - INFO - [www.dia.govt.nz] No new paragraphs extracted or passed cleaning for https://www.dia.govt.nz/Services-Identity-Verification-Service-Index
2025-05-03 22:19:13,158 - INFO - Attempting to fetch: http://www.dia.govt.nz/compliance
2025-05-03 22:19:14,548 - INFO - Successfully fetched headers for http://www.dia.govt.nz/compliance (Status: 200, Type: text/html)
2025-05-03 22:19:14,548 - INFO - [www.dia.govt.nz] Processing HTML: http://www.dia.govt.nz/compliance
2025-05-03 22:19:14,695 - INFO - [www.dia.govt.nz] Added 5 new unique paragraphs (78 words) from http://www.dia.govt.nz/compliance. Site words: 171,081. Overall words: 171,081
2025-05-03 22:19:17,707 - INFO - Attempting to fetch: https://www.dia.govt.nz/Passports
2025-05-03 22:19:19,127 - ERROR - Request failed for https://www.dia.govt.nz/Passports: 404 Client Error: Not Found for url: https://www.dia.govt.nz/Passports
2025-05-03 22:19:19,129 - WARNING - [www.dia.govt.nz] Fetch failed for https://www.dia.govt.nz/Passports, skipping.
2025-05-03 22:19:20,632 - INFO - Attempting to fetch: https://www.dia.govt.nz/About-Internal-Affairs---Department-structure---History-of-the-Department
2025-05-03 22:19:21,546 - INFO - Successfully fetched headers for https://www.dia.govt.nz/About-Internal-Affairs---Department-structure---History-of-the-Department (Status: 200, Type: text/html)
2025-05-03 22:19:21,546 - INFO - [www.dia.govt.nz] Processing HTML: https://www.dia.govt.nz/About-Internal-Affairs---Department-structure---History-of-the-Department
2025-05-03 22:19:21,695 - INFO - [www.dia.govt.nz] Added 42 new unique paragraphs (1369 words) from https://www.dia.govt.nz/About-Internal-Affairs---Department-structure---History-of-the-Department. Site words: 172,450. Overall words: 172,450
2025-05-03 22:19:24,699 - INFO - Attempting to fetch: https://www.dia.govt.nz/About-Internal-Affairs---Department-structure---Organisation-chart
2025-05-03 22:19:25,912 - INFO - Successfully fetched headers for https://www.dia.govt.nz/About-Internal-Affairs---Department-structure---Organisation-chart (Status: 200, Type: text/html)
2025-05-03 22:19:25,912 - INFO - [www.dia.govt.nz] Processing HTML: https://www.dia.govt.nz/About-Internal-Affairs---Department-structure---Organisation-chart
2025-05-03 22:19:29,079 - INFO - Attempting to fetch: https://www.dia.govt.nz/About-Internal-Affairs---Department-structure---Archives-New-Zealand
2025-05-03 22:19:30,297 - INFO - Successfully fetched headers for https://www.dia.govt.nz/About-Internal-Affairs---Department-structure---Archives-New-Zealand (Status: 200, Type: text/html)
2025-05-03 22:19:30,297 - INFO - [www.dia.govt.nz] Processing HTML: https://www.dia.govt.nz/About-Internal-Affairs---Department-structure---Archives-New-Zealand
2025-05-03 22:19:30,462 - INFO - [www.dia.govt.nz] Added 7 new unique paragraphs (114 words) from https://www.dia.govt.nz/About-Internal-Affairs---Department-structure---Archives-New-Zealand. Site words: 172,564. Overall words: 172,564
2025-05-03 22:19:33,471 - INFO - Attempting to fetch: https://www.dia.govt.nz/diawebsite.nsf/wpg_URL/Services-Other-Services-Visits-and-Ceremonial-Events
2025-05-03 22:19:34,795 - INFO - Successfully fetched headers for https://www.dia.govt.nz/diawebsite.nsf/wpg_URL/Services-Other-Services-Visits-and-Ceremonial-Events (Status: 200, Type: text/html)
2025-05-03 22:19:34,795 - INFO - [www.dia.govt.nz] Processing HTML: https://www.dia.govt.nz/diawebsite.nsf/wpg_URL/Services-Other-Services-Visits-and-Ceremonial-Events
2025-05-03 22:19:34,954 - INFO - [www.dia.govt.nz] No new paragraphs extracted or passed cleaning for https://www.dia.govt.nz/diawebsite.nsf/wpg_URL/Services-Other-Services-Visits-and-Ceremonial-Events
2025-05-03 22:19:37,956 - INFO - Attempting to fetch: https://www.dia.govt.nz/diawebsite.nsf/wpg_URL/About-us-Our-Organisation-Disclosure-of-chief-executive-expenses-gifts-and-hospitality
2025-05-03 22:19:40,351 - INFO - Successfully fetched headers for https://www.dia.govt.nz/diawebsite.nsf/wpg_URL/About-us-Our-Organisation-Disclosure-of-chief-executive-expenses-gifts-and-hospitality (Status: 200, Type: text/html)
2025-05-03 22:19:40,351 - INFO - [www.dia.govt.nz] Processing HTML: https://www.dia.govt.nz/diawebsite.nsf/wpg_URL/About-us-Our-Organisation-Disclosure-of-chief-executive-expenses-gifts-and-hospitality
2025-05-03 22:19:40,528 - INFO - [www.dia.govt.nz] No new paragraphs extracted or passed cleaning for https://www.dia.govt.nz/diawebsite.nsf/wpg_URL/About-us-Our-Organisation-Disclosure-of-chief-executive-expenses-gifts-and-hospitality
2025-05-03 22:19:43,545 - INFO - Attempting to fetch: https://www.dia.govt.nz/Engagement-Survey
2025-05-03 22:19:44,792 - INFO - Successfully fetched headers for https://www.dia.govt.nz/Engagement-Survey (Status: 200, Type: text/html)
2025-05-03 22:19:44,796 - INFO - [www.dia.govt.nz] Processing HTML: https://www.dia.govt.nz/Engagement-Survey
2025-05-03 22:19:44,826 - INFO - [www.dia.govt.nz] Added 16 new unique paragraphs (204 words) from https://www.dia.govt.nz/Engagement-Survey. Site words: 172,768. Overall words: 172,768
2025-05-03 22:19:47,830 - INFO - Attempting to fetch: https://www.dia.govt.nz/About-Internal-Affairs---Our-portfolios---Policy-advice?OpenDocument
2025-05-03 22:19:49,069 - INFO - Successfully fetched headers for https://www.dia.govt.nz/About-Internal-Affairs---Our-portfolios---Policy-advice?OpenDocument (Status: 200, Type: text/html)
2025-05-03 22:19:49,069 - INFO - [www.dia.govt.nz] Processing HTML: https://www.dia.govt.nz/About-Internal-Affairs---Our-portfolios---Policy-advice?OpenDocument
2025-05-03 22:19:49,244 - INFO - [www.dia.govt.nz] Added 5 new unique paragraphs (60 words) from https://www.dia.govt.nz/About-Internal-Affairs---Our-portfolios---Policy-advice?OpenDocument. Site words: 172,828. Overall words: 172,828
2025-05-03 22:19:52,247 - INFO - Attempting to fetch: https://www.dia.govt.nz/About-Internal-Affairs---Department-structure---National-Library-of-New-Zealand
2025-05-03 22:19:53,645 - INFO - Successfully fetched headers for https://www.dia.govt.nz/About-Internal-Affairs---Department-structure---National-Library-of-New-Zealand (Status: 200, Type: text/html)
2025-05-03 22:19:53,645 - INFO - [www.dia.govt.nz] Processing HTML: https://www.dia.govt.nz/About-Internal-Affairs---Department-structure---National-Library-of-New-Zealand
2025-05-03 22:19:53,745 - INFO - [www.dia.govt.nz] Added 32 new unique paragraphs (317 words) from https://www.dia.govt.nz/About-Internal-Affairs---Department-structure---National-Library-of-New-Zealand. Site words: 173,145. Overall words: 173,145
2025-05-03 22:19:56,764 - INFO - Attempting to fetch: https://www.dia.govt.nz/Regulatory-Stewardship
2025-05-03 22:19:57,844 - INFO - Successfully fetched headers for https://www.dia.govt.nz/Regulatory-Stewardship (Status: 200, Type: text/html)
2025-05-03 22:19:57,844 - INFO - [www.dia.govt.nz] Processing HTML: https://www.dia.govt.nz/Regulatory-Stewardship
2025-05-03 22:19:58,026 - INFO - [www.dia.govt.nz] Added 10 new unique paragraphs (264 words) from https://www.dia.govt.nz/Regulatory-Stewardship. Site words: 173,409. Overall words: 173,409
2025-05-03 22:20:01,028 - INFO - Attempting to fetch: http://www.dia.govt.nz/Services-Complaints-Investigation-and-Prosecution-Unit-Index
2025-05-03 22:20:03,228 - INFO - Successfully fetched headers for http://www.dia.govt.nz/Services-Complaints-Investigation-and-Prosecution-Unit-Index (Status: 200, Type: text/html)
2025-05-03 22:20:03,228 - INFO - [www.dia.govt.nz] Processing HTML: http://www.dia.govt.nz/Services-Complaints-Investigation-and-Prosecution-Unit-Index
2025-05-03 22:20:06,268 - INFO - Attempting to fetch: https://www.dia.govt.nz/diawebsite.nsf/Files/Regulatory-Services-Group-Strategy-2021-2026/$file/Regulatory-Services-Group-Strategy-2021-2026.pdf
2025-05-03 22:20:07,344 - INFO - Successfully fetched headers for https://www.dia.govt.nz/diawebsite.nsf/Files/Regulatory-Services-Group-Strategy-2021-2026/$file/Regulatory-Services-Group-Strategy-2021-2026.pdf (Status: 200, Type: application/pdf)
2025-05-03 22:20:07,344 - INFO - [www.dia.govt.nz] Processing PDF: https://www.dia.govt.nz/diawebsite.nsf/Files/Regulatory-Services-Group-Strategy-2021-2026/$file/Regulatory-Services-Group-Strategy-2021-2026.pdf
2025-05-03 22:20:13,035 - INFO - Attempted text extraction from PDF (42 pages)
2025-05-03 22:20:13,035 - INFO - [www.dia.govt.nz] Added 26 new unique paragraphs (6039 words) from https://www.dia.govt.nz/diawebsite.nsf/Files/Regulatory-Services-Group-Strategy-2021-2026/$file/Regulatory-Services-Group-Strategy-2021-2026.pdf. Site words: 179,448. Overall words: 179,448
2025-05-03 22:20:16,042 - INFO - Attempting to fetch: http://www.dia.govt.nz/Services-Anti-Spam-Index
2025-05-03 22:20:18,295 - INFO - Successfully fetched headers for http://www.dia.govt.nz/Services-Anti-Spam-Index (Status: 200, Type: text/html)
2025-05-03 22:20:18,295 - INFO - [www.dia.govt.nz] Processing HTML: http://www.dia.govt.nz/Services-Anti-Spam-Index
2025-05-03 22:20:21,476 - INFO - Attempting to fetch: http://www.dia.govt.nz/Anti-money-laundering-and-countering-financing-of-terrorism
2025-05-03 22:20:23,416 - INFO - Successfully fetched headers for http://www.dia.govt.nz/Anti-money-laundering-and-countering-financing-of-terrorism (Status: 200, Type: text/html)
2025-05-03 22:20:23,429 - INFO - [www.dia.govt.nz] Processing HTML: http://www.dia.govt.nz/Anti-money-laundering-and-countering-financing-of-terrorism
2025-05-03 22:20:26,487 - INFO - Attempting to fetch: https://www.dia.govt.nz/Appointments-to-Statutory-Bodies
2025-05-03 22:20:27,811 - INFO - Successfully fetched headers for https://www.dia.govt.nz/Appointments-to-Statutory-Bodies (Status: 200, Type: text/html)
2025-05-03 22:20:27,828 - INFO - [www.dia.govt.nz] Processing HTML: https://www.dia.govt.nz/Appointments-to-Statutory-Bodies
2025-05-03 22:20:28,049 - INFO - [www.dia.govt.nz] Added 130 new unique paragraphs (1105 words) from https://www.dia.govt.nz/Appointments-to-Statutory-Bodies. Site words: 180,553. Overall words: 180,553
2025-05-03 22:20:31,052 - INFO - Attempting to fetch: https://www.dia.govt.nz/Vote-Internal-Affairs
2025-05-03 22:20:32,328 - INFO - Successfully fetched headers for https://www.dia.govt.nz/Vote-Internal-Affairs (Status: 200, Type: text/html)
2025-05-03 22:20:32,328 - INFO - [www.dia.govt.nz] Processing HTML: https://www.dia.govt.nz/Vote-Internal-Affairs
2025-05-03 22:20:32,506 - INFO - [www.dia.govt.nz] Added 8 new unique paragraphs (203 words) from https://www.dia.govt.nz/Vote-Internal-Affairs. Site words: 180,756. Overall words: 180,756
2025-05-03 22:20:35,508 - INFO - Attempting to fetch: https://www.dia.govt.nz/About-Internal-Affairs---Ministers-and-governance---Letters-of-Expectation
2025-05-03 22:20:36,660 - INFO - Successfully fetched headers for https://www.dia.govt.nz/About-Internal-Affairs---Ministers-and-governance---Letters-of-Expectation (Status: 200, Type: text/html)
2025-05-03 22:20:36,660 - INFO - [www.dia.govt.nz] Processing HTML: https://www.dia.govt.nz/About-Internal-Affairs---Ministers-and-governance---Letters-of-Expectation
2025-05-03 22:20:36,743 - INFO - [www.dia.govt.nz] Added 5 new unique paragraphs (112 words) from https://www.dia.govt.nz/About-Internal-Affairs---Ministers-and-governance---Letters-of-Expectation. Site words: 180,868. Overall words: 180,868
2025-05-03 22:20:39,745 - INFO - Attempting to fetch: https://www.dia.govt.nz/About-Internal-Affairs---Ministers-and-governance---Governance
2025-05-03 22:20:41,248 - INFO - Successfully fetched headers for https://www.dia.govt.nz/About-Internal-Affairs---Ministers-and-governance---Governance (Status: 200, Type: text/html)
2025-05-03 22:20:41,249 - INFO - [www.dia.govt.nz] Processing HTML: https://www.dia.govt.nz/About-Internal-Affairs---Ministers-and-governance---Governance
2025-05-03 22:20:41,285 - INFO - [www.dia.govt.nz] Added 10 new unique paragraphs (131 words) from https://www.dia.govt.nz/About-Internal-Affairs---Ministers-and-governance---Governance. Site words: 180,999. Overall words: 180,999
2025-05-03 22:20:44,293 - INFO - Attempting to fetch: https://www.dia.govt.nz/diawebsite.nsf/wpg_URL/Resource-material-Briefings-to-Incoming-Ministers-Index?OpenDocument
2025-05-03 22:20:46,708 - INFO - Successfully fetched headers for https://www.dia.govt.nz/diawebsite.nsf/wpg_URL/Resource-material-Briefings-to-Incoming-Ministers-Index?OpenDocument (Status: 200, Type: text/html)
2025-05-03 22:20:46,709 - INFO - [www.dia.govt.nz] Processing HTML: https://www.dia.govt.nz/diawebsite.nsf/wpg_URL/Resource-material-Briefings-to-Incoming-Ministers-Index?OpenDocument
2025-05-03 22:20:46,799 - INFO - [www.dia.govt.nz] No new paragraphs extracted or passed cleaning for https://www.dia.govt.nz/diawebsite.nsf/wpg_URL/Resource-material-Briefings-to-Incoming-Ministers-Index?OpenDocument
2025-05-03 22:20:49,802 - INFO - Attempting to fetch: https://www.dia.govt.nz/About-Internal-Affairs---Our-people---Maori-Strategic-Framework
2025-05-03 22:20:50,892 - INFO - Successfully fetched headers for https://www.dia.govt.nz/About-Internal-Affairs---Our-people---Maori-Strategic-Framework (Status: 200, Type: text/html)
2025-05-03 22:20:50,892 - INFO - [www.dia.govt.nz] Processing HTML: https://www.dia.govt.nz/About-Internal-Affairs---Our-people---Maori-Strategic-Framework
2025-05-03 22:20:54,019 - INFO - Attempting to fetch: https://www.dia.govt.nz/About-Internal-Affairs---Our-people---Secretary
2025-05-03 22:20:55,134 - INFO - Successfully fetched headers for https://www.dia.govt.nz/About-Internal-Affairs---Our-people---Secretary (Status: 200, Type: text/html)
2025-05-03 22:20:55,136 - INFO - [www.dia.govt.nz] Processing HTML: https://www.dia.govt.nz/About-Internal-Affairs---Our-people---Secretary
2025-05-03 22:20:55,172 - INFO - [www.dia.govt.nz] Added 3 new unique paragraphs (135 words) from https://www.dia.govt.nz/About-Internal-Affairs---Our-people---Secretary. Site words: 181,134. Overall words: 181,134
2025-05-03 22:20:58,178 - INFO - Attempting to fetch: https://www.dia.govt.nz/About-Internal-Affairs---Our-people---Management-team
2025-05-03 22:20:59,650 - INFO - Successfully fetched headers for https://www.dia.govt.nz/About-Internal-Affairs---Our-people---Management-team (Status: 200, Type: text/html)
2025-05-03 22:20:59,652 - INFO - [www.dia.govt.nz] Processing HTML: https://www.dia.govt.nz/About-Internal-Affairs---Our-people---Management-team
2025-05-03 22:20:59,885 - INFO - [www.dia.govt.nz] Added 57 new unique paragraphs (1187 words) from https://www.dia.govt.nz/About-Internal-Affairs---Our-people---Management-team. Site words: 182,321. Overall words: 182,321
2025-05-03 22:21:02,887 - INFO - Attempting to fetch: https://www.dia.govt.nz/diawebsite.nsf/wpg_URL/Services-BDM-Information-for-Transgender-Applicants?OpenDocument
2025-05-03 22:21:05,217 - INFO - Successfully fetched headers for https://www.dia.govt.nz/diawebsite.nsf/wpg_URL/Services-BDM-Information-for-Transgender-Applicants?OpenDocument (Status: 200, Type: text/html)
2025-05-03 22:21:05,218 - INFO - [www.dia.govt.nz] Processing HTML: https://www.dia.govt.nz/diawebsite.nsf/wpg_URL/Services-BDM-Information-for-Transgender-Applicants?OpenDocument
2025-05-03 22:21:05,377 - INFO - [www.dia.govt.nz] No new paragraphs extracted or passed cleaning for https://www.dia.govt.nz/diawebsite.nsf/wpg_URL/Services-BDM-Information-for-Transgender-Applicants?OpenDocument
2025-05-03 22:21:08,381 - INFO - Attempting to fetch: https://www.dia.govt.nz/long-term-insights-briefing
2025-05-03 22:21:09,861 - INFO - Successfully fetched headers for https://www.dia.govt.nz/long-term-insights-briefing (Status: 200, Type: text/html)
2025-05-03 22:21:09,861 - INFO - [www.dia.govt.nz] Processing HTML: https://www.dia.govt.nz/long-term-insights-briefing
2025-05-03 22:21:10,015 - INFO - [www.dia.govt.nz] Added 24 new unique paragraphs (519 words) from https://www.dia.govt.nz/long-term-insights-briefing. Site words: 182,840. Overall words: 182,840
2025-05-03 22:21:13,018 - INFO - Attempting to fetch: https://www.dia.govt.nz/Water-Services-Policy-legislation-and-process
2025-05-03 22:21:14,185 - INFO - Successfully fetched headers for https://www.dia.govt.nz/Water-Services-Policy-legislation-and-process (Status: 200, Type: text/html)
2025-05-03 22:21:14,187 - INFO - [www.dia.govt.nz] Processing HTML: https://www.dia.govt.nz/Water-Services-Policy-legislation-and-process
2025-05-03 22:21:14,302 - INFO - [www.dia.govt.nz] Added 46 new unique paragraphs (794 words) from https://www.dia.govt.nz/Water-Services-Policy-legislation-and-process. Site words: 183,634. Overall words: 183,634
2025-05-03 22:21:17,304 - INFO - Attempting to fetch: https://www.dia.govt.nz/gambling-statistics-historical-data-venues-machine-numbers
2025-05-03 22:21:18,448 - INFO - Successfully fetched headers for https://www.dia.govt.nz/gambling-statistics-historical-data-venues-machine-numbers (Status: 200, Type: text/html)
2025-05-03 22:21:18,450 - INFO - [www.dia.govt.nz] Processing HTML: https://www.dia.govt.nz/gambling-statistics-historical-data-venues-machine-numbers
2025-05-03 22:21:18,639 - INFO - [www.dia.govt.nz] Added 22 new unique paragraphs (292 words) from https://www.dia.govt.nz/gambling-statistics-historical-data-venues-machine-numbers. Site words: 183,926. Overall words: 183,926
2025-05-03 22:21:21,647 - INFO - Attempting to fetch: https://www.dia.govt.nz/diawebsite.nsf/wpg_URL/Resource-material-Information-We-Provide-Gaming-Machine-Proceeds-(GMP)-Data?OpenDocument
2025-05-03 22:21:23,597 - INFO - Successfully fetched headers for https://www.dia.govt.nz/diawebsite.nsf/wpg_URL/Resource-material-Information-We-Provide-Gaming-Machine-Proceeds-(GMP)-Data?OpenDocument (Status: 200, Type: text/html)
2025-05-03 22:21:23,602 - INFO - [www.dia.govt.nz] Processing HTML: https://www.dia.govt.nz/diawebsite.nsf/wpg_URL/Resource-material-Information-We-Provide-Gaming-Machine-Proceeds-(GMP)-Data?OpenDocument
2025-05-03 22:21:23,759 - INFO - [www.dia.govt.nz] Added 29 new unique paragraphs (885 words) from https://www.dia.govt.nz/diawebsite.nsf/wpg_URL/Resource-material-Information-We-Provide-Gaming-Machine-Proceeds-(GMP)-Data?OpenDocument. Site words: 184,811. Overall words: 184,811
2025-05-03 22:21:26,761 - INFO - Attempting to fetch: https://www.dia.govt.nz/gambling-statistics-gmp-dashboard
2025-05-03 22:21:27,913 - INFO - Successfully fetched headers for https://www.dia.govt.nz/gambling-statistics-gmp-dashboard (Status: 200, Type: text/html)
2025-05-03 22:21:27,913 - INFO - [www.dia.govt.nz] Processing HTML: https://www.dia.govt.nz/gambling-statistics-gmp-dashboard
2025-05-03 22:21:31,102 - INFO - Attempting to fetch: https://www.dia.govt.nz/diawebsite.nsf/wpg_URL/Resource-material-Our-Policy-Advice-Areas-Racing-Policy?OpenDocument
2025-05-03 22:21:33,548 - INFO - Successfully fetched headers for https://www.dia.govt.nz/diawebsite.nsf/wpg_URL/Resource-material-Our-Policy-Advice-Areas-Racing-Policy?OpenDocument (Status: 200, Type: text/html)
2025-05-03 22:21:33,549 - INFO - [www.dia.govt.nz] Processing HTML: https://www.dia.govt.nz/diawebsite.nsf/wpg_URL/Resource-material-Our-Policy-Advice-Areas-Racing-Policy?OpenDocument
2025-05-03 22:21:33,724 - INFO - [www.dia.govt.nz] No new paragraphs extracted or passed cleaning for https://www.dia.govt.nz/diawebsite.nsf/wpg_URL/Resource-material-Our-Policy-Advice-Areas-Racing-Policy?OpenDocument
2025-05-03 22:21:36,740 - INFO - Attempting to fetch: https://www.dia.govt.nz/diawebsite.nsf/wpg_URL/Resource-material-Corporate-Publications-Annual-Reports?OpenDocument
2025-05-03 22:21:39,379 - INFO - Successfully fetched headers for https://www.dia.govt.nz/diawebsite.nsf/wpg_URL/Resource-material-Corporate-Publications-Annual-Reports?OpenDocument (Status: 200, Type: text/html)
2025-05-03 22:21:39,379 - INFO - [www.dia.govt.nz] Processing HTML: https://www.dia.govt.nz/diawebsite.nsf/wpg_URL/Resource-material-Corporate-Publications-Annual-Reports?OpenDocument
2025-05-03 22:21:39,593 - INFO - [www.dia.govt.nz] No new paragraphs extracted or passed cleaning for https://www.dia.govt.nz/diawebsite.nsf/wpg_URL/Resource-material-Corporate-Publications-Annual-Reports?OpenDocument
2025-05-03 22:21:42,602 - INFO - Attempting to fetch: https://www.dia.govt.nz/BDMReview-Working-Group-for-reducing-barriers-to-changing-registered-sex
2025-05-03 22:21:43,581 - INFO - Successfully fetched headers for https://www.dia.govt.nz/BDMReview-Working-Group-for-reducing-barriers-to-changing-registered-sex (Status: 200, Type: text/html)
2025-05-03 22:21:43,582 - INFO - [www.dia.govt.nz] Processing HTML: https://www.dia.govt.nz/BDMReview-Working-Group-for-reducing-barriers-to-changing-registered-sex
2025-05-03 22:21:43,730 - INFO - [www.dia.govt.nz] Added 48 new unique paragraphs (1168 words) from https://www.dia.govt.nz/BDMReview-Working-Group-for-reducing-barriers-to-changing-registered-sex. Site words: 185,979. Overall words: 185,979
2025-05-03 22:21:46,746 - INFO - Attempting to fetch: https://www.dia.govt.nz/diawebsite.nsf/wpg_URL/Services-Other-Services-Cost-of-the-Royal-Visit-in-April-2019?OpenDocument
2025-05-03 22:21:49,248 - INFO - Successfully fetched headers for https://www.dia.govt.nz/diawebsite.nsf/wpg_URL/Services-Other-Services-Cost-of-the-Royal-Visit-in-April-2019?OpenDocument (Status: 200, Type: text/html)
2025-05-03 22:21:49,250 - INFO - [www.dia.govt.nz] Processing HTML: https://www.dia.govt.nz/diawebsite.nsf/wpg_URL/Services-Other-Services-Cost-of-the-Royal-Visit-in-April-2019?OpenDocument
2025-05-03 22:21:49,397 - INFO - [www.dia.govt.nz] No new paragraphs extracted or passed cleaning for https://www.dia.govt.nz/diawebsite.nsf/wpg_URL/Services-Other-Services-Cost-of-the-Royal-Visit-in-April-2019?OpenDocument
2025-05-03 22:21:52,408 - INFO - Attempting to fetch: https://www.dia.govt.nz/Ministers-credit-card-expenses
2025-05-03 22:21:54,281 - INFO - Successfully fetched headers for https://www.dia.govt.nz/Ministers-credit-card-expenses (Status: 200, Type: text/html)
2025-05-03 22:21:54,281 - INFO - [www.dia.govt.nz] Processing HTML: https://www.dia.govt.nz/Ministers-credit-card-expenses
2025-05-03 22:21:54,451 - INFO - [www.dia.govt.nz] No new paragraphs extracted or passed cleaning for https://www.dia.govt.nz/Ministers-credit-card-expenses
2025-05-03 22:21:57,454 - INFO - Attempting to fetch: https://www.dia.govt.nz/gambling-statistics-key-performance-indicators
2025-05-03 22:21:58,545 - INFO - Successfully fetched headers for https://www.dia.govt.nz/gambling-statistics-key-performance-indicators (Status: 200, Type: text/html)
2025-05-03 22:21:58,547 - INFO - [www.dia.govt.nz] Processing HTML: https://www.dia.govt.nz/gambling-statistics-key-performance-indicators
2025-05-03 22:21:58,709 - INFO - [www.dia.govt.nz] Added 11 new unique paragraphs (139 words) from https://www.dia.govt.nz/gambling-statistics-key-performance-indicators. Site words: 186,118. Overall words: 186,118
2025-05-03 22:22:01,711 - INFO - Attempting to fetch: https://www.dia.govt.nz/gambling-statistics-expenditure
2025-05-03 22:22:02,827 - INFO - Successfully fetched headers for https://www.dia.govt.nz/gambling-statistics-expenditure (Status: 200, Type: text/html)
2025-05-03 22:22:02,827 - INFO - [www.dia.govt.nz] Processing HTML: https://www.dia.govt.nz/gambling-statistics-expenditure
2025-05-03 22:22:02,899 - INFO - [www.dia.govt.nz] Added 23 new unique paragraphs (358 words) from https://www.dia.govt.nz/gambling-statistics-expenditure. Site words: 186,476. Overall words: 186,476
2025-05-03 22:22:05,905 - INFO - Attempting to fetch: https://www.dia.govt.nz/hart-register-statistics
2025-05-03 22:22:07,187 - INFO - Successfully fetched headers for https://www.dia.govt.nz/hart-register-statistics (Status: 200, Type: text/html)
2025-05-03 22:22:07,187 - INFO - [www.dia.govt.nz] Processing HTML: https://www.dia.govt.nz/hart-register-statistics
2025-05-03 22:22:07,377 - INFO - [www.dia.govt.nz] Added 21 new unique paragraphs (240 words) from https://www.dia.govt.nz/hart-register-statistics. Site words: 186,716. Overall words: 186,716
2025-05-03 22:22:10,380 - INFO - Attempting to fetch: https://www.dia.govt.nz/diawebsite.nsf/Files/MinisterialOfficeHandbook(extract)1/$file/MinisterialOfficeHandbook(extract)1.pdf
2025-05-03 22:22:11,920 - INFO - Successfully fetched headers for https://www.dia.govt.nz/diawebsite.nsf/Files/MinisterialOfficeHandbook(extract)1/$file/MinisterialOfficeHandbook(extract)1.pdf (Status: 200, Type: application/pdf)
2025-05-03 22:22:11,920 - INFO - [www.dia.govt.nz] Processing PDF: https://www.dia.govt.nz/diawebsite.nsf/Files/MinisterialOfficeHandbook(extract)1/$file/MinisterialOfficeHandbook(extract)1.pdf
2025-05-03 22:22:12,275 - INFO - Attempted text extraction from PDF (3 pages)
2025-05-03 22:22:12,275 - INFO - [www.dia.govt.nz] Added 4 new unique paragraphs (485 words) from https://www.dia.govt.nz/diawebsite.nsf/Files/MinisterialOfficeHandbook(extract)1/$file/MinisterialOfficeHandbook(extract)1.pdf. Site words: 187,201. Overall words: 187,201
2025-05-03 22:22:15,291 - INFO - Attempting to fetch: https://www.dia.govt.nz/diawebsite.nsf/Files/AgreementbyMinistersWhoReceivedaCreditCard1/$file/AgreementbyMinistersWhoReceivedaCreditCard1.pdf
2025-05-03 22:22:16,533 - INFO - Successfully fetched headers for https://www.dia.govt.nz/diawebsite.nsf/Files/AgreementbyMinistersWhoReceivedaCreditCard1/$file/AgreementbyMinistersWhoReceivedaCreditCard1.pdf (Status: 200, Type: application/pdf)
2025-05-03 22:22:16,533 - INFO - [www.dia.govt.nz] Processing PDF: https://www.dia.govt.nz/diawebsite.nsf/Files/AgreementbyMinistersWhoReceivedaCreditCard1/$file/AgreementbyMinistersWhoReceivedaCreditCard1.pdf
2025-05-03 22:22:17,009 - INFO - Attempted text extraction from PDF (6 pages)
2025-05-03 22:22:17,009 - INFO - [www.dia.govt.nz] Added 36 new unique paragraphs (932 words) from https://www.dia.govt.nz/diawebsite.nsf/Files/AgreementbyMinistersWhoReceivedaCreditCard1/$file/AgreementbyMinistersWhoReceivedaCreditCard1.pdf. Site words: 188,133. Overall words: 188,133
2025-05-03 22:22:20,019 - INFO - Attempting to fetch: https://www.dia.govt.nz/pubforms.nsf/wpg_MCCE!OpenView
2025-05-03 22:22:21,427 - INFO - Successfully fetched headers for https://www.dia.govt.nz/pubforms.nsf/wpg_MCCE!OpenView (Status: 200, Type: text/html)
2025-05-03 22:22:21,429 - INFO - [www.dia.govt.nz] Processing HTML: https://www.dia.govt.nz/pubforms.nsf/wpg_MCCE!OpenView
2025-05-03 22:22:21,592 - INFO - [www.dia.govt.nz] No new paragraphs extracted or passed cleaning for https://www.dia.govt.nz/pubforms.nsf/wpg_MCCE!OpenView
2025-05-03 22:22:24,608 - INFO - Attempting to fetch: https://www.dia.govt.nz/Ministers-expense-releases---previous-disclosures
2025-05-03 22:22:25,715 - INFO - Successfully fetched headers for https://www.dia.govt.nz/Ministers-expense-releases---previous-disclosures (Status: 200, Type: text/html)
2025-05-03 22:22:25,717 - INFO - [www.dia.govt.nz] Processing HTML: https://www.dia.govt.nz/Ministers-expense-releases---previous-disclosures
2025-05-03 22:22:25,992 - INFO - [www.dia.govt.nz] Added 254 new unique paragraphs (3244 words) from https://www.dia.govt.nz/Ministers-expense-releases---previous-disclosures. Site words: 191,377. Overall words: 191,377
2025-05-03 22:22:29,019 - INFO - Attempting to fetch: https://www.dia.govt.nz/diawebsite.nsf/Files/Understanding-Ministers-expenses/$file/Understanding-Ministers-expenses-1January-to-31March-2015.pdf
2025-05-03 22:22:30,409 - INFO - Successfully fetched headers for https://www.dia.govt.nz/diawebsite.nsf/Files/Understanding-Ministers-expenses/$file/Understanding-Ministers-expenses-1January-to-31March-2015.pdf (Status: 200, Type: text/html)
2025-05-03 22:22:30,409 - INFO - [www.dia.govt.nz] Processing HTML: https://www.dia.govt.nz/diawebsite.nsf/Files/Understanding-Ministers-expenses/$file/Understanding-Ministers-expenses-1January-to-31March-2015.pdf
2025-05-03 22:22:30,419 - INFO - [www.dia.govt.nz] Added 1 new unique paragraphs (11 words) from https://www.dia.govt.nz/diawebsite.nsf/Files/Understanding-Ministers-expenses/$file/Understanding-Ministers-expenses-1January-to-31March-2015.pdf. Site words: 191,388. Overall words: 191,388
2025-05-03 22:22:33,422 - INFO - Attempting to fetch: https://www.dia.govt.nz/Ministers-expense-releases-recent-disclosures
2025-05-03 22:22:34,697 - INFO - Successfully fetched headers for https://www.dia.govt.nz/Ministers-expense-releases-recent-disclosures (Status: 200, Type: text/html)
2025-05-03 22:22:34,697 - INFO - [www.dia.govt.nz] Processing HTML: https://www.dia.govt.nz/Ministers-expense-releases-recent-disclosures
2025-05-03 22:22:34,726 - INFO - [www.dia.govt.nz] Added 9 new unique paragraphs (98 words) from https://www.dia.govt.nz/Ministers-expense-releases-recent-disclosures. Site words: 191,486. Overall words: 191,486
2025-05-03 22:22:37,729 - INFO - Attempting to fetch: https://www.dia.govt.nz/diawebsite.nsf/Files/Understanding-Ministers-Expenses-after-2014/$file/Understanding-Ministers-Expenses-after-2014.pdf
2025-05-03 22:22:39,092 - INFO - Successfully fetched headers for https://www.dia.govt.nz/diawebsite.nsf/Files/Understanding-Ministers-Expenses-after-2014/$file/Understanding-Ministers-Expenses-after-2014.pdf (Status: 200, Type: application/pdf)
2025-05-03 22:22:39,092 - INFO - [www.dia.govt.nz] Processing PDF: https://www.dia.govt.nz/diawebsite.nsf/Files/Understanding-Ministers-Expenses-after-2014/$file/Understanding-Ministers-Expenses-after-2014.pdf
2025-05-03 22:22:39,975 - INFO - Attempted text extraction from PDF (3 pages)
2025-05-03 22:22:39,975 - INFO - [www.dia.govt.nz] Added 5 new unique paragraphs (769 words) from https://www.dia.govt.nz/diawebsite.nsf/Files/Understanding-Ministers-Expenses-after-2014/$file/Understanding-Ministers-Expenses-after-2014.pdf. Site words: 192,255. Overall words: 192,255
2025-05-03 22:22:42,989 - INFO - Attempting to fetch: https://www.dia.govt.nz
2025-05-03 22:22:44,309 - INFO - Successfully fetched headers for https://www.dia.govt.nz (Status: 200, Type: text/html)
2025-05-03 22:22:44,309 - INFO - [www.dia.govt.nz] Processing HTML: https://www.dia.govt.nz
2025-05-03 22:22:47,484 - INFO - Attempting to fetch: https://www.dia.govt.nz/Legal-Privacy-Information-Matching
2025-05-03 22:22:50,017 - INFO - Successfully fetched headers for https://www.dia.govt.nz/Legal-Privacy-Information-Matching (Status: 200, Type: text/html)
2025-05-03 22:22:50,017 - INFO - [www.dia.govt.nz] Processing HTML: https://www.dia.govt.nz/Legal-Privacy-Information-Matching
2025-05-03 22:22:50,050 - INFO - [www.dia.govt.nz] No new paragraphs extracted or passed cleaning for https://www.dia.govt.nz/Legal-Privacy-Information-Matching
2025-05-03 22:22:53,052 - INFO - Attempting to fetch: https://www.dia.govt.nz/Legal-Privacy-Organisations-approved-to-use-the-Confirmation-Service
2025-05-03 22:22:55,659 - INFO - Successfully fetched headers for https://www.dia.govt.nz/Legal-Privacy-Organisations-approved-to-use-the-Confirmation-Service (Status: 200, Type: text/html)
2025-05-03 22:22:55,659 - INFO - [www.dia.govt.nz] Processing HTML: https://www.dia.govt.nz/Legal-Privacy-Organisations-approved-to-use-the-Confirmation-Service
2025-05-03 22:22:57,192 - INFO - [www.dia.govt.nz] No new paragraphs extracted or passed cleaning for https://www.dia.govt.nz/Legal-Privacy-Organisations-approved-to-use-the-Confirmation-Service
2025-05-03 22:23:00,206 - INFO - Attempting to fetch: https://www.dia.govt.nz/Legal-Privacy-Organisations-approved-to-act-as-an-intermediary
2025-05-03 22:23:04,680 - INFO - Successfully fetched headers for https://www.dia.govt.nz/Legal-Privacy-Organisations-approved-to-act-as-an-intermediary (Status: 200, Type: text/html)
2025-05-03 22:23:04,681 - INFO - [www.dia.govt.nz] Processing HTML: https://www.dia.govt.nz/Legal-Privacy-Organisations-approved-to-act-as-an-intermediary
2025-05-03 22:23:04,725 - INFO - [www.dia.govt.nz] No new paragraphs extracted or passed cleaning for https://www.dia.govt.nz/Legal-Privacy-Organisations-approved-to-act-as-an-intermediary
2025-05-03 22:23:07,726 - INFO - Attempting to fetch: http://www.dia.govt.nz/privacy-information-sharing
2025-05-03 22:23:09,279 - INFO - Successfully fetched headers for http://www.dia.govt.nz/privacy-information-sharing (Status: 200, Type: text/html)
2025-05-03 22:23:09,279 - INFO - [www.dia.govt.nz] Processing HTML: http://www.dia.govt.nz/privacy-information-sharing
2025-05-03 22:23:12,432 - INFO - Attempting to fetch: https://www.dia.govt.nz/diawebsite.nsf/wpg_URL/Legal-Complaints-Procedure-Index
2025-05-03 22:23:13,456 - INFO - Successfully fetched headers for https://www.dia.govt.nz/diawebsite.nsf/wpg_URL/Legal-Complaints-Procedure-Index (Status: 200, Type: text/html)
2025-05-03 22:23:13,459 - INFO - [www.dia.govt.nz] Processing HTML: https://www.dia.govt.nz/diawebsite.nsf/wpg_URL/Legal-Complaints-Procedure-Index
2025-05-03 22:23:13,616 - INFO - [www.dia.govt.nz] No new paragraphs extracted or passed cleaning for https://www.dia.govt.nz/diawebsite.nsf/wpg_URL/Legal-Complaints-Procedure-Index
2025-05-03 22:23:16,618 - INFO - Attempting to fetch: http://www.dia.govt.nz/Legal-Privacy-Births-Deaths-Marriages-Civil-Unions-Name-Changes-Passports-and-Citizenship-Privacy-Notice
2025-05-03 22:23:19,808 - INFO - Successfully fetched headers for http://www.dia.govt.nz/Legal-Privacy-Births-Deaths-Marriages-Civil-Unions-Name-Changes-Passports-and-Citizenship-Privacy-Notice (Status: 200, Type: text/html)
2025-05-03 22:23:19,810 - INFO - [www.dia.govt.nz] Processing HTML: http://www.dia.govt.nz/Legal-Privacy-Births-Deaths-Marriages-Civil-Unions-Name-Changes-Passports-and-Citizenship-Privacy-Notice
2025-05-03 22:23:20,068 - INFO - [www.dia.govt.nz] No new paragraphs extracted or passed cleaning for http://www.dia.govt.nz/Legal-Privacy-Births-Deaths-Marriages-Civil-Unions-Name-Changes-Passports-and-Citizenship-Privacy-Notice
2025-05-03 22:23:23,070 - INFO - Attempting to fetch: https://www.dia.govt.nz/Government-Inquiry-Into-the-Appointment-Process-for-a-Deputy-Commissioner-of-Police
2025-05-03 22:23:24,326 - INFO - Successfully fetched headers for https://www.dia.govt.nz/Government-Inquiry-Into-the-Appointment-Process-for-a-Deputy-Commissioner-of-Police (Status: 200, Type: text/html)
2025-05-03 22:23:24,330 - INFO - [www.dia.govt.nz] Processing HTML: https://www.dia.govt.nz/Government-Inquiry-Into-the-Appointment-Process-for-a-Deputy-Commissioner-of-Police
2025-05-03 22:23:24,377 - INFO - [www.dia.govt.nz] Added 34 new unique paragraphs (524 words) from https://www.dia.govt.nz/Government-Inquiry-Into-the-Appointment-Process-for-a-Deputy-Commissioner-of-Police. Site words: 192,779. Overall words: 192,779
2025-05-03 22:23:27,382 - INFO - Attempting to fetch: https://www.dia.govt.nz/Different-types-of-government-reviews
2025-05-03 22:23:28,415 - INFO - Successfully fetched headers for https://www.dia.govt.nz/Different-types-of-government-reviews (Status: 200, Type: text/html)
2025-05-03 22:23:28,415 - INFO - [www.dia.govt.nz] Processing HTML: https://www.dia.govt.nz/Different-types-of-government-reviews
2025-05-03 22:23:28,612 - INFO - [www.dia.govt.nz] Added 62 new unique paragraphs (917 words) from https://www.dia.govt.nz/Different-types-of-government-reviews. Site words: 193,696. Overall words: 193,696
2025-05-03 22:23:31,620 - INFO - Attempting to fetch: https://www.dia.govt.nz/Government-Inquiry-into-the-Auckland-Fuel-Supply-Disruption
2025-05-03 22:23:32,960 - INFO - Successfully fetched headers for https://www.dia.govt.nz/Government-Inquiry-into-the-Auckland-Fuel-Supply-Disruption (Status: 200, Type: text/html)
2025-05-03 22:23:32,961 - INFO - [www.dia.govt.nz] Processing HTML: https://www.dia.govt.nz/Government-Inquiry-into-the-Auckland-Fuel-Supply-Disruption
2025-05-03 22:23:32,981 - INFO - [www.dia.govt.nz] Added 18 new unique paragraphs (308 words) from https://www.dia.govt.nz/Government-Inquiry-into-the-Auckland-Fuel-Supply-Disruption. Site words: 194,004. Overall words: 194,004
2025-05-03 22:23:35,985 - INFO - Attempting to fetch: https://www.dia.govt.nz/Government-Inquiry-into-Havelock-North-Drinking-Water
2025-05-03 22:23:37,163 - INFO - Successfully fetched headers for https://www.dia.govt.nz/Government-Inquiry-into-Havelock-North-Drinking-Water (Status: 200, Type: text/html)
2025-05-03 22:23:37,164 - INFO - [www.dia.govt.nz] Processing HTML: https://www.dia.govt.nz/Government-Inquiry-into-Havelock-North-Drinking-Water
2025-05-03 22:23:37,330 - INFO - [www.dia.govt.nz] Added 34 new unique paragraphs (864 words) from https://www.dia.govt.nz/Government-Inquiry-into-Havelock-North-Drinking-Water. Site words: 194,868. Overall words: 194,868
2025-05-03 22:23:40,333 - INFO - Attempting to fetch: http://www.dia.govt.nz/Government-Inquiry-into-Whey-Protein-Concentrate-Contamination-Incident
2025-05-03 22:23:42,259 - INFO - Successfully fetched headers for http://www.dia.govt.nz/Government-Inquiry-into-Whey-Protein-Concentrate-Contamination-Incident (Status: 200, Type: text/html)
2025-05-03 22:23:42,259 - INFO - [www.dia.govt.nz] Processing HTML: http://www.dia.govt.nz/Government-Inquiry-into-Whey-Protein-Concentrate-Contamination-Incident
2025-05-03 22:23:42,356 - INFO - [www.dia.govt.nz] Added 44 new unique paragraphs (836 words) from http://www.dia.govt.nz/Government-Inquiry-into-Whey-Protein-Concentrate-Contamination-Incident. Site words: 195,704. Overall words: 195,704
2025-05-03 22:23:45,358 - INFO - Attempting to fetch: http://www.dia.govt.nz/Government-Inquiry-Collins-Inquiry
2025-05-03 22:23:47,372 - INFO - Successfully fetched headers for http://www.dia.govt.nz/Government-Inquiry-Collins-Inquiry (Status: 200, Type: text/html)
2025-05-03 22:23:47,373 - INFO - [www.dia.govt.nz] Processing HTML: http://www.dia.govt.nz/Government-Inquiry-Collins-Inquiry
2025-05-03 22:23:47,407 - INFO - [www.dia.govt.nz] Added 6 new unique paragraphs (100 words) from http://www.dia.govt.nz/Government-Inquiry-Collins-Inquiry. Site words: 195,804. Overall words: 195,804
2025-05-03 22:23:50,410 - INFO - Attempting to fetch: http://www.dia.govt.nz/diawebsite.nsf/wpg_URL/Resource-material-Our-Policy-Advice-Areas-General-Policy?OpenDocument
2025-05-03 22:23:53,439 - INFO - Successfully fetched headers for http://www.dia.govt.nz/diawebsite.nsf/wpg_URL/Resource-material-Our-Policy-Advice-Areas-General-Policy?OpenDocument (Status: 200, Type: text/html)
2025-05-03 22:23:53,440 - INFO - [www.dia.govt.nz] Processing HTML: http://www.dia.govt.nz/diawebsite.nsf/wpg_URL/Resource-material-Our-Policy-Advice-Areas-General-Policy?OpenDocument
2025-05-03 22:23:53,488 - INFO - [www.dia.govt.nz] No new paragraphs extracted or passed cleaning for http://www.dia.govt.nz/diawebsite.nsf/wpg_URL/Resource-material-Our-Policy-Advice-Areas-General-Policy?OpenDocument
2025-05-03 22:23:56,490 - INFO - Attempting to fetch: https://www.dia.govt.nz/Digital-Identity-Biometrics
2025-05-03 22:23:57,951 - INFO - Successfully fetched headers for https://www.dia.govt.nz/Digital-Identity-Biometrics (Status: 200, Type: text/html)
2025-05-03 22:23:57,953 - INFO - [www.dia.govt.nz] Processing HTML: https://www.dia.govt.nz/Digital-Identity-Biometrics
2025-05-03 22:23:57,996 - INFO - [www.dia.govt.nz] Added 15 new unique paragraphs (302 words) from https://www.dia.govt.nz/Digital-Identity-Biometrics. Site words: 196,106. Overall words: 196,106
2025-05-03 22:24:00,998 - INFO - Attempting to fetch: https://www.dia.govt.nz/Digital-Identity-Trust-Framework
2025-05-03 22:24:02,468 - INFO - Successfully fetched headers for https://www.dia.govt.nz/Digital-Identity-Trust-Framework (Status: 200, Type: text/html)
2025-05-03 22:24:02,470 - INFO - [www.dia.govt.nz] Processing HTML: https://www.dia.govt.nz/Digital-Identity-Trust-Framework
2025-05-03 22:24:05,499 - INFO - Attempting to fetch: https://www.dia.govt.nz/Digital-Identity-New-Zealand-Passport
2025-05-03 22:24:06,442 - INFO - Successfully fetched headers for https://www.dia.govt.nz/Digital-Identity-New-Zealand-Passport (Status: 200, Type: text/html)
2025-05-03 22:24:06,442 - INFO - [www.dia.govt.nz] Processing HTML: https://www.dia.govt.nz/Digital-Identity-New-Zealand-Passport
2025-05-03 22:24:06,561 - INFO - [www.dia.govt.nz] Added 14 new unique paragraphs (291 words) from https://www.dia.govt.nz/Digital-Identity-New-Zealand-Passport. Site words: 196,397. Overall words: 196,397
2025-05-03 22:24:09,618 - INFO - Attempting to fetch: https://www.dia.govt.nz/Identity-Check-Bias-Evaluation
2025-05-03 22:24:10,478 - INFO - Successfully fetched headers for https://www.dia.govt.nz/Identity-Check-Bias-Evaluation (Status: 200, Type: text/html)
2025-05-03 22:24:10,478 - INFO - [www.dia.govt.nz] Processing HTML: https://www.dia.govt.nz/Identity-Check-Bias-Evaluation
2025-05-03 22:24:10,625 - INFO - [www.dia.govt.nz] Added 22 new unique paragraphs (643 words) from https://www.dia.govt.nz/Identity-Check-Bias-Evaluation. Site words: 197,040. Overall words: 197,040
2025-05-03 22:24:13,633 - INFO - Attempting to fetch: https://www.dia.govt.nz/Digital-Identity-Check
2025-05-03 22:24:15,184 - INFO - Successfully fetched headers for https://www.dia.govt.nz/Digital-Identity-Check (Status: 200, Type: text/html)
2025-05-03 22:24:15,186 - INFO - [www.dia.govt.nz] Processing HTML: https://www.dia.govt.nz/Digital-Identity-Check
2025-05-03 22:24:15,265 - INFO - [www.dia.govt.nz] Added 14 new unique paragraphs (302 words) from https://www.dia.govt.nz/Digital-Identity-Check. Site words: 197,342. Overall words: 197,342
2025-05-03 22:24:18,268 - INFO - Attempting to fetch: https://www.dia.govt.nz/Trust-Framework-for-Digital-Identity-Independent-evaluators
2025-05-03 22:24:19,459 - INFO - Successfully fetched headers for https://www.dia.govt.nz/Trust-Framework-for-Digital-Identity-Independent-evaluators (Status: 200, Type: text/html)
2025-05-03 22:24:19,464 - INFO - [www.dia.govt.nz] Processing HTML: https://www.dia.govt.nz/Trust-Framework-for-Digital-Identity-Independent-evaluators
2025-05-03 22:24:19,674 - INFO - [www.dia.govt.nz] Added 30 new unique paragraphs (249 words) from https://www.dia.govt.nz/Trust-Framework-for-Digital-Identity-Independent-evaluators. Site words: 197,591. Overall words: 197,591
2025-05-03 22:24:22,681 - INFO - Attempting to fetch: https://www.dia.govt.nz/Trust-Framework-for-Digital-Identity-Make-a-Complaint
2025-05-03 22:24:23,935 - INFO - Successfully fetched headers for https://www.dia.govt.nz/Trust-Framework-for-Digital-Identity-Make-a-Complaint (Status: 200, Type: text/html)
2025-05-03 22:24:23,935 - INFO - [www.dia.govt.nz] Processing HTML: https://www.dia.govt.nz/Trust-Framework-for-Digital-Identity-Make-a-Complaint
2025-05-03 22:24:24,117 - INFO - [www.dia.govt.nz] Added 31 new unique paragraphs (720 words) from https://www.dia.govt.nz/Trust-Framework-for-Digital-Identity-Make-a-Complaint. Site words: 198,311. Overall words: 198,311
2025-05-03 22:24:27,120 - INFO - Attempting to fetch: https://www.dia.govt.nz/Trust-Framework-for-Digital-Identity-templates-and-guidance
2025-05-03 22:24:28,333 - INFO - Successfully fetched headers for https://www.dia.govt.nz/Trust-Framework-for-Digital-Identity-templates-and-guidance (Status: 200, Type: text/html)
2025-05-03 22:24:28,333 - INFO - [www.dia.govt.nz] Processing HTML: https://www.dia.govt.nz/Trust-Framework-for-Digital-Identity-templates-and-guidance
2025-05-03 22:24:28,460 - INFO - [www.dia.govt.nz] Added 26 new unique paragraphs (391 words) from https://www.dia.govt.nz/Trust-Framework-for-Digital-Identity-templates-and-guidance. Site words: 198,702. Overall words: 198,702
2025-05-03 22:24:31,472 - INFO - Attempting to fetch: https://www.dia.govt.nz/Trust-Framework-Register
2025-05-03 22:24:32,899 - INFO - Successfully fetched headers for https://www.dia.govt.nz/Trust-Framework-Register (Status: 200, Type: text/html)
2025-05-03 22:24:32,899 - INFO - [www.dia.govt.nz] Processing HTML: https://www.dia.govt.nz/Trust-Framework-Register
2025-05-03 22:24:32,942 - INFO - [www.dia.govt.nz] Added 5 new unique paragraphs (39 words) from https://www.dia.govt.nz/Trust-Framework-Register. Site words: 198,741. Overall words: 198,741
2025-05-03 22:24:35,950 - INFO - Attempting to fetch: https://www.dia.govt.nz/Trust-Framework-Authority
2025-05-03 22:24:37,061 - INFO - Successfully fetched headers for https://www.dia.govt.nz/Trust-Framework-Authority (Status: 200, Type: text/html)
2025-05-03 22:24:37,064 - INFO - [www.dia.govt.nz] Processing HTML: https://www.dia.govt.nz/Trust-Framework-Authority
2025-05-03 22:24:37,237 - INFO - [www.dia.govt.nz] Added 14 new unique paragraphs (195 words) from https://www.dia.govt.nz/Trust-Framework-Authority. Site words: 198,936. Overall words: 198,936
2025-05-03 22:24:40,240 - INFO - Attempting to fetch: https://www.dia.govt.nz/Trust-Framework-for-Digital-Identity-Resources
2025-05-03 22:24:41,147 - INFO - Successfully fetched headers for https://www.dia.govt.nz/Trust-Framework-for-Digital-Identity-Resources (Status: 200, Type: text/html)
2025-05-03 22:24:41,149 - INFO - [www.dia.govt.nz] Processing HTML: https://www.dia.govt.nz/Trust-Framework-for-Digital-Identity-Resources
2025-05-03 22:24:41,291 - INFO - [www.dia.govt.nz] Added 7 new unique paragraphs (88 words) from https://www.dia.govt.nz/Trust-Framework-for-Digital-Identity-Resources. Site words: 199,024. Overall words: 199,024
2025-05-03 22:24:44,297 - INFO - Attempting to fetch: https://www.dia.govt.nz/Trust-Framework-Authority-accreditation-mark
2025-05-03 22:24:45,439 - INFO - Successfully fetched headers for https://www.dia.govt.nz/Trust-Framework-Authority-accreditation-mark (Status: 200, Type: text/html)
2025-05-03 22:24:45,450 - INFO - [www.dia.govt.nz] Processing HTML: https://www.dia.govt.nz/Trust-Framework-Authority-accreditation-mark
2025-05-03 22:24:45,630 - INFO - [www.dia.govt.nz] Added 22 new unique paragraphs (547 words) from https://www.dia.govt.nz/Trust-Framework-Authority-accreditation-mark. Site words: 199,571. Overall words: 199,571
2025-05-03 22:24:48,643 - INFO - Attempting to fetch: https://www.dia.govt.nz/Trust-Framework-for-Digital-Identity-Share-your-information
2025-05-03 22:24:49,897 - INFO - Successfully fetched headers for https://www.dia.govt.nz/Trust-Framework-for-Digital-Identity-Share-your-information (Status: 200, Type: text/html)
2025-05-03 22:24:49,901 - INFO - [www.dia.govt.nz] Processing HTML: https://www.dia.govt.nz/Trust-Framework-for-Digital-Identity-Share-your-information
2025-05-03 22:24:50,062 - INFO - [www.dia.govt.nz] Added 44 new unique paragraphs (704 words) from https://www.dia.govt.nz/Trust-Framework-for-Digital-Identity-Share-your-information. Site words: 200,275. Overall words: 200,275
2025-05-03 22:24:53,069 - INFO - Attempting to fetch: https://www.dia.govt.nz/Trust-Framework-for-Digital-Identity-Benefits
2025-05-03 22:24:54,442 - INFO - Successfully fetched headers for https://www.dia.govt.nz/Trust-Framework-for-Digital-Identity-Benefits (Status: 200, Type: text/html)
2025-05-03 22:24:54,442 - INFO - [www.dia.govt.nz] Processing HTML: https://www.dia.govt.nz/Trust-Framework-for-Digital-Identity-Benefits
2025-05-03 22:24:54,617 - INFO - [www.dia.govt.nz] Added 19 new unique paragraphs (242 words) from https://www.dia.govt.nz/Trust-Framework-for-Digital-Identity-Benefits. Site words: 200,517. Overall words: 200,517
2025-05-03 22:24:57,630 - INFO - Attempting to fetch: https://www.dia.govt.nz/Trust-Framework-for-Digital-Identity-Governance
2025-05-03 22:24:58,776 - INFO - Successfully fetched headers for https://www.dia.govt.nz/Trust-Framework-for-Digital-Identity-Governance (Status: 200, Type: text/html)
2025-05-03 22:24:58,776 - INFO - [www.dia.govt.nz] Processing HTML: https://www.dia.govt.nz/Trust-Framework-for-Digital-Identity-Governance
2025-05-03 22:24:58,818 - INFO - [www.dia.govt.nz] Added 26 new unique paragraphs (288 words) from https://www.dia.govt.nz/Trust-Framework-for-Digital-Identity-Governance. Site words: 200,805. Overall words: 200,805
2025-05-03 22:25:01,830 - INFO - Attempting to fetch: https://www.dia.govt.nz/Trust-Framework-for-Digital-Identity-Providers-of-services
2025-05-03 22:25:03,458 - INFO - Successfully fetched headers for https://www.dia.govt.nz/Trust-Framework-for-Digital-Identity-Providers-of-services (Status: 200, Type: text/html)
2025-05-03 22:25:03,458 - INFO - [www.dia.govt.nz] Processing HTML: https://www.dia.govt.nz/Trust-Framework-for-Digital-Identity-Providers-of-services
2025-05-03 22:25:03,648 - INFO - [www.dia.govt.nz] Added 46 new unique paragraphs (669 words) from https://www.dia.govt.nz/Trust-Framework-for-Digital-Identity-Providers-of-services. Site words: 201,474. Overall words: 201,474
2025-05-03 22:25:06,659 - INFO - Attempting to fetch: https://www.dia.govt.nz/Accreditation-and-maintenance
2025-05-03 22:25:07,916 - INFO - Successfully fetched headers for https://www.dia.govt.nz/Accreditation-and-maintenance (Status: 200, Type: text/html)
2025-05-03 22:25:07,916 - INFO - [www.dia.govt.nz] Processing HTML: https://www.dia.govt.nz/Accreditation-and-maintenance
2025-05-03 22:25:07,966 - INFO - [www.dia.govt.nz] Added 6 new unique paragraphs (48 words) from https://www.dia.govt.nz/Accreditation-and-maintenance. Site words: 201,522. Overall words: 201,522
2025-05-03 22:25:10,970 - INFO - Attempting to fetch: https://www.dia.govt.nz/Trust-Framework-for-Digital-Identity-Legislation
2025-05-03 22:25:12,217 - INFO - Successfully fetched headers for https://www.dia.govt.nz/Trust-Framework-for-Digital-Identity-Legislation (Status: 200, Type: text/html)
2025-05-03 22:25:12,217 - INFO - [www.dia.govt.nz] Processing HTML: https://www.dia.govt.nz/Trust-Framework-for-Digital-Identity-Legislation
2025-05-03 22:25:12,394 - INFO - [www.dia.govt.nz] Added 16 new unique paragraphs (261 words) from https://www.dia.govt.nz/Trust-Framework-for-Digital-Identity-Legislation. Site words: 201,783. Overall words: 201,783
2025-05-03 22:25:15,407 - INFO - Attempting to fetch: https://www.dia.govt.nz/our-social-media
2025-05-03 22:25:16,722 - INFO - Successfully fetched headers for https://www.dia.govt.nz/our-social-media (Status: 200, Type: text/html)
2025-05-03 22:25:16,722 - INFO - [www.dia.govt.nz] Processing HTML: https://www.dia.govt.nz/our-social-media
2025-05-03 22:25:19,783 - INFO - Attempting to fetch: http://www.dia.govt.nz/gambling
2025-05-03 22:25:21,227 - INFO - Successfully fetched headers for http://www.dia.govt.nz/gambling (Status: 200, Type: text/html)
2025-05-03 22:25:21,227 - INFO - [www.dia.govt.nz] Processing HTML: http://www.dia.govt.nz/gambling
2025-05-03 22:25:24,390 - INFO - Attempting to fetch: https://www.dia.govt.nz/Decommissioned-websites
2025-05-03 22:25:25,741 - INFO - Successfully fetched headers for https://www.dia.govt.nz/Decommissioned-websites (Status: 200, Type: text/html)
2025-05-03 22:25:25,749 - INFO - [www.dia.govt.nz] Processing HTML: https://www.dia.govt.nz/Decommissioned-websites
2025-05-03 22:25:25,822 - INFO - [www.dia.govt.nz] Added 28 new unique paragraphs (223 words) from https://www.dia.govt.nz/Decommissioned-websites. Site words: 202,006. Overall words: 202,006
2025-05-03 22:25:28,831 - INFO - Attempting to fetch: http://www.dia.govt.nz/Legal-Copyright-Index
2025-05-03 22:25:31,227 - INFO - Successfully fetched headers for http://www.dia.govt.nz/Legal-Copyright-Index (Status: 200, Type: text/html)
2025-05-03 22:25:31,229 - INFO - [www.dia.govt.nz] Processing HTML: http://www.dia.govt.nz/Legal-Copyright-Index
2025-05-03 22:25:34,325 - INFO - Attempting to fetch: http://www.dia.govt.nz/Latest-updates
2025-05-03 22:25:35,767 - INFO - Successfully fetched headers for http://www.dia.govt.nz/Latest-updates (Status: 200, Type: text/html)
2025-05-03 22:25:35,773 - INFO - [www.dia.govt.nz] Processing HTML: http://www.dia.govt.nz/Latest-updates
2025-05-03 22:25:35,958 - INFO - [www.dia.govt.nz] No new paragraphs extracted or passed cleaning for http://www.dia.govt.nz/Latest-updates
2025-05-03 22:25:38,965 - INFO - Attempting to fetch: http://www.dia.govt.nz/About-Internal-Affairs---Our-portfolios-and-policy-advice
2025-05-03 22:25:40,585 - INFO - Successfully fetched headers for http://www.dia.govt.nz/About-Internal-Affairs---Our-portfolios-and-policy-advice (Status: 200, Type: text/html)
2025-05-03 22:25:40,602 - INFO - [www.dia.govt.nz] Processing HTML: http://www.dia.govt.nz/About-Internal-Affairs---Our-portfolios-and-policy-advice
2025-05-03 22:25:43,752 - INFO - Attempting to fetch: http://www.dia.govt.nz/Media-contacts
2025-05-03 22:25:45,522 - INFO - Successfully fetched headers for http://www.dia.govt.nz/Media-contacts (Status: 200, Type: text/html)
2025-05-03 22:25:45,535 - INFO - [www.dia.govt.nz] Processing HTML: http://www.dia.govt.nz/Media-contacts
2025-05-03 22:25:48,711 - INFO - Attempting to fetch: http://www.dia.govt.nz/Official-Information-Act-requests
2025-05-03 22:25:50,230 - INFO - Successfully fetched headers for http://www.dia.govt.nz/Official-Information-Act-requests (Status: 200, Type: text/html)
2025-05-03 22:25:50,232 - INFO - [www.dia.govt.nz] Processing HTML: http://www.dia.govt.nz/Official-Information-Act-requests
2025-05-03 22:25:53,418 - INFO - Attempting to fetch: http://www.dia.govt.nz/Contact-Us
2025-05-03 22:25:55,148 - INFO - Successfully fetched headers for http://www.dia.govt.nz/Contact-Us (Status: 200, Type: text/html)
2025-05-03 22:25:55,148 - INFO - [www.dia.govt.nz] Processing HTML: http://www.dia.govt.nz/Contact-Us
2025-05-03 22:25:58,418 - INFO - Attempting to fetch: http://www.dia.govt.nz/
2025-05-03 22:25:59,917 - INFO - Successfully fetched headers for http://www.dia.govt.nz/ (Status: 200, Type: text/html)
2025-05-03 22:25:59,917 - INFO - [www.dia.govt.nz] Processing HTML: http://www.dia.govt.nz/
2025-05-03 22:26:03,140 - INFO - Attempting to fetch: http://www.dia.govt.nz/Transparency
2025-05-03 22:26:04,846 - INFO - Successfully fetched headers for http://www.dia.govt.nz/Transparency (Status: 200, Type: text/html)
2025-05-03 22:26:04,862 - INFO - [www.dia.govt.nz] Processing HTML: http://www.dia.govt.nz/Transparency
2025-05-03 22:26:08,070 - INFO - Attempting to fetch: http://www.dia.govt.nz/GovtechTalent-Graduate-Programme
2025-05-03 22:26:10,474 - INFO - Successfully fetched headers for http://www.dia.govt.nz/GovtechTalent-Graduate-Programme (Status: 200, Type: text/html)
2025-05-03 22:26:10,474 - INFO - [www.dia.govt.nz] Processing HTML: http://www.dia.govt.nz/GovtechTalent-Graduate-Programme
2025-05-03 22:26:13,546 - INFO - Attempting to fetch: http://www.dia.govt.nz/About-Internal-Affairs---Careers-with-us---Privacy
2025-05-03 22:26:15,098 - INFO - Successfully fetched headers for http://www.dia.govt.nz/About-Internal-Affairs---Careers-with-us---Privacy (Status: 200, Type: text/html)
2025-05-03 22:26:15,098 - INFO - [www.dia.govt.nz] Processing HTML: http://www.dia.govt.nz/About-Internal-Affairs---Careers-with-us---Privacy
2025-05-03 22:26:18,264 - INFO - Attempting to fetch: http://www.dia.govt.nz/About-Internal-Affairs---Careers-with-us---Summer-Intern-Programme
2025-05-03 22:26:20,150 - INFO - Successfully fetched headers for http://www.dia.govt.nz/About-Internal-Affairs---Careers-with-us---Summer-Intern-Programme (Status: 200, Type: text/html)
2025-05-03 22:26:20,166 - INFO - [www.dia.govt.nz] Processing HTML: http://www.dia.govt.nz/About-Internal-Affairs---Careers-with-us---Summer-Intern-Programme
2025-05-03 22:26:23,313 - INFO - Attempting to fetch: http://www.dia.govt.nz/About-Internal-Affairs---Careers-with-us---Awards
2025-05-03 22:26:24,853 - INFO - Successfully fetched headers for http://www.dia.govt.nz/About-Internal-Affairs---Careers-with-us---Awards (Status: 200, Type: text/html)
2025-05-03 22:26:24,853 - INFO - [www.dia.govt.nz] Processing HTML: http://www.dia.govt.nz/About-Internal-Affairs---Careers-with-us---Awards
2025-05-03 22:26:28,006 - INFO - Attempting to fetch: http://www.dia.govt.nz/Our-websites
2025-05-03 22:26:29,837 - INFO - Successfully fetched headers for http://www.dia.govt.nz/Our-websites (Status: 200, Type: text/html)
2025-05-03 22:26:29,837 - INFO - [www.dia.govt.nz] Processing HTML: http://www.dia.govt.nz/Our-websites
2025-05-03 22:26:33,001 - INFO - Attempting to fetch: http://www.dia.govt.nz/Data-and-statistics
2025-05-03 22:26:34,570 - INFO - Successfully fetched headers for http://www.dia.govt.nz/Data-and-statistics (Status: 200, Type: text/html)
2025-05-03 22:26:34,570 - INFO - [www.dia.govt.nz] Processing HTML: http://www.dia.govt.nz/Data-and-statistics
2025-05-03 22:26:37,716 - INFO - Attempting to fetch: http://www.dia.govt.nz/Publications-and-Reports
2025-05-03 22:26:39,487 - INFO - Successfully fetched headers for http://www.dia.govt.nz/Publications-and-Reports (Status: 200, Type: text/html)
2025-05-03 22:26:39,487 - INFO - [www.dia.govt.nz] Processing HTML: http://www.dia.govt.nz/Publications-and-Reports
2025-05-03 22:26:39,614 - INFO - [www.dia.govt.nz] No new paragraphs extracted or passed cleaning for http://www.dia.govt.nz/Publications-and-Reports
2025-05-03 22:26:42,624 - INFO - Attempting to fetch: http://www.dia.govt.nz/About-Internal-Affairs
2025-05-03 22:26:44,318 - INFO - Successfully fetched headers for http://www.dia.govt.nz/About-Internal-Affairs (Status: 200, Type: text/html)
2025-05-03 22:26:44,321 - INFO - [www.dia.govt.nz] Processing HTML: http://www.dia.govt.nz/About-Internal-Affairs
2025-05-03 22:26:47,453 - INFO - Attempting to fetch: http://www.dia.govt.nz/Accessibility
2025-05-03 22:26:49,299 - INFO - Successfully fetched headers for http://www.dia.govt.nz/Accessibility (Status: 200, Type: text/html)
2025-05-03 22:26:49,299 - INFO - [www.dia.govt.nz] Processing HTML: http://www.dia.govt.nz/Accessibility
2025-05-03 22:26:52,430 - INFO - Attempting to fetch: http://www.dia.govt.nz/Terms-of-use
2025-05-03 22:26:53,911 - INFO - Successfully fetched headers for http://www.dia.govt.nz/Terms-of-use (Status: 200, Type: text/html)
2025-05-03 22:26:53,911 - INFO - [www.dia.govt.nz] Processing HTML: http://www.dia.govt.nz/Terms-of-use
2025-05-03 22:26:57,039 - INFO - Attempting to fetch: http://www.dia.govt.nz/About-Internal-Affairs---Our-people
2025-05-03 22:26:58,554 - INFO - Successfully fetched headers for http://www.dia.govt.nz/About-Internal-Affairs---Our-people (Status: 200, Type: text/html)
2025-05-03 22:26:58,556 - INFO - [www.dia.govt.nz] Processing HTML: http://www.dia.govt.nz/About-Internal-Affairs---Our-people
2025-05-03 22:27:01,678 - INFO - Attempting to fetch: http://www.dia.govt.nz/For-government
2025-05-03 22:27:03,418 - INFO - Successfully fetched headers for http://www.dia.govt.nz/For-government (Status: 200, Type: text/html)
2025-05-03 22:27:03,418 - INFO - [www.dia.govt.nz] Processing HTML: http://www.dia.govt.nz/For-government
2025-05-03 22:27:06,554 - INFO - Attempting to fetch: http://www.dia.govt.nz/Sustainability
2025-05-03 22:27:08,048 - INFO - Successfully fetched headers for http://www.dia.govt.nz/Sustainability (Status: 200, Type: text/html)
2025-05-03 22:27:08,048 - INFO - [www.dia.govt.nz] Processing HTML: http://www.dia.govt.nz/Sustainability
2025-05-03 22:27:11,193 - INFO - Attempting to fetch: http://www.dia.govt.nz/About-Internal-Affairs-Holidays-Act-Remediation
2025-05-03 22:27:13,028 - INFO - Successfully fetched headers for http://www.dia.govt.nz/About-Internal-Affairs-Holidays-Act-Remediation (Status: 200, Type: text/html)
2025-05-03 22:27:13,031 - INFO - [www.dia.govt.nz] Processing HTML: http://www.dia.govt.nz/About-Internal-Affairs-Holidays-Act-Remediation
2025-05-03 22:27:16,155 - INFO - Attempting to fetch: http://www.dia.govt.nz/Contact-us
2025-05-03 22:27:18,124 - INFO - Successfully fetched headers for http://www.dia.govt.nz/Contact-us (Status: 200, Type: text/html)
2025-05-03 22:27:18,127 - INFO - [www.dia.govt.nz] Processing HTML: http://www.dia.govt.nz/Contact-us
2025-05-03 22:27:21,319 - INFO - Attempting to fetch: http://www.dia.govt.nz/Our-social-media
2025-05-03 22:27:22,820 - INFO - Successfully fetched headers for http://www.dia.govt.nz/Our-social-media (Status: 200, Type: text/html)
2025-05-03 22:27:22,820 - INFO - [www.dia.govt.nz] Processing HTML: http://www.dia.govt.nz/Our-social-media
2025-05-03 22:27:25,948 - INFO - Attempting to fetch: http://www.dia.govt.nz/About-Us---Careers-with-us---Public-Sector-Finance-Graduate-Programme
2025-05-03 22:27:27,621 - INFO - Successfully fetched headers for http://www.dia.govt.nz/About-Us---Careers-with-us---Public-Sector-Finance-Graduate-Programme (Status: 200, Type: text/html)
2025-05-03 22:27:27,631 - INFO - [www.dia.govt.nz] Processing HTML: http://www.dia.govt.nz/About-Us---Careers-with-us---Public-Sector-Finance-Graduate-Programme
2025-05-03 22:27:30,744 - INFO - Attempting to fetch: http://www.dia.govt.nz/For-people-and-businesses
2025-05-03 22:27:32,605 - INFO - Successfully fetched headers for http://www.dia.govt.nz/For-people-and-businesses (Status: 200, Type: text/html)
2025-05-03 22:27:32,621 - INFO - [www.dia.govt.nz] Processing HTML: http://www.dia.govt.nz/For-people-and-businesses
2025-05-03 22:27:35,784 - INFO - Attempting to fetch: http://www.dia.govt.nz/About-Internal-Affairs---Ministers-and-governance
2025-05-03 22:27:37,405 - INFO - Successfully fetched headers for http://www.dia.govt.nz/About-Internal-Affairs---Ministers-and-governance (Status: 200, Type: text/html)
2025-05-03 22:27:37,405 - INFO - [www.dia.govt.nz] Processing HTML: http://www.dia.govt.nz/About-Internal-Affairs---Ministers-and-governance
2025-05-03 22:27:40,531 - INFO - Attempting to fetch: https://www.dia.govt.nz/Life-and-Identity-Services-Performance-Measures-Dashboard
2025-05-03 22:27:41,563 - INFO - Successfully fetched headers for https://www.dia.govt.nz/Life-and-Identity-Services-Performance-Measures-Dashboard (Status: 200, Type: text/html)
2025-05-03 22:27:41,565 - INFO - [www.dia.govt.nz] Processing HTML: https://www.dia.govt.nz/Life-and-Identity-Services-Performance-Measures-Dashboard
2025-05-03 22:27:41,722 - INFO - [www.dia.govt.nz] Added 6 new unique paragraphs (83 words) from https://www.dia.govt.nz/Life-and-Identity-Services-Performance-Measures-Dashboard. Site words: 202,089. Overall words: 202,089
2025-05-03 22:27:44,724 - INFO - Attempting to fetch: https://www.dia.govt.nz/diawebsite.nsf/Files/Local-Government-Cyclone-Response-Unit/$file/Proposal-Document-Auckland-OiC-1.pdf
2025-05-03 22:27:46,007 - INFO - Successfully fetched headers for https://www.dia.govt.nz/diawebsite.nsf/Files/Local-Government-Cyclone-Response-Unit/$file/Proposal-Document-Auckland-OiC-1.pdf (Status: 200, Type: application/pdf)
2025-05-03 22:27:46,007 - INFO - [www.dia.govt.nz] Processing PDF: https://www.dia.govt.nz/diawebsite.nsf/Files/Local-Government-Cyclone-Response-Unit/$file/Proposal-Document-Auckland-OiC-1.pdf
2025-05-03 22:27:46,735 - INFO - Attempted text extraction from PDF (2 pages)
2025-05-03 22:27:46,738 - INFO - [www.dia.govt.nz] Added 2 new unique paragraphs (790 words) from https://www.dia.govt.nz/diawebsite.nsf/Files/Local-Government-Cyclone-Response-Unit/$file/Proposal-Document-Auckland-OiC-1.pdf. Site words: 202,879. Overall words: 202,879
2025-05-03 22:27:49,740 - INFO - Attempting to fetch: https://www.dia.govt.nz/vwluResources/Proposal-to-amend-eight-councils’-long-term-planning-requirements/$file/Proposal%20to%20amend%20eight%20councils’%20long-term%20planning%20requirements.pdf
2025-05-03 22:27:51,265 - INFO - Successfully fetched headers for https://www.dia.govt.nz/vwluResources/Proposal-to-amend-eight-councils’-long-term-planning-requirements/$file/Proposal%20to%20amend%20eight%20councils’%20long-term%20planning%20requirements.pdf (Status: 200, Type: application/pdf)
2025-05-03 22:27:51,265 - INFO - [www.dia.govt.nz] Processing PDF: https://www.dia.govt.nz/vwluResources/Proposal-to-amend-eight-councils’-long-term-planning-requirements/$file/Proposal%20to%20amend%20eight%20councils’%20long-term%20planning%20requirements.pdf
2025-05-03 22:27:52,267 - INFO - Attempted text extraction from PDF (3 pages)
2025-05-03 22:27:52,268 - INFO - [www.dia.govt.nz] Added 3 new unique paragraphs (1065 words) from https://www.dia.govt.nz/vwluResources/Proposal-to-amend-eight-councils’-long-term-planning-requirements/$file/Proposal%20to%20amend%20eight%20councils’%20long-term%20planning%20requirements.pdf. Site words: 203,944. Overall words: 203,944
2025-05-03 22:27:55,269 - INFO - Attempting to fetch: https://www.dia.govt.nz/Digital-Child-Exploitation-Contact-Us
2025-05-03 22:27:56,430 - INFO - Successfully fetched headers for https://www.dia.govt.nz/Digital-Child-Exploitation-Contact-Us (Status: 200, Type: text/html)
2025-05-03 22:27:56,432 - INFO - [www.dia.govt.nz] Processing HTML: https://www.dia.govt.nz/Digital-Child-Exploitation-Contact-Us
2025-05-03 22:27:56,595 - INFO - [www.dia.govt.nz] Added 12 new unique paragraphs (75 words) from https://www.dia.govt.nz/Digital-Child-Exploitation-Contact-Us. Site words: 204,019. Overall words: 204,019
2025-05-03 22:27:59,597 - INFO - Attempting to fetch: https://www.dia.govt.nz/Upgrades-to-the-New-Zealand-Passports-system
2025-05-03 22:28:00,703 - INFO - Successfully fetched headers for https://www.dia.govt.nz/Upgrades-to-the-New-Zealand-Passports-system (Status: 200, Type: text/html)
2025-05-03 22:28:00,705 - INFO - [www.dia.govt.nz] Processing HTML: https://www.dia.govt.nz/Upgrades-to-the-New-Zealand-Passports-system
2025-05-03 22:28:00,912 - INFO - [www.dia.govt.nz] Added 25 new unique paragraphs (506 words) from https://www.dia.govt.nz/Upgrades-to-the-New-Zealand-Passports-system. Site words: 204,525. Overall words: 204,525
2025-05-03 22:28:03,914 - INFO - Attempting to fetch: https://www.dia.govt.nz/Our-public-offices
2025-05-03 22:28:05,039 - INFO - Successfully fetched headers for https://www.dia.govt.nz/Our-public-offices (Status: 200, Type: text/html)
2025-05-03 22:28:05,041 - INFO - [www.dia.govt.nz] Processing HTML: https://www.dia.govt.nz/Our-public-offices
2025-05-03 22:28:05,214 - INFO - [www.dia.govt.nz] Added 50 new unique paragraphs (323 words) from https://www.dia.govt.nz/Our-public-offices. Site words: 204,848. Overall words: 204,848
2025-05-03 22:28:08,216 - INFO - Attempting to fetch: https://www.dia.govt.nz/Services-Other-Services-Visits-and-Ceremonial-Events
2025-05-03 22:28:10,080 - INFO - Successfully fetched headers for https://www.dia.govt.nz/Services-Other-Services-Visits-and-Ceremonial-Events (Status: 200, Type: text/html)
2025-05-03 22:28:10,082 - INFO - [www.dia.govt.nz] Processing HTML: https://www.dia.govt.nz/Services-Other-Services-Visits-and-Ceremonial-Events
2025-05-03 22:28:10,135 - INFO - [www.dia.govt.nz] No new paragraphs extracted or passed cleaning for https://www.dia.govt.nz/Services-Other-Services-Visits-and-Ceremonial-Events
2025-05-03 22:28:13,137 - INFO - Attempting to fetch: https://www.dia.govt.nz/Translation-Contact-us
2025-05-03 22:28:14,321 - INFO - Successfully fetched headers for https://www.dia.govt.nz/Translation-Contact-us (Status: 200, Type: text/html)
2025-05-03 22:28:14,321 - INFO - [www.dia.govt.nz] Processing HTML: https://www.dia.govt.nz/Translation-Contact-us
2025-05-03 22:28:14,454 - INFO - [www.dia.govt.nz] Added 12 new unique paragraphs (126 words) from https://www.dia.govt.nz/Translation-Contact-us. Site words: 204,974. Overall words: 204,974
2025-05-03 22:28:17,458 - INFO - Attempting to fetch: https://www.dia.govt.nz/Lake-Taupo-Contact-Us
2025-05-03 22:28:18,621 - INFO - Successfully fetched headers for https://www.dia.govt.nz/Lake-Taupo-Contact-Us (Status: 200, Type: text/html)
2025-05-03 22:28:18,632 - INFO - [www.dia.govt.nz] Processing HTML: https://www.dia.govt.nz/Lake-Taupo-Contact-Us
2025-05-03 22:28:18,674 - INFO - [www.dia.govt.nz] Added 11 new unique paragraphs (55 words) from https://www.dia.govt.nz/Lake-Taupo-Contact-Us. Site words: 205,029. Overall words: 205,029
2025-05-03 22:28:21,676 - INFO - Attempting to fetch: https://www.dia.govt.nz/Spam-Contact-Us
2025-05-03 22:28:22,504 - INFO - Successfully fetched headers for https://www.dia.govt.nz/Spam-Contact-Us (Status: 200, Type: text/html)
2025-05-03 22:28:22,504 - INFO - [www.dia.govt.nz] Processing HTML: https://www.dia.govt.nz/Spam-Contact-Us
2025-05-03 22:28:22,654 - INFO - [www.dia.govt.nz] Added 3 new unique paragraphs (52 words) from https://www.dia.govt.nz/Spam-Contact-Us. Site words: 205,081. Overall words: 205,081
2025-05-03 22:28:25,667 - INFO - Attempting to fetch: https://www.dia.govt.nz/Services-Casino-and-Non-Casino-Gaming-Contact-the-gambling-group
2025-05-03 22:28:28,040 - INFO - Successfully fetched headers for https://www.dia.govt.nz/Services-Casino-and-Non-Casino-Gaming-Contact-the-gambling-group (Status: 200, Type: text/html)
2025-05-03 22:28:28,053 - INFO - [www.dia.govt.nz] Processing HTML: https://www.dia.govt.nz/Services-Casino-and-Non-Casino-Gaming-Contact-the-gambling-group
2025-05-03 22:28:28,107 - INFO - [www.dia.govt.nz] No new paragraphs extracted or passed cleaning for https://www.dia.govt.nz/Services-Casino-and-Non-Casino-Gaming-Contact-the-gambling-group
2025-05-03 22:28:31,121 - INFO - Attempting to fetch: https://www.dia.govt.nz/Legal-Complaints-Procedure-Index
2025-05-03 22:28:35,261 - INFO - Successfully fetched headers for https://www.dia.govt.nz/Legal-Complaints-Procedure-Index (Status: 200, Type: text/html)
2025-05-03 22:28:35,261 - INFO - [www.dia.govt.nz] Processing HTML: https://www.dia.govt.nz/Legal-Complaints-Procedure-Index
2025-05-03 22:28:35,322 - INFO - [www.dia.govt.nz] No new paragraphs extracted or passed cleaning for https://www.dia.govt.nz/Legal-Complaints-Procedure-Index
2025-05-03 22:28:38,326 - INFO - Attempting to fetch: https://www.dia.govt.nz/AML-CFT-Contact-us
2025-05-03 22:28:39,407 - INFO - Successfully fetched headers for https://www.dia.govt.nz/AML-CFT-Contact-us (Status: 200, Type: text/html)
2025-05-03 22:28:39,407 - INFO - [www.dia.govt.nz] Processing HTML: https://www.dia.govt.nz/AML-CFT-Contact-us
2025-05-03 22:28:39,423 - INFO - [www.dia.govt.nz] Added 8 new unique paragraphs (119 words) from https://www.dia.govt.nz/AML-CFT-Contact-us. Site words: 205,200. Overall words: 205,200
2025-05-03 22:28:42,432 - INFO - Attempting to fetch: http://www.dia.govt.nz/About-Internal-Affairs---Ministers-and-governance---Letters-of-Expectation
2025-05-03 22:28:44,309 - INFO - Successfully fetched headers for http://www.dia.govt.nz/About-Internal-Affairs---Ministers-and-governance---Letters-of-Expectation (Status: 200, Type: text/html)
2025-05-03 22:28:44,309 - INFO - [www.dia.govt.nz] Processing HTML: http://www.dia.govt.nz/About-Internal-Affairs---Ministers-and-governance---Letters-of-Expectation
2025-05-03 22:28:47,452 - INFO - Attempting to fetch: https://www.dia.govt.nz/diawebsite.nsf/Files/AISA-Agreement/$file/AISA-Schedule-E-Signed.pdf
2025-05-03 22:28:48,564 - INFO - Successfully fetched headers for https://www.dia.govt.nz/diawebsite.nsf/Files/AISA-Agreement/$file/AISA-Schedule-E-Signed.pdf (Status: 200, Type: application/pdf)
2025-05-03 22:28:48,567 - INFO - [www.dia.govt.nz] Processing PDF: https://www.dia.govt.nz/diawebsite.nsf/Files/AISA-Agreement/$file/AISA-Schedule-E-Signed.pdf
2025-05-03 22:28:49,057 - INFO - Attempted text extraction from PDF (1 pages)
2025-05-03 22:28:49,057 - INFO - [www.dia.govt.nz] Added 2 new unique paragraphs (196 words) from https://www.dia.govt.nz/diawebsite.nsf/Files/AISA-Agreement/$file/AISA-Schedule-E-Signed.pdf. Site words: 205,396. Overall words: 205,396
2025-05-03 22:28:52,060 - INFO - Attempting to fetch: https://www.dia.govt.nz/diawebsite.nsf/Files/AISA-Agreement/$file/ghic-quarterly-insights-report-september-2023.pdf
2025-05-03 22:28:53,401 - INFO - Successfully fetched headers for https://www.dia.govt.nz/diawebsite.nsf/Files/AISA-Agreement/$file/ghic-quarterly-insights-report-september-2023.pdf (Status: 200, Type: application/pdf)
2025-05-03 22:28:53,402 - INFO - [www.dia.govt.nz] Processing PDF: https://www.dia.govt.nz/diawebsite.nsf/Files/AISA-Agreement/$file/ghic-quarterly-insights-report-september-2023.pdf
2025-05-03 22:28:55,025 - INFO - Attempted text extraction from PDF (2 pages)
2025-05-03 22:28:55,025 - INFO - [www.dia.govt.nz] Added 237 new unique paragraphs (1589 words) from https://www.dia.govt.nz/diawebsite.nsf/Files/AISA-Agreement/$file/ghic-quarterly-insights-report-september-2023.pdf. Site words: 206,985. Overall words: 206,985
2025-05-03 22:28:58,035 - INFO - Attempting to fetch: https://www.dia.govt.nz/diawebsite.nsf/Files/AISA-Agreement/$file/Direct-Access-Agreement-DIA-Privacy-Impact-Assessment.pdf
2025-05-03 22:28:59,771 - INFO - Successfully fetched headers for https://www.dia.govt.nz/diawebsite.nsf/Files/AISA-Agreement/$file/Direct-Access-Agreement-DIA-Privacy-Impact-Assessment.pdf (Status: 200, Type: application/pdf)
2025-05-03 22:28:59,772 - INFO - [www.dia.govt.nz] Processing PDF: https://www.dia.govt.nz/diawebsite.nsf/Files/AISA-Agreement/$file/Direct-Access-Agreement-DIA-Privacy-Impact-Assessment.pdf
2025-05-03 22:29:02,990 - INFO - Attempted text extraction from PDF (24 pages)
2025-05-03 22:29:02,990 - INFO - [www.dia.govt.nz] Added 120 new unique paragraphs (6764 words) from https://www.dia.govt.nz/diawebsite.nsf/Files/AISA-Agreement/$file/Direct-Access-Agreement-DIA-Privacy-Impact-Assessment.pdf. Site words: 213,749. Overall words: 213,749
2025-05-03 22:29:06,004 - INFO - Attempting to fetch: https://www.dia.govt.nz/Privacy-organisations-that-DIA-shares-death-information-with-directly
2025-05-03 22:29:07,333 - INFO - Successfully fetched headers for https://www.dia.govt.nz/Privacy-organisations-that-DIA-shares-death-information-with-directly (Status: 200, Type: text/html)
2025-05-03 22:29:07,333 - INFO - [www.dia.govt.nz] Processing HTML: https://www.dia.govt.nz/Privacy-organisations-that-DIA-shares-death-information-with-directly
2025-05-03 22:29:07,476 - INFO - [www.dia.govt.nz] Added 18 new unique paragraphs (235 words) from https://www.dia.govt.nz/Privacy-organisations-that-DIA-shares-death-information-with-directly. Site words: 213,984. Overall words: 213,984
2025-05-03 22:29:10,485 - INFO - Attempting to fetch: https://www.dia.govt.nz/diawebsite.nsf/Files/AISA-Agreement/$file/IR_DIA-Passports-AISA-April-2018.pdf
2025-05-03 22:29:11,436 - INFO - Successfully fetched headers for https://www.dia.govt.nz/diawebsite.nsf/Files/AISA-Agreement/$file/IR_DIA-Passports-AISA-April-2018.pdf (Status: 200, Type: application/pdf)
2025-05-03 22:29:11,438 - INFO - [www.dia.govt.nz] Processing PDF: https://www.dia.govt.nz/diawebsite.nsf/Files/AISA-Agreement/$file/IR_DIA-Passports-AISA-April-2018.pdf
2025-05-03 22:29:16,628 - INFO - Attempted text extraction from PDF (15 pages)
2025-05-03 22:29:16,633 - INFO - [www.dia.govt.nz] Added 353 new unique paragraphs (3686 words) from https://www.dia.govt.nz/diawebsite.nsf/Files/AISA-Agreement/$file/IR_DIA-Passports-AISA-April-2018.pdf. Site words: 217,670. Overall words: 217,670
2025-05-03 22:29:19,635 - INFO - Attempting to fetch: https://www.dia.govt.nz/diawebsite.nsf/Files/Customer-Nominated-Services-AISA/$file/Customer-Nominated-Services-AISA-(signed).pdf
2025-05-03 22:29:21,080 - INFO - Successfully fetched headers for https://www.dia.govt.nz/diawebsite.nsf/Files/Customer-Nominated-Services-AISA/$file/Customer-Nominated-Services-AISA-(signed).pdf (Status: 200, Type: application/pdf)
2025-05-03 22:29:21,083 - INFO - [www.dia.govt.nz] Processing PDF: https://www.dia.govt.nz/diawebsite.nsf/Files/Customer-Nominated-Services-AISA/$file/Customer-Nominated-Services-AISA-(signed).pdf
2025-05-03 22:29:24,202 - INFO - Attempted text extraction from PDF (51 pages)
2025-05-03 22:29:24,212 - INFO - [www.dia.govt.nz] Added 23 new unique paragraphs (14046 words) from https://www.dia.govt.nz/diawebsite.nsf/Files/Customer-Nominated-Services-AISA/$file/Customer-Nominated-Services-AISA-(signed).pdf. Site words: 231,716. Overall words: 231,716
2025-05-03 22:29:27,213 - INFO - Attempting to fetch: https://www.dia.govt.nz/diawebsite.nsf/Files/AISA-Agreement/$file/Direct-Access-Agreement-DIA.pdf
2025-05-03 22:29:28,389 - INFO - Successfully fetched headers for https://www.dia.govt.nz/diawebsite.nsf/Files/AISA-Agreement/$file/Direct-Access-Agreement-DIA.pdf (Status: 200, Type: application/pdf)
2025-05-03 22:29:28,405 - INFO - [www.dia.govt.nz] Processing PDF: https://www.dia.govt.nz/diawebsite.nsf/Files/AISA-Agreement/$file/Direct-Access-Agreement-DIA.pdf
2025-05-03 22:29:29,780 - INFO - Attempted text extraction from PDF (10 pages)
2025-05-03 22:29:29,780 - INFO - [www.dia.govt.nz] Added 286 new unique paragraphs (3084 words) from https://www.dia.govt.nz/diawebsite.nsf/Files/AISA-Agreement/$file/Direct-Access-Agreement-DIA.pdf. Site words: 234,800. Overall words: 234,800
2025-05-03 22:29:32,797 - INFO - Attempting to fetch: https://www.dia.govt.nz/diawebsite.nsf/Files/AISA-Agreement/$file/ghic-quarterly-insights-report-june-2023.pdf
2025-05-03 22:29:34,128 - INFO - Successfully fetched headers for https://www.dia.govt.nz/diawebsite.nsf/Files/AISA-Agreement/$file/ghic-quarterly-insights-report-june-2023.pdf (Status: 200, Type: application/pdf)
2025-05-03 22:29:34,131 - INFO - [www.dia.govt.nz] Processing PDF: https://www.dia.govt.nz/diawebsite.nsf/Files/AISA-Agreement/$file/ghic-quarterly-insights-report-june-2023.pdf
2025-05-03 22:29:37,203 - INFO - Attempted text extraction from PDF (2 pages)
2025-05-03 22:29:37,207 - INFO - [www.dia.govt.nz] Added 107 new unique paragraphs (700 words) from https://www.dia.govt.nz/diawebsite.nsf/Files/AISA-Agreement/$file/ghic-quarterly-insights-report-june-2023.pdf. Site words: 235,500. Overall words: 235,500
2025-05-03 22:29:40,209 - INFO - Attempting to fetch: https://www.dia.govt.nz/diawebsite.nsf/Files/AISA-Agreement/$file/AISA-Schedule-B-signed.pdf
2025-05-03 22:29:41,340 - INFO - Successfully fetched headers for https://www.dia.govt.nz/diawebsite.nsf/Files/AISA-Agreement/$file/AISA-Schedule-B-signed.pdf (Status: 200, Type: application/pdf)
2025-05-03 22:29:41,342 - INFO - [www.dia.govt.nz] Processing PDF: https://www.dia.govt.nz/diawebsite.nsf/Files/AISA-Agreement/$file/AISA-Schedule-B-signed.pdf
2025-05-03 22:29:42,014 - INFO - Attempted text extraction from PDF (2 pages)
2025-05-03 22:29:42,014 - INFO - [www.dia.govt.nz] Added 1 new unique paragraphs (279 words) from https://www.dia.govt.nz/diawebsite.nsf/Files/AISA-Agreement/$file/AISA-Schedule-B-signed.pdf. Site words: 235,779. Overall words: 235,779
2025-05-03 22:29:45,016 - INFO - Attempting to fetch: https://www.dia.govt.nz/diawebsite.nsf/Files/AISA-Agreement/$file/AISA-Schedule-F.pdf
2025-05-03 22:29:46,366 - INFO - Successfully fetched headers for https://www.dia.govt.nz/diawebsite.nsf/Files/AISA-Agreement/$file/AISA-Schedule-F.pdf (Status: 200, Type: application/pdf)
2025-05-03 22:29:46,370 - INFO - [www.dia.govt.nz] Processing PDF: https://www.dia.govt.nz/diawebsite.nsf/Files/AISA-Agreement/$file/AISA-Schedule-F.pdf
2025-05-03 22:29:46,797 - INFO - Attempted text extraction from PDF (2 pages)
2025-05-03 22:29:46,798 - INFO - [www.dia.govt.nz] Added 1 new unique paragraphs (293 words) from https://www.dia.govt.nz/diawebsite.nsf/Files/AISA-Agreement/$file/AISA-Schedule-F.pdf. Site words: 236,072. Overall words: 236,072
2025-05-03 22:29:49,801 - INFO - Attempting to fetch: https://www.dia.govt.nz/Privacy-organisations-that-are-Intermediaries-to-the-deaths-AISA
2025-05-03 22:29:50,646 - INFO - Successfully fetched headers for https://www.dia.govt.nz/Privacy-organisations-that-are-Intermediaries-to-the-deaths-AISA (Status: 200, Type: text/html)
2025-05-03 22:29:50,648 - INFO - [www.dia.govt.nz] Processing HTML: https://www.dia.govt.nz/Privacy-organisations-that-are-Intermediaries-to-the-deaths-AISA
2025-05-03 22:29:50,784 - INFO - [www.dia.govt.nz] Added 12 new unique paragraphs (196 words) from https://www.dia.govt.nz/Privacy-organisations-that-are-Intermediaries-to-the-deaths-AISA. Site words: 236,268. Overall words: 236,268
2025-05-03 22:29:53,786 - INFO - Attempting to fetch: https://www.dia.govt.nz/diawebsite.nsf/Files/AISA-Agreement/$file/Deaths-AISA-final-signed-November-2022.pdf
2025-05-03 22:29:55,055 - INFO - Successfully fetched headers for https://www.dia.govt.nz/diawebsite.nsf/Files/AISA-Agreement/$file/Deaths-AISA-final-signed-November-2022.pdf (Status: 200, Type: application/pdf)
2025-05-03 22:29:55,071 - INFO - [www.dia.govt.nz] Processing PDF: https://www.dia.govt.nz/diawebsite.nsf/Files/AISA-Agreement/$file/Deaths-AISA-final-signed-November-2022.pdf
2025-05-03 22:30:34,440 - INFO - Attempted text extraction from PDF (40 pages)
2025-05-03 22:30:34,456 - INFO - [www.dia.govt.nz] Added 700 new unique paragraphs (7461 words) from https://www.dia.govt.nz/diawebsite.nsf/Files/AISA-Agreement/$file/Deaths-AISA-final-signed-November-2022.pdf. Site words: 243,729. Overall words: 243,729
2025-05-03 22:30:37,459 - INFO - Attempting to fetch: https://www.dia.govt.nz/diawebsite.nsf/Files/AISA-Agreement/$file/AISA-Schedule-C-Signed.pdf
2025-05-03 22:30:38,850 - INFO - Successfully fetched headers for https://www.dia.govt.nz/diawebsite.nsf/Files/AISA-Agreement/$file/AISA-Schedule-C-Signed.pdf (Status: 200, Type: application/pdf)
2025-05-03 22:30:38,850 - INFO - [www.dia.govt.nz] Processing PDF: https://www.dia.govt.nz/diawebsite.nsf/Files/AISA-Agreement/$file/AISA-Schedule-C-Signed.pdf
2025-05-03 22:30:39,362 - INFO - Attempted text extraction from PDF (1 pages)
2025-05-03 22:30:39,376 - INFO - [www.dia.govt.nz] Added 2 new unique paragraphs (191 words) from https://www.dia.govt.nz/diawebsite.nsf/Files/AISA-Agreement/$file/AISA-Schedule-C-Signed.pdf. Site words: 243,920. Overall words: 243,920
2025-05-03 22:30:42,379 - INFO - Attempting to fetch: https://www.dia.govt.nz/diawebsite.nsf/Files/IdentityServicesApprovedInformationSharingAgreement/$file/IdentityServices-Approved-Information-Sharing-Agreement.pdf
2025-05-03 22:30:43,530 - INFO - Successfully fetched headers for https://www.dia.govt.nz/diawebsite.nsf/Files/IdentityServicesApprovedInformationSharingAgreement/$file/IdentityServices-Approved-Information-Sharing-Agreement.pdf (Status: 200, Type: application/pdf)
2025-05-03 22:30:43,536 - INFO - [www.dia.govt.nz] Processing PDF: https://www.dia.govt.nz/diawebsite.nsf/Files/IdentityServicesApprovedInformationSharingAgreement/$file/IdentityServices-Approved-Information-Sharing-Agreement.pdf
2025-05-03 22:30:53,780 - INFO - Attempted text extraction from PDF (24 pages)
2025-05-03 22:30:53,786 - INFO - [www.dia.govt.nz] Added 578 new unique paragraphs (5859 words) from https://www.dia.govt.nz/diawebsite.nsf/Files/IdentityServicesApprovedInformationSharingAgreement/$file/IdentityServices-Approved-Information-Sharing-Agreement.pdf. Site words: 249,779. Overall words: 249,779
2025-05-03 22:30:59,819 - INFO - Attempting to fetch: https://www.dia.govt.nz/diawebsite.nsf/Files/Proactive-Releases-2024-25/$file/Minister-for-Local-Government-Status-Report-WE-5-September-2024.pdf
2025-05-03 22:31:00,952 - INFO - Successfully fetched headers for https://www.dia.govt.nz/diawebsite.nsf/Files/Proactive-Releases-2024-25/$file/Minister-for-Local-Government-Status-Report-WE-5-September-2024.pdf (Status: 200, Type: application/pdf)
2025-05-03 22:31:00,952 - INFO - [www.dia.govt.nz] Processing PDF: https://www.dia.govt.nz/diawebsite.nsf/Files/Proactive-Releases-2024-25/$file/Minister-for-Local-Government-Status-Report-WE-5-September-2024.pdf
2025-05-03 22:31:23,461 - INFO - Attempted text extraction from PDF (19 pages)
2025-05-03 22:31:23,461 - INFO - [www.dia.govt.nz] Added 11 new unique paragraphs (633 words) from https://www.dia.govt.nz/diawebsite.nsf/Files/Proactive-Releases-2024-25/$file/Minister-for-Local-Government-Status-Report-WE-5-September-2024.pdf. Site words: 250,412. Overall words: 250,412
2025-05-03 22:31:26,472 - INFO - Attempting to fetch: https://www.dia.govt.nz/diawebsite.nsf/Files/Proactive-Releases-2024-25/$file/LG20244068-Giving-effect-to-Treaty-settlements-and-other-Treaty-obligations-(03-Oct-24).pdf
2025-05-03 22:31:27,926 - INFO - Successfully fetched headers for https://www.dia.govt.nz/diawebsite.nsf/Files/Proactive-Releases-2024-25/$file/LG20244068-Giving-effect-to-Treaty-settlements-and-other-Treaty-obligations-(03-Oct-24).pdf (Status: 200, Type: application/pdf)
2025-05-03 22:31:27,926 - INFO - [www.dia.govt.nz] Processing PDF: https://www.dia.govt.nz/diawebsite.nsf/Files/Proactive-Releases-2024-25/$file/LG20244068-Giving-effect-to-Treaty-settlements-and-other-Treaty-obligations-(03-Oct-24).pdf
2025-05-03 22:31:34,921 - ERROR - [www.dia.govt.nz] Error processing content from https://www.dia.govt.nz/diawebsite.nsf/Files/Proactive-Releases-2024-25/$file/LG20244068-Giving-effect-to-Treaty-settlements-and-other-Treaty-obligations-(03-Oct-24).pdf: ('Connection broken: IncompleteRead(1162815 bytes read, 418038 more expected)', IncompleteRead(1162815 bytes read, 418038 more expected))
Traceback (most recent call last):
  File "C:\Users\LENOVO\AppData\Local\Packages\PythonSoftwareFoundation.Python.3.11_qbz5n2kfra8p0\LocalCache\local-packages\Python311\site-packages\urllib3\response.py", line 754, in _error_catcher
    yield
  File "C:\Users\LENOVO\AppData\Local\Packages\PythonSoftwareFoundation.Python.3.11_qbz5n2kfra8p0\LocalCache\local-packages\Python311\site-packages\urllib3\response.py", line 900, in _raw_read
    raise IncompleteRead(self._fp_bytes_read, self.length_remaining)
urllib3.exceptions.IncompleteRead: IncompleteRead(1162815 bytes read, 418038 more expected)

The above exception was the direct cause of the following exception:

Traceback (most recent call last):
  File "C:\Users\LENOVO\AppData\Local\Packages\PythonSoftwareFoundation.Python.3.11_qbz5n2kfra8p0\LocalCache\local-packages\Python311\site-packages\requests\models.py", line 820, in generate
    yield from self.raw.stream(chunk_size, decode_content=True)
  File "C:\Users\LENOVO\AppData\Local\Packages\PythonSoftwareFoundation.Python.3.11_qbz5n2kfra8p0\LocalCache\local-packages\Python311\site-packages\urllib3\response.py", line 1066, in stream
    data = self.read(amt=amt, decode_content=decode_content)
           ^^^^^^^^^^^^^^^^^^^^^^^^^^^^^^^^^^^^^^^^^^^^^^^^^
  File "C:\Users\LENOVO\AppData\Local\Packages\PythonSoftwareFoundation.Python.3.11_qbz5n2kfra8p0\LocalCache\local-packages\Python311\site-packages\urllib3\response.py", line 983, in read
    data = self._raw_read(amt)
           ^^^^^^^^^^^^^^^^^^^
  File "C:\Users\LENOVO\AppData\Local\Packages\PythonSoftwareFoundation.Python.3.11_qbz5n2kfra8p0\LocalCache\local-packages\Python311\site-packages\urllib3\response.py", line 878, in _raw_read
    with self._error_catcher():
  File "C:\Program Files\WindowsApps\PythonSoftwareFoundation.Python.3.11_3.11.2544.0_x64__qbz5n2kfra8p0\Lib\contextlib.py", line 158, in __exit__
    self.gen.throw(typ, value, traceback)
  File "C:\Users\LENOVO\AppData\Local\Packages\PythonSoftwareFoundation.Python.3.11_qbz5n2kfra8p0\LocalCache\local-packages\Python311\site-packages\urllib3\response.py", line 778, in _error_catcher
    raise ProtocolError(arg, e) from e
urllib3.exceptions.ProtocolError: ('Connection broken: IncompleteRead(1162815 bytes read, 418038 more expected)', IncompleteRead(1162815 bytes read, 418038 more expected))

During handling of the above exception, another exception occurred:

Traceback (most recent call last):
  File "C:\Users\LENOVO\AppData\Local\Temp\ipykernel_10744\3510054287.py", line 79, in <module>
    pdf_bytes = response.content
                ^^^^^^^^^^^^^^^^
  File "C:\Users\LENOVO\AppData\Local\Packages\PythonSoftwareFoundation.Python.3.11_qbz5n2kfra8p0\LocalCache\local-packages\Python311\site-packages\requests\models.py", line 902, in content
    self._content = b"".join(self.iter_content(CONTENT_CHUNK_SIZE)) or b""
                    ^^^^^^^^^^^^^^^^^^^^^^^^^^^^^^^^^^^^^^^^^^^^^^^
  File "C:\Users\LENOVO\AppData\Local\Packages\PythonSoftwareFoundation.Python.3.11_qbz5n2kfra8p0\LocalCache\local-packages\Python311\site-packages\requests\models.py", line 822, in generate
    raise ChunkedEncodingError(e)
requests.exceptions.ChunkedEncodingError: ('Connection broken: IncompleteRead(1162815 bytes read, 418038 more expected)', IncompleteRead(1162815 bytes read, 418038 more expected))
2025-05-03 22:31:38,015 - INFO - Attempting to fetch: https://www.dia.govt.nz/diawebsite.nsf/Files/Proactive-releases-2024/$file/6.Accelerating-the-benefits-of-Cloud-computing-for-the-public-service.pdf
2025-05-03 22:31:38,828 - ERROR - Request failed for https://www.dia.govt.nz/diawebsite.nsf/Files/Proactive-releases-2024/$file/6.Accelerating-the-benefits-of-Cloud-computing-for-the-public-service.pdf: HTTPSConnectionPool(host='www.dia.govt.nz', port=443): Max retries exceeded with url: /diawebsite.nsf/Files/Proactive-releases-2024/$file/6.Accelerating-the-benefits-of-Cloud-computing-for-the-public-service.pdf (Caused by NewConnectionError('<urllib3.connection.HTTPSConnection object at 0x000001DA527AF750>: Failed to establish a new connection: [WinError 10013] An attempt was made to access a socket in a way forbidden by its access permissions'))
2025-05-03 22:31:38,834 - WARNING - [www.dia.govt.nz] Fetch failed for https://www.dia.govt.nz/diawebsite.nsf/Files/Proactive-releases-2024/$file/6.Accelerating-the-benefits-of-Cloud-computing-for-the-public-service.pdf, skipping.
2025-05-03 22:31:40,340 - INFO - Attempting to fetch: https://www.dia.govt.nz/diawebsite.nsf/Files/Proactive-releases/$file/Cabinet-Paper-Water-Services-Entities-Bill-Exposure-Draft-and-Working-Group-Process-8-Dec-2021.pdf
2025-05-03 22:31:40,361 - ERROR - Request failed for https://www.dia.govt.nz/diawebsite.nsf/Files/Proactive-releases/$file/Cabinet-Paper-Water-Services-Entities-Bill-Exposure-Draft-and-Working-Group-Process-8-Dec-2021.pdf: HTTPSConnectionPool(host='www.dia.govt.nz', port=443): Max retries exceeded with url: /diawebsite.nsf/Files/Proactive-releases/$file/Cabinet-Paper-Water-Services-Entities-Bill-Exposure-Draft-and-Working-Group-Process-8-Dec-2021.pdf (Caused by NewConnectionError('<urllib3.connection.HTTPSConnection object at 0x000001DA512898D0>: Failed to establish a new connection: [WinError 10013] An attempt was made to access a socket in a way forbidden by its access permissions'))
2025-05-03 22:31:40,361 - WARNING - [www.dia.govt.nz] Fetch failed for https://www.dia.govt.nz/diawebsite.nsf/Files/Proactive-releases/$file/Cabinet-Paper-Water-Services-Entities-Bill-Exposure-Draft-and-Working-Group-Process-8-Dec-2021.pdf, skipping.
2025-05-03 22:31:41,865 - INFO - Attempting to fetch: https://www.dia.govt.nz/diawebsite.nsf/Files/Proactive-Releases-2024-25/$file/Ministerial-Response-to-the-Petition-of-Aly-Cook-on-A-Royal-Commission-of-Inquiry-into-Covid-19.pdf
2025-05-03 22:31:41,888 - ERROR - Request failed for https://www.dia.govt.nz/diawebsite.nsf/Files/Proactive-Releases-2024-25/$file/Ministerial-Response-to-the-Petition-of-Aly-Cook-on-A-Royal-Commission-of-Inquiry-into-Covid-19.pdf: HTTPSConnectionPool(host='www.dia.govt.nz', port=443): Max retries exceeded with url: /diawebsite.nsf/Files/Proactive-Releases-2024-25/$file/Ministerial-Response-to-the-Petition-of-Aly-Cook-on-A-Royal-Commission-of-Inquiry-into-Covid-19.pdf (Caused by NewConnectionError('<urllib3.connection.HTTPSConnection object at 0x000001DA527AF290>: Failed to establish a new connection: [WinError 10013] An attempt was made to access a socket in a way forbidden by its access permissions'))
2025-05-03 22:31:41,888 - WARNING - [www.dia.govt.nz] Fetch failed for https://www.dia.govt.nz/diawebsite.nsf/Files/Proactive-Releases-2024-25/$file/Ministerial-Response-to-the-Petition-of-Aly-Cook-on-A-Royal-Commission-of-Inquiry-into-Covid-19.pdf, skipping.
2025-05-03 22:31:43,391 - INFO - Attempting to fetch: https://www.dia.govt.nz/diawebsite.nsf/Files/LG-Proactive-Releases-2024/$file/LG-Status-Reports-8-to-29-August-2024.pdf
2025-05-03 22:31:44,402 - INFO - Successfully fetched headers for https://www.dia.govt.nz/diawebsite.nsf/Files/LG-Proactive-Releases-2024/$file/LG-Status-Reports-8-to-29-August-2024.pdf (Status: 200, Type: application/pdf)
2025-05-03 22:31:44,404 - INFO - [www.dia.govt.nz] Processing PDF: https://www.dia.govt.nz/diawebsite.nsf/Files/LG-Proactive-Releases-2024/$file/LG-Status-Reports-8-to-29-August-2024.pdf
2025-05-03 22:31:45,297 - INFO - Attempted text extraction from PDF (1 pages)
2025-05-03 22:31:45,297 - INFO - [www.dia.govt.nz] Added 5 new unique paragraphs (248 words) from https://www.dia.govt.nz/diawebsite.nsf/Files/LG-Proactive-Releases-2024/$file/LG-Status-Reports-8-to-29-August-2024.pdf. Site words: 250,660. Overall words: 250,660
2025-05-03 22:31:48,300 - INFO - Attempting to fetch: https://www.dia.govt.nz/diawebsite.nsf/Files/Proactive-releases-2023/$file/Proactive-release-of-Cabinet-material-about-the-Regulations-addressing-harm-minimisation.pdf
2025-05-03 22:31:49,769 - INFO - Successfully fetched headers for https://www.dia.govt.nz/diawebsite.nsf/Files/Proactive-releases-2023/$file/Proactive-release-of-Cabinet-material-about-the-Regulations-addressing-harm-minimisation.pdf (Status: 200, Type: application/pdf)
2025-05-03 22:31:49,769 - INFO - [www.dia.govt.nz] Processing PDF: https://www.dia.govt.nz/diawebsite.nsf/Files/Proactive-releases-2023/$file/Proactive-release-of-Cabinet-material-about-the-Regulations-addressing-harm-minimisation.pdf
2025-05-03 22:31:51,646 - INFO - Attempted text extraction from PDF (12 pages)
2025-05-03 22:31:51,646 - INFO - [www.dia.govt.nz] Added 6 new unique paragraphs (2527 words) from https://www.dia.govt.nz/diawebsite.nsf/Files/Proactive-releases-2023/$file/Proactive-release-of-Cabinet-material-about-the-Regulations-addressing-harm-minimisation.pdf. Site words: 253,187. Overall words: 253,187
2025-05-03 22:31:54,655 - INFO - Attempting to fetch: https://www.dia.govt.nz/diawebsite.nsf/Files/Proactive-releases/$file/Cabinet-material-about-the-initiation-of-the-media-content-regulatory-review.pdf
2025-05-03 22:31:55,714 - INFO - Successfully fetched headers for https://www.dia.govt.nz/diawebsite.nsf/Files/Proactive-releases/$file/Cabinet-material-about-the-initiation-of-the-media-content-regulatory-review.pdf (Status: 200, Type: application/pdf)
2025-05-03 22:31:55,718 - INFO - [www.dia.govt.nz] Processing PDF: https://www.dia.govt.nz/diawebsite.nsf/Files/Proactive-releases/$file/Cabinet-material-about-the-initiation-of-the-media-content-regulatory-review.pdf
2025-05-03 22:32:03,882 - INFO - Attempted text extraction from PDF (37 pages)
2025-05-03 22:32:03,882 - INFO - [www.dia.govt.nz] Added 18 new unique paragraphs (3089 words) from https://www.dia.govt.nz/diawebsite.nsf/Files/Proactive-releases/$file/Cabinet-material-about-the-initiation-of-the-media-content-regulatory-review.pdf. Site words: 256,276. Overall words: 256,276
2025-05-03 22:32:06,897 - INFO - Attempting to fetch: http://www.dia.govt.nz/diawebsite.nsf/Files/Whenua-Maori-rating/$file/Proactive-Release-Whenua-Maori-rating-Cabinet-papers-2020.pdf
2025-05-03 22:32:08,746 - INFO - Successfully fetched headers for http://www.dia.govt.nz/diawebsite.nsf/Files/Whenua-Maori-rating/$file/Proactive-Release-Whenua-Maori-rating-Cabinet-papers-2020.pdf (Status: 200, Type: application/pdf)
2025-05-03 22:32:08,749 - INFO - [www.dia.govt.nz] Processing PDF: http://www.dia.govt.nz/diawebsite.nsf/Files/Whenua-Maori-rating/$file/Proactive-Release-Whenua-Maori-rating-Cabinet-papers-2020.pdf
2025-05-03 22:32:19,118 - INFO - Attempted text extraction from PDF (35 pages)
2025-05-03 22:32:19,121 - INFO - [www.dia.govt.nz] Added 34 new unique paragraphs (14261 words) from http://www.dia.govt.nz/diawebsite.nsf/Files/Whenua-Maori-rating/$file/Proactive-Release-Whenua-Maori-rating-Cabinet-papers-2020.pdf. Site words: 270,537. Overall words: 270,537
2025-05-03 22:32:22,134 - INFO - Attempting to fetch: https://www.dia.govt.nz/diawebsite.nsf/Files/Proactive-releases-2024/$file/Cabinet-Material-on-proposals-to-amend-the-Gambling-Act-2003-to-exempt-class-3-lotteries-from-the-prohibition-on-remote-interactive-gambling-1.pdf
2025-05-03 22:32:23,419 - INFO - Successfully fetched headers for https://www.dia.govt.nz/diawebsite.nsf/Files/Proactive-releases-2024/$file/Cabinet-Material-on-proposals-to-amend-the-Gambling-Act-2003-to-exempt-class-3-lotteries-from-the-prohibition-on-remote-interactive-gambling-1.pdf (Status: 200, Type: application/pdf)
2025-05-03 22:32:23,423 - INFO - [www.dia.govt.nz] Processing PDF: https://www.dia.govt.nz/diawebsite.nsf/Files/Proactive-releases-2024/$file/Cabinet-Material-on-proposals-to-amend-the-Gambling-Act-2003-to-exempt-class-3-lotteries-from-the-prohibition-on-remote-interactive-gambling-1.pdf
2025-05-03 22:32:27,700 - INFO - Attempted text extraction from PDF (13 pages)
2025-05-03 22:32:27,707 - INFO - [www.dia.govt.nz] Added 12 new unique paragraphs (4847 words) from https://www.dia.govt.nz/diawebsite.nsf/Files/Proactive-releases-2024/$file/Cabinet-Material-on-proposals-to-amend-the-Gambling-Act-2003-to-exempt-class-3-lotteries-from-the-prohibition-on-remote-interactive-gambling-1.pdf. Site words: 275,384. Overall words: 275,384
2025-05-03 22:32:30,713 - INFO - Attempting to fetch: https://www.dia.govt.nz/diawebsite.nsf/Files/Proactive-releases-2023/$file/Proposals-for-refreshing-the-Cloud-First-Policy-and-strengthening-cloud-adoption-across-the-public-service-16-May-2023.pdf
2025-05-03 22:32:31,725 - INFO - Successfully fetched headers for https://www.dia.govt.nz/diawebsite.nsf/Files/Proactive-releases-2023/$file/Proposals-for-refreshing-the-Cloud-First-Policy-and-strengthening-cloud-adoption-across-the-public-service-16-May-2023.pdf (Status: 200, Type: application/pdf)
2025-05-03 22:32:31,728 - INFO - [www.dia.govt.nz] Processing PDF: https://www.dia.govt.nz/diawebsite.nsf/Files/Proactive-releases-2023/$file/Proposals-for-refreshing-the-Cloud-First-Policy-and-strengthening-cloud-adoption-across-the-public-service-16-May-2023.pdf
2025-05-03 22:32:35,130 - WARNING - unknown widths : 
[0, IndirectObject(268, 0, 2037171215760)]
2025-05-03 22:32:35,130 - WARNING - unknown widths : 
[0, IndirectObject(271, 0, 2037171215760)]
2025-05-03 22:32:35,145 - WARNING - unknown widths : 
[0, IndirectObject(274, 0, 2037171215760)]
2025-05-03 22:32:35,145 - WARNING - unknown widths : 
[0, IndirectObject(277, 0, 2037171215760)]
2025-05-03 22:32:35,145 - WARNING - unknown widths : 
[0, IndirectObject(280, 0, 2037171215760)]
2025-05-03 22:32:35,145 - WARNING - unknown widths : 
[0, IndirectObject(283, 0, 2037171215760)]
2025-05-03 22:32:35,145 - WARNING - unknown widths : 
[0, IndirectObject(286, 0, 2037171215760)]
2025-05-03 22:32:35,161 - WARNING - unknown widths : 
[0, IndirectObject(289, 0, 2037171215760)]
2025-05-03 22:32:35,161 - WARNING - unknown widths : 
[0, IndirectObject(292, 0, 2037171215760)]
2025-05-03 22:32:35,161 - WARNING - unknown widths : 
[0, IndirectObject(295, 0, 2037171215760)]
2025-05-03 22:32:35,161 - WARNING - unknown widths : 
[0, IndirectObject(298, 0, 2037171215760)]
2025-05-03 22:32:35,161 - WARNING - unknown widths : 
[0, IndirectObject(301, 0, 2037171215760)]
2025-05-03 22:32:35,177 - WARNING - unknown widths : 
[0, IndirectObject(304, 0, 2037171215760)]
2025-05-03 22:32:35,177 - WARNING - unknown widths : 
[0, IndirectObject(307, 0, 2037171215760)]
2025-05-03 22:32:35,186 - WARNING - unknown widths : 
[0, IndirectObject(310, 0, 2037171215760)]
2025-05-03 22:32:35,188 - WARNING - unknown widths : 
[0, IndirectObject(313, 0, 2037171215760)]
2025-05-03 22:32:35,193 - WARNING - unknown widths : 
[0, IndirectObject(316, 0, 2037171215760)]
2025-05-03 22:32:35,193 - WARNING - unknown widths : 
[0, IndirectObject(319, 0, 2037171215760)]
2025-05-03 22:32:35,193 - WARNING - unknown widths : 
[0, IndirectObject(322, 0, 2037171215760)]
2025-05-03 22:32:35,206 - WARNING - unknown widths : 
[0, IndirectObject(325, 0, 2037171215760)]
2025-05-03 22:32:35,211 - WARNING - unknown widths : 
[0, IndirectObject(328, 0, 2037171215760)]
2025-05-03 22:32:35,717 - WARNING - unknown widths : 
[0, IndirectObject(333, 0, 2037171215760)]
2025-05-03 22:32:35,717 - WARNING - unknown widths : 
[0, IndirectObject(336, 0, 2037171215760)]
2025-05-03 22:32:35,733 - WARNING - unknown widths : 
[0, IndirectObject(339, 0, 2037171215760)]
2025-05-03 22:32:35,733 - WARNING - unknown widths : 
[0, IndirectObject(342, 0, 2037171215760)]
2025-05-03 22:32:35,733 - WARNING - unknown widths : 
[0, IndirectObject(345, 0, 2037171215760)]
2025-05-03 22:32:35,733 - WARNING - unknown widths : 
[0, IndirectObject(348, 0, 2037171215760)]
2025-05-03 22:32:35,749 - WARNING - unknown widths : 
[0, IndirectObject(351, 0, 2037171215760)]
2025-05-03 22:32:35,749 - WARNING - unknown widths : 
[0, IndirectObject(354, 0, 2037171215760)]
2025-05-03 22:32:35,757 - WARNING - unknown widths : 
[0, IndirectObject(357, 0, 2037171215760)]
2025-05-03 22:32:35,761 - WARNING - unknown widths : 
[0, IndirectObject(360, 0, 2037171215760)]
2025-05-03 22:32:35,765 - WARNING - unknown widths : 
[0, IndirectObject(363, 0, 2037171215760)]
2025-05-03 22:32:36,431 - WARNING - unknown widths : 
[0, IndirectObject(371, 0, 2037171215760)]
2025-05-03 22:32:36,447 - WARNING - unknown widths : 
[0, IndirectObject(374, 0, 2037171215760)]
2025-05-03 22:32:36,447 - WARNING - unknown widths : 
[0, IndirectObject(377, 0, 2037171215760)]
2025-05-03 22:32:36,447 - WARNING - unknown widths : 
[0, IndirectObject(380, 0, 2037171215760)]
2025-05-03 22:32:36,447 - WARNING - unknown widths : 
[0, IndirectObject(383, 0, 2037171215760)]
2025-05-03 22:32:36,447 - WARNING - unknown widths : 
[0, IndirectObject(386, 0, 2037171215760)]
2025-05-03 22:32:36,462 - WARNING - unknown widths : 
[0, IndirectObject(389, 0, 2037171215760)]
2025-05-03 22:32:36,464 - WARNING - unknown widths : 
[0, IndirectObject(392, 0, 2037171215760)]
2025-05-03 22:32:36,464 - WARNING - unknown widths : 
[0, IndirectObject(395, 0, 2037171215760)]
2025-05-03 22:32:36,464 - WARNING - unknown widths : 
[0, IndirectObject(398, 0, 2037171215760)]
2025-05-03 22:32:36,464 - WARNING - unknown widths : 
[0, IndirectObject(401, 0, 2037171215760)]
2025-05-03 22:32:36,464 - WARNING - unknown widths : 
[0, IndirectObject(404, 0, 2037171215760)]
2025-05-03 22:32:36,478 - WARNING - unknown widths : 
[0, IndirectObject(407, 0, 2037171215760)]
2025-05-03 22:32:36,482 - WARNING - unknown widths : 
[0, IndirectObject(410, 0, 2037171215760)]
2025-05-03 22:32:36,485 - WARNING - unknown widths : 
[0, IndirectObject(413, 0, 2037171215760)]
2025-05-03 22:32:36,485 - WARNING - unknown widths : 
[0, IndirectObject(416, 0, 2037171215760)]
2025-05-03 22:32:36,485 - WARNING - unknown widths : 
[0, IndirectObject(419, 0, 2037171215760)]
2025-05-03 22:32:36,545 - INFO - Attempted text extraction from PDF (29 pages)
2025-05-03 22:32:36,558 - INFO - [www.dia.govt.nz] Added 955 new unique paragraphs (10752 words) from https://www.dia.govt.nz/diawebsite.nsf/Files/Proactive-releases-2023/$file/Proposals-for-refreshing-the-Cloud-First-Policy-and-strengthening-cloud-adoption-across-the-public-service-16-May-2023.pdf. Site words: 286,136. Overall words: 286,136
2025-05-03 22:32:39,566 - INFO - Attempting to fetch: https://www.dia.govt.nz/diawebsite.nsf/Files/Proactive-Releases-2024-25/$file/LG20244192-Implementing-the-National-Engineering-Design-Standards-(26-Sep-24).pdf
2025-05-03 22:32:41,033 - INFO - Successfully fetched headers for https://www.dia.govt.nz/diawebsite.nsf/Files/Proactive-Releases-2024-25/$file/LG20244192-Implementing-the-National-Engineering-Design-Standards-(26-Sep-24).pdf (Status: 200, Type: application/pdf)
2025-05-03 22:32:41,035 - INFO - [www.dia.govt.nz] Processing PDF: https://www.dia.govt.nz/diawebsite.nsf/Files/Proactive-Releases-2024-25/$file/LG20244192-Implementing-the-National-Engineering-Design-Standards-(26-Sep-24).pdf
2025-05-03 22:32:43,286 - INFO - Attempted text extraction from PDF (12 pages)
2025-05-03 22:32:43,286 - INFO - [www.dia.govt.nz] Added 25 new unique paragraphs (3706 words) from https://www.dia.govt.nz/diawebsite.nsf/Files/Proactive-Releases-2024-25/$file/LG20244192-Implementing-the-National-Engineering-Design-Standards-(26-Sep-24).pdf. Site words: 289,842. Overall words: 289,842
2025-05-03 22:32:46,297 - INFO - Attempting to fetch: https://www.dia.govt.nz/diawebsite.nsf/Files/Proactive-releases-2024/$file/Paper-3-Local-Water-Done-Well-stage-3-further-decisions-redacted.pdf
2025-05-03 22:32:47,284 - INFO - Successfully fetched headers for https://www.dia.govt.nz/diawebsite.nsf/Files/Proactive-releases-2024/$file/Paper-3-Local-Water-Done-Well-stage-3-further-decisions-redacted.pdf (Status: 200, Type: application/pdf)
2025-05-03 22:32:47,284 - INFO - [www.dia.govt.nz] Processing PDF: https://www.dia.govt.nz/diawebsite.nsf/Files/Proactive-releases-2024/$file/Paper-3-Local-Water-Done-Well-stage-3-further-decisions-redacted.pdf
2025-05-03 22:32:51,661 - INFO - Attempted text extraction from PDF (83 pages)
2025-05-03 22:32:51,666 - INFO - [www.dia.govt.nz] Added 9 new unique paragraphs (31424 words) from https://www.dia.govt.nz/diawebsite.nsf/Files/Proactive-releases-2024/$file/Paper-3-Local-Water-Done-Well-stage-3-further-decisions-redacted.pdf. Site words: 321,266. Overall words: 321,266
2025-05-03 22:32:57,474 - INFO - Attempting to fetch: https://www.dia.govt.nz/diawebsite.nsf/Files/Proactive-releases/$file/Cabinet-paper-and-Minute-Rates-Rebate-(Specified-Amounts)-Order-2019-1.pdf
2025-05-03 22:32:58,486 - INFO - Successfully fetched headers for https://www.dia.govt.nz/diawebsite.nsf/Files/Proactive-releases/$file/Cabinet-paper-and-Minute-Rates-Rebate-(Specified-Amounts)-Order-2019-1.pdf (Status: 200, Type: text/html)
2025-05-03 22:32:58,486 - INFO - [www.dia.govt.nz] Processing HTML: https://www.dia.govt.nz/diawebsite.nsf/Files/Proactive-releases/$file/Cabinet-paper-and-Minute-Rates-Rebate-(Specified-Amounts)-Order-2019-1.pdf
2025-05-03 22:33:01,491 - INFO - Attempting to fetch: https://www.dia.govt.nz/diawebsite.nsf/Files/Proactive-releases-2024/$file/Local-Government-Status-Report-WE-18-July-2024.pdf
2025-05-03 22:33:02,700 - INFO - Successfully fetched headers for https://www.dia.govt.nz/diawebsite.nsf/Files/Proactive-releases-2024/$file/Local-Government-Status-Report-WE-18-July-2024.pdf (Status: 200, Type: application/pdf)
2025-05-03 22:33:02,703 - INFO - [www.dia.govt.nz] Processing PDF: https://www.dia.govt.nz/diawebsite.nsf/Files/Proactive-releases-2024/$file/Local-Government-Status-Report-WE-18-July-2024.pdf
2025-05-03 22:33:05,066 - INFO - Attempted text extraction from PDF (14 pages)
2025-05-03 22:33:05,066 - INFO - [www.dia.govt.nz] Added 3 new unique paragraphs (2186 words) from https://www.dia.govt.nz/diawebsite.nsf/Files/Proactive-releases-2024/$file/Local-Government-Status-Report-WE-18-July-2024.pdf. Site words: 323,452. Overall words: 323,452
2025-05-03 22:33:08,073 - INFO - Attempting to fetch: https://www.dia.govt.nz/diawebsite.nsf/Files/Proactive-releases-2023/$file/Letter-relating-to-the-Removal-and-Disposal-Policy-Advisory-Group-January-2023.pdf
2025-05-03 22:33:09,482 - INFO - Successfully fetched headers for https://www.dia.govt.nz/diawebsite.nsf/Files/Proactive-releases-2023/$file/Letter-relating-to-the-Removal-and-Disposal-Policy-Advisory-Group-January-2023.pdf (Status: 200, Type: application/pdf)
2025-05-03 22:33:09,483 - INFO - [www.dia.govt.nz] Processing PDF: https://www.dia.govt.nz/diawebsite.nsf/Files/Proactive-releases-2023/$file/Letter-relating-to-the-Removal-and-Disposal-Policy-Advisory-Group-January-2023.pdf
2025-05-03 22:33:10,966 - INFO - Attempted text extraction from PDF (6 pages)
2025-05-03 22:33:10,966 - INFO - [www.dia.govt.nz] Added 7 new unique paragraphs (1925 words) from https://www.dia.govt.nz/diawebsite.nsf/Files/Proactive-releases-2023/$file/Letter-relating-to-the-Removal-and-Disposal-Policy-Advisory-Group-January-2023.pdf. Site words: 325,377. Overall words: 325,377
2025-05-03 22:33:13,981 - INFO - Attempting to fetch: https://www.dia.govt.nz/diawebsite.nsf/Files/Proactive-releases/$file/Working-with-Local-Government-on-community-wellbeing-Cab-paper-and-min-Aug-2019.pdf
2025-05-03 22:33:15,135 - INFO - Successfully fetched headers for https://www.dia.govt.nz/diawebsite.nsf/Files/Proactive-releases/$file/Working-with-Local-Government-on-community-wellbeing-Cab-paper-and-min-Aug-2019.pdf (Status: 200, Type: text/html)
2025-05-03 22:33:15,135 - INFO - [www.dia.govt.nz] Processing HTML: https://www.dia.govt.nz/diawebsite.nsf/Files/Proactive-releases/$file/Working-with-Local-Government-on-community-wellbeing-Cab-paper-and-min-Aug-2019.pdf
2025-05-03 22:33:18,151 - INFO - Attempting to fetch: https://www.dia.govt.nz/diawebsite.nsf/Files/Proactive-releases-2023/$file/Electoral-(Voting-Age)-Legislation.pdf
2025-05-03 22:33:19,333 - INFO - Successfully fetched headers for https://www.dia.govt.nz/diawebsite.nsf/Files/Proactive-releases-2023/$file/Electoral-(Voting-Age)-Legislation.pdf (Status: 200, Type: application/pdf)
2025-05-03 22:33:19,333 - INFO - [www.dia.govt.nz] Processing PDF: https://www.dia.govt.nz/diawebsite.nsf/Files/Proactive-releases-2023/$file/Electoral-(Voting-Age)-Legislation.pdf
2025-05-03 22:33:27,419 - INFO - Attempted text extraction from PDF (65 pages)
2025-05-03 22:33:27,436 - INFO - [www.dia.govt.nz] Added 434 new unique paragraphs (21815 words) from https://www.dia.govt.nz/diawebsite.nsf/Files/Proactive-releases-2023/$file/Electoral-(Voting-Age)-Legislation.pdf. Site words: 347,192. Overall words: 347,192
2025-05-03 22:33:30,440 - INFO - Attempting to fetch: https://www.dia.govt.nz/diawebsite.nsf/Files/Proactive-releases/$file/DEV-19-MIN-0049-Cabinet-Minute.pdf
2025-05-03 22:33:31,599 - INFO - Successfully fetched headers for https://www.dia.govt.nz/diawebsite.nsf/Files/Proactive-releases/$file/DEV-19-MIN-0049-Cabinet-Minute.pdf (Status: 200, Type: text/html)
2025-05-03 22:33:31,600 - INFO - [www.dia.govt.nz] Processing HTML: https://www.dia.govt.nz/diawebsite.nsf/Files/Proactive-releases/$file/DEV-19-MIN-0049-Cabinet-Minute.pdf
2025-05-03 22:33:34,602 - INFO - Attempting to fetch: https://www.dia.govt.nz/diawebsite.nsf/Files/Proactive-releases-2024/$file/Cabinet-material-Regulations-to-enable-appeals-to-the-Taxation-and-Charities-Review-Authority.pdf
2025-05-03 22:33:35,653 - INFO - Successfully fetched headers for https://www.dia.govt.nz/diawebsite.nsf/Files/Proactive-releases-2024/$file/Cabinet-material-Regulations-to-enable-appeals-to-the-Taxation-and-Charities-Review-Authority.pdf (Status: 200, Type: application/pdf)
2025-05-03 22:33:35,653 - INFO - [www.dia.govt.nz] Processing PDF: https://www.dia.govt.nz/diawebsite.nsf/Files/Proactive-releases-2024/$file/Cabinet-material-Regulations-to-enable-appeals-to-the-Taxation-and-Charities-Review-Authority.pdf
2025-05-03 22:33:37,350 - WARNING - unknown widths : 
[0, IndirectObject(297, 0, 2037176764304)]
2025-05-03 22:33:37,350 - WARNING - unknown widths : 
[0, IndirectObject(184, 0, 2037176764304)]
2025-05-03 22:33:37,359 - WARNING - unknown widths : 
[0, IndirectObject(187, 0, 2037176764304)]
2025-05-03 22:33:37,360 - WARNING - unknown widths : 
[0, IndirectObject(190, 0, 2037176764304)]
2025-05-03 22:33:37,362 - WARNING - unknown widths : 
[0, IndirectObject(193, 0, 2037176764304)]
2025-05-03 22:33:37,364 - WARNING - unknown widths : 
[0, IndirectObject(196, 0, 2037176764304)]
2025-05-03 22:33:37,366 - WARNING - unknown widths : 
[0, IndirectObject(199, 0, 2037176764304)]
2025-05-03 22:33:37,369 - WARNING - unknown widths : 
[0, IndirectObject(202, 0, 2037176764304)]
2025-05-03 22:33:37,371 - WARNING - unknown widths : 
[0, IndirectObject(205, 0, 2037176764304)]
2025-05-03 22:33:37,373 - WARNING - unknown widths : 
[0, IndirectObject(208, 0, 2037176764304)]
2025-05-03 22:33:37,375 - WARNING - unknown widths : 
[0, IndirectObject(211, 0, 2037176764304)]
2025-05-03 22:33:37,390 - WARNING - unknown widths : 
[0, IndirectObject(214, 0, 2037176764304)]
2025-05-03 22:33:37,390 - WARNING - unknown widths : 
[0, IndirectObject(217, 0, 2037176764304)]
2025-05-03 22:33:37,390 - WARNING - unknown widths : 
[0, IndirectObject(297, 0, 2037176764304)]
2025-05-03 22:33:37,398 - WARNING - unknown widths : 
[0, IndirectObject(220, 0, 2037176764304)]
2025-05-03 22:33:37,399 - WARNING - unknown widths : 
[0, IndirectObject(223, 0, 2037176764304)]
2025-05-03 22:33:37,404 - INFO - Attempted text extraction from PDF (9 pages)
2025-05-03 22:33:37,406 - INFO - [www.dia.govt.nz] Added 7 new unique paragraphs (1862 words) from https://www.dia.govt.nz/diawebsite.nsf/Files/Proactive-releases-2024/$file/Cabinet-material-Regulations-to-enable-appeals-to-the-Taxation-and-Charities-Review-Authority.pdf. Site words: 349,054. Overall words: 349,054
2025-05-03 22:33:40,409 - INFO - Attempting to fetch: https://www.dia.govt.nz/diawebsite.nsf/Files/Proactive-release-self-ID-Cabinet-paper-and-regulations-2023-2/$file/Proactive-release-self-ID-Cabinet-paper-and-regulations.pdf
2025-05-03 22:33:41,523 - INFO - Successfully fetched headers for https://www.dia.govt.nz/diawebsite.nsf/Files/Proactive-release-self-ID-Cabinet-paper-and-regulations-2023-2/$file/Proactive-release-self-ID-Cabinet-paper-and-regulations.pdf (Status: 200, Type: application/pdf)
2025-05-03 22:33:41,523 - INFO - [www.dia.govt.nz] Processing PDF: https://www.dia.govt.nz/diawebsite.nsf/Files/Proactive-release-self-ID-Cabinet-paper-and-regulations-2023-2/$file/Proactive-release-self-ID-Cabinet-paper-and-regulations.pdf
2025-05-03 22:33:43,333 - INFO - Attempted text extraction from PDF (15 pages)
2025-05-03 22:33:43,333 - INFO - [www.dia.govt.nz] Added 13 new unique paragraphs (2779 words) from https://www.dia.govt.nz/diawebsite.nsf/Files/Proactive-release-self-ID-Cabinet-paper-and-regulations-2023-2/$file/Proactive-release-self-ID-Cabinet-paper-and-regulations.pdf. Site words: 351,833. Overall words: 351,833
2025-05-03 22:33:46,338 - INFO - Attempting to fetch: https://www.dia.govt.nz/diawebsite.nsf/Files/Three-waters-reform-programme-2022/$file/Cabinet-paper-and-Minute-Pricing-and-charging-for-three-waters-services-7-June-2022.pdf
2025-05-03 22:33:47,666 - INFO - Successfully fetched headers for https://www.dia.govt.nz/diawebsite.nsf/Files/Three-waters-reform-programme-2022/$file/Cabinet-paper-and-Minute-Pricing-and-charging-for-three-waters-services-7-June-2022.pdf (Status: 200, Type: application/pdf)
2025-05-03 22:33:47,666 - INFO - [www.dia.govt.nz] Processing PDF: https://www.dia.govt.nz/diawebsite.nsf/Files/Three-waters-reform-programme-2022/$file/Cabinet-paper-and-Minute-Pricing-and-charging-for-three-waters-services-7-June-2022.pdf
2025-05-03 22:33:51,015 - INFO - Attempted text extraction from PDF (50 pages)
2025-05-03 22:33:51,015 - INFO - [www.dia.govt.nz] Added 183 new unique paragraphs (21035 words) from https://www.dia.govt.nz/diawebsite.nsf/Files/Three-waters-reform-programme-2022/$file/Cabinet-paper-and-Minute-Pricing-and-charging-for-three-waters-services-7-June-2022.pdf. Site words: 372,868. Overall words: 372,868
2025-05-03 22:33:54,030 - INFO - Attempting to fetch: https://www.dia.govt.nz/diawebsite.nsf/Files/Proactive-Releases-2024-25/$file/National-Wastewater-Environmental-Performance-Standards-Approval-to-Consult.pdf
2025-05-03 22:33:55,082 - INFO - Successfully fetched headers for https://www.dia.govt.nz/diawebsite.nsf/Files/Proactive-Releases-2024-25/$file/National-Wastewater-Environmental-Performance-Standards-Approval-to-Consult.pdf (Status: 200, Type: application/pdf)
2025-05-03 22:33:55,082 - INFO - [www.dia.govt.nz] Processing PDF: https://www.dia.govt.nz/diawebsite.nsf/Files/Proactive-Releases-2024-25/$file/National-Wastewater-Environmental-Performance-Standards-Approval-to-Consult.pdf
2025-05-03 22:33:57,632 - INFO - Attempted text extraction from PDF (13 pages)
2025-05-03 22:33:57,632 - INFO - [www.dia.govt.nz] Added 15 new unique paragraphs (5064 words) from https://www.dia.govt.nz/diawebsite.nsf/Files/Proactive-Releases-2024-25/$file/National-Wastewater-Environmental-Performance-Standards-Approval-to-Consult.pdf. Site words: 377,932. Overall words: 377,932
2025-05-03 22:34:00,638 - INFO - Attempting to fetch: https://www.dia.govt.nz/diawebsite.nsf/Files/Proactive-Releases-2024-25/$file/System-Improvements-Cabinet-material-November-2024_Redacted.pdf
2025-05-03 22:34:01,968 - INFO - Successfully fetched headers for https://www.dia.govt.nz/diawebsite.nsf/Files/Proactive-Releases-2024-25/$file/System-Improvements-Cabinet-material-November-2024_Redacted.pdf (Status: 200, Type: application/pdf)
2025-05-03 22:34:01,968 - INFO - [www.dia.govt.nz] Processing PDF: https://www.dia.govt.nz/diawebsite.nsf/Files/Proactive-Releases-2024-25/$file/System-Improvements-Cabinet-material-November-2024_Redacted.pdf
2025-05-03 22:34:05,280 - INFO - Attempted text extraction from PDF (21 pages)
2025-05-03 22:34:05,282 - INFO - [www.dia.govt.nz] Added 64 new unique paragraphs (6997 words) from https://www.dia.govt.nz/diawebsite.nsf/Files/Proactive-Releases-2024-25/$file/System-Improvements-Cabinet-material-November-2024_Redacted.pdf. Site words: 384,929. Overall words: 384,929
2025-05-03 22:34:08,286 - INFO - Attempting to fetch: https://www.dia.govt.nz/diawebsite.nsf/Files/Proactive-releases/$file/cabinet-material-review-of-options-for-funding-the-classification-framework.pdf
2025-05-03 22:34:09,282 - INFO - Successfully fetched headers for https://www.dia.govt.nz/diawebsite.nsf/Files/Proactive-releases/$file/cabinet-material-review-of-options-for-funding-the-classification-framework.pdf (Status: 200, Type: application/pdf)
2025-05-03 22:34:09,282 - INFO - [www.dia.govt.nz] Processing PDF: https://www.dia.govt.nz/diawebsite.nsf/Files/Proactive-releases/$file/cabinet-material-review-of-options-for-funding-the-classification-framework.pdf
2025-05-03 22:34:15,915 - INFO - Attempted text extraction from PDF (61 pages)
2025-05-03 22:34:15,931 - INFO - [www.dia.govt.nz] Added 28 new unique paragraphs (18103 words) from https://www.dia.govt.nz/diawebsite.nsf/Files/Proactive-releases/$file/cabinet-material-review-of-options-for-funding-the-classification-framework.pdf. Site words: 403,032. Overall words: 403,032
2025-05-03 22:34:18,933 - INFO - Attempting to fetch: https://www.dia.govt.nz/diawebsite.nsf/Files/Proactive-releases-2024/$file/06-LG20240550-Proposed-LGA-2002-amendments-to-support-the-establishment-of-water-services-CCOs.pdf
2025-05-03 22:34:20,232 - INFO - Successfully fetched headers for https://www.dia.govt.nz/diawebsite.nsf/Files/Proactive-releases-2024/$file/06-LG20240550-Proposed-LGA-2002-amendments-to-support-the-establishment-of-water-services-CCOs.pdf (Status: 200, Type: application/pdf)
2025-05-03 22:34:20,232 - INFO - [www.dia.govt.nz] Processing PDF: https://www.dia.govt.nz/diawebsite.nsf/Files/Proactive-releases-2024/$file/06-LG20240550-Proposed-LGA-2002-amendments-to-support-the-establishment-of-water-services-CCOs.pdf
2025-05-03 22:34:22,015 - INFO - Attempted text extraction from PDF (17 pages)
2025-05-03 22:34:22,015 - INFO - [www.dia.govt.nz] Added 6 new unique paragraphs (4076 words) from https://www.dia.govt.nz/diawebsite.nsf/Files/Proactive-releases-2024/$file/06-LG20240550-Proposed-LGA-2002-amendments-to-support-the-establishment-of-water-services-CCOs.pdf. Site words: 407,108. Overall words: 407,108
2025-05-03 22:34:25,022 - INFO - Attempting to fetch: https://www.dia.govt.nz/diawebsite.nsf/Files/Proactive-releases/$file/Cabinet-material-Reducing-Pokies-Harm-Approval-to-consult.pdf
2025-05-03 22:34:26,153 - INFO - Successfully fetched headers for https://www.dia.govt.nz/diawebsite.nsf/Files/Proactive-releases/$file/Cabinet-material-Reducing-Pokies-Harm-Approval-to-consult.pdf (Status: 200, Type: application/pdf)
2025-05-03 22:34:26,155 - INFO - [www.dia.govt.nz] Processing PDF: https://www.dia.govt.nz/diawebsite.nsf/Files/Proactive-releases/$file/Cabinet-material-Reducing-Pokies-Harm-Approval-to-consult.pdf
2025-05-03 22:34:31,765 - INFO - Attempted text extraction from PDF (36 pages)
2025-05-03 22:34:31,765 - INFO - [www.dia.govt.nz] Added 38 new unique paragraphs (15059 words) from https://www.dia.govt.nz/diawebsite.nsf/Files/Proactive-releases/$file/Cabinet-material-Reducing-Pokies-Harm-Approval-to-consult.pdf. Site words: 422,167. Overall words: 422,167
2025-05-03 22:34:34,779 - INFO - Attempting to fetch: https://www.dia.govt.nz/diawebsite.nsf/Files/GDS-papers/$file/GDS-status-report-week-13-June-2018-Redacted.pdf
2025-05-03 22:34:36,082 - INFO - Successfully fetched headers for https://www.dia.govt.nz/diawebsite.nsf/Files/GDS-papers/$file/GDS-status-report-week-13-June-2018-Redacted.pdf (Status: 200, Type: text/html)
2025-05-03 22:34:36,086 - INFO - [www.dia.govt.nz] Processing HTML: https://www.dia.govt.nz/diawebsite.nsf/Files/GDS-papers/$file/GDS-status-report-week-13-June-2018-Redacted.pdf
2025-05-03 22:34:39,090 - INFO - Attempting to fetch: https://www.dia.govt.nz/diawebsite.nsf/Files/Proactive-releases/$file/Cabinet-material-approving-the-introduction-of-the-Charities-Amendment-Bill.pdf
2025-05-03 22:34:40,056 - INFO - Successfully fetched headers for https://www.dia.govt.nz/diawebsite.nsf/Files/Proactive-releases/$file/Cabinet-material-approving-the-introduction-of-the-Charities-Amendment-Bill.pdf (Status: 200, Type: application/pdf)
2025-05-03 22:34:40,058 - INFO - [www.dia.govt.nz] Processing PDF: https://www.dia.govt.nz/diawebsite.nsf/Files/Proactive-releases/$file/Cabinet-material-approving-the-introduction-of-the-Charities-Amendment-Bill.pdf
2025-05-03 22:34:41,983 - INFO - Attempted text extraction from PDF (15 pages)
2025-05-03 22:34:41,986 - INFO - [www.dia.govt.nz] Added 16 new unique paragraphs (3969 words) from https://www.dia.govt.nz/diawebsite.nsf/Files/Proactive-releases/$file/Cabinet-material-approving-the-introduction-of-the-Charities-Amendment-Bill.pdf. Site words: 426,136. Overall words: 426,136
2025-05-03 22:34:44,988 - INFO - Attempting to fetch: https://www.dia.govt.nz/diawebsite.nsf/Files/Proactive-releases/$file/Appendix-B-Letter-to-WDC-CE.pdf
2025-05-03 22:34:46,059 - INFO - Successfully fetched headers for https://www.dia.govt.nz/diawebsite.nsf/Files/Proactive-releases/$file/Appendix-B-Letter-to-WDC-CE.pdf (Status: 200, Type: application/pdf)
2025-05-03 22:34:46,061 - INFO - [www.dia.govt.nz] Processing PDF: https://www.dia.govt.nz/diawebsite.nsf/Files/Proactive-releases/$file/Appendix-B-Letter-to-WDC-CE.pdf
2025-05-03 22:34:47,731 - INFO - Attempted text extraction from PDF (2 pages)
2025-05-03 22:34:47,731 - INFO - [www.dia.govt.nz] Added 1 new unique paragraphs (5 words) from https://www.dia.govt.nz/diawebsite.nsf/Files/Proactive-releases/$file/Appendix-B-Letter-to-WDC-CE.pdf. Site words: 426,141. Overall words: 426,141
2025-05-03 22:34:50,745 - INFO - Attempting to fetch: https://www.dia.govt.nz/diawebsite.nsf/Files/Local-Government-2022/$file/Appendix-B-Regulatory-Impact-Statement-Improving-natural-hazard-information-disclosure.pdf
2025-05-03 22:34:52,014 - INFO - Successfully fetched headers for https://www.dia.govt.nz/diawebsite.nsf/Files/Local-Government-2022/$file/Appendix-B-Regulatory-Impact-Statement-Improving-natural-hazard-information-disclosure.pdf (Status: 200, Type: application/pdf)
2025-05-03 22:34:52,015 - INFO - [www.dia.govt.nz] Processing PDF: https://www.dia.govt.nz/diawebsite.nsf/Files/Local-Government-2022/$file/Appendix-B-Regulatory-Impact-Statement-Improving-natural-hazard-information-disclosure.pdf
2025-05-03 22:35:00,714 - INFO - Attempted text extraction from PDF (47 pages)
2025-05-03 22:35:00,714 - INFO - [www.dia.govt.nz] Added 45 new unique paragraphs (12810 words) from https://www.dia.govt.nz/diawebsite.nsf/Files/Local-Government-2022/$file/Appendix-B-Regulatory-Impact-Statement-Improving-natural-hazard-information-disclosure.pdf. Site words: 438,951. Overall words: 438,951
2025-05-03 22:35:03,729 - INFO - Attempting to fetch: https://www.dia.govt.nz/diawebsite.nsf/Files/Proactive-Releases-2024-25/$file/LG20243946-Consumer-trust-model-for-water-organisation-ownership-(05-Sep-24).pdf
2025-05-03 22:35:04,980 - INFO - Successfully fetched headers for https://www.dia.govt.nz/diawebsite.nsf/Files/Proactive-Releases-2024-25/$file/LG20243946-Consumer-trust-model-for-water-organisation-ownership-(05-Sep-24).pdf (Status: 200, Type: application/pdf)
2025-05-03 22:35:04,981 - INFO - [www.dia.govt.nz] Processing PDF: https://www.dia.govt.nz/diawebsite.nsf/Files/Proactive-Releases-2024-25/$file/LG20243946-Consumer-trust-model-for-water-organisation-ownership-(05-Sep-24).pdf
2025-05-03 22:35:07,487 - INFO - Attempted text extraction from PDF (8 pages)
2025-05-03 22:35:07,489 - INFO - [www.dia.govt.nz] Added 10 new unique paragraphs (2777 words) from https://www.dia.govt.nz/diawebsite.nsf/Files/Proactive-Releases-2024-25/$file/LG20243946-Consumer-trust-model-for-water-organisation-ownership-(05-Sep-24).pdf. Site words: 441,728. Overall words: 441,728
2025-05-03 22:35:10,491 - INFO - Attempting to fetch: https://www.dia.govt.nz/diawebsite.nsf/Files/three-waters-reform-programme-2021/$file/appendix-2-responses-to-castalia-claims.pdf
2025-05-03 22:35:11,722 - INFO - Successfully fetched headers for https://www.dia.govt.nz/diawebsite.nsf/Files/three-waters-reform-programme-2021/$file/appendix-2-responses-to-castalia-claims.pdf (Status: 200, Type: application/pdf)
2025-05-03 22:35:11,731 - INFO - [www.dia.govt.nz] Processing PDF: https://www.dia.govt.nz/diawebsite.nsf/Files/three-waters-reform-programme-2021/$file/appendix-2-responses-to-castalia-claims.pdf
2025-05-03 22:35:14,097 - INFO - Attempted text extraction from PDF (10 pages)
2025-05-03 22:35:14,097 - INFO - [www.dia.govt.nz] Added 34 new unique paragraphs (3442 words) from https://www.dia.govt.nz/diawebsite.nsf/Files/three-waters-reform-programme-2021/$file/appendix-2-responses-to-castalia-claims.pdf. Site words: 445,170. Overall words: 445,170
2025-05-03 22:35:17,112 - INFO - Attempting to fetch: https://www.dia.govt.nz/diawebsite.nsf/Files/Proactive-Releases-Racing/$file/Report-on-Overseas-Travel-Rt-Hon-Winston-Peters.pdf
2025-05-03 22:35:18,482 - INFO - Successfully fetched headers for https://www.dia.govt.nz/diawebsite.nsf/Files/Proactive-Releases-Racing/$file/Report-on-Overseas-Travel-Rt-Hon-Winston-Peters.pdf (Status: 200, Type: text/html)
2025-05-03 22:35:18,482 - INFO - [www.dia.govt.nz] Processing HTML: https://www.dia.govt.nz/diawebsite.nsf/Files/Proactive-Releases-Racing/$file/Report-on-Overseas-Travel-Rt-Hon-Winston-Peters.pdf
2025-05-03 22:35:21,492 - INFO - Attempting to fetch: https://www.dia.govt.nz/diawebsite.nsf/Files/Proactive-releases/$file/FENZ-funding-review-briefings-for-proactive-release_Redacted.pdf
2025-05-03 22:35:22,597 - INFO - Successfully fetched headers for https://www.dia.govt.nz/diawebsite.nsf/Files/Proactive-releases/$file/FENZ-funding-review-briefings-for-proactive-release_Redacted.pdf (Status: 200, Type: text/html)
2025-05-03 22:35:22,613 - INFO - [www.dia.govt.nz] Processing HTML: https://www.dia.govt.nz/diawebsite.nsf/Files/Proactive-releases/$file/FENZ-funding-review-briefings-for-proactive-release_Redacted.pdf
2025-05-03 22:35:25,616 - INFO - Attempting to fetch: https://www.dia.govt.nz/diawebsite.nsf/Files/Proactive-releases/$file/HARC-proactive-release-funding-for-legal-assistance-and-fit-out-costs-redacted.pdf
2025-05-03 22:35:26,781 - INFO - Successfully fetched headers for https://www.dia.govt.nz/diawebsite.nsf/Files/Proactive-releases/$file/HARC-proactive-release-funding-for-legal-assistance-and-fit-out-costs-redacted.pdf (Status: 200, Type: text/html)
2025-05-03 22:35:26,781 - INFO - [www.dia.govt.nz] Processing HTML: https://www.dia.govt.nz/diawebsite.nsf/Files/Proactive-releases/$file/HARC-proactive-release-funding-for-legal-assistance-and-fit-out-costs-redacted.pdf
2025-05-03 22:35:29,796 - INFO - Attempting to fetch: https://www.dia.govt.nz/diawebsite.nsf/Files/Proactive-releases-2024/$file/Digital-Identity-Services-Trust-Framework-regulatory-proposals-Engagement-materials-Cabinet-paper-related-minutes-and-discussion-paper.pdf
2025-05-03 22:35:31,031 - INFO - Successfully fetched headers for https://www.dia.govt.nz/diawebsite.nsf/Files/Proactive-releases-2024/$file/Digital-Identity-Services-Trust-Framework-regulatory-proposals-Engagement-materials-Cabinet-paper-related-minutes-and-discussion-paper.pdf (Status: 200, Type: application/pdf)
2025-05-03 22:35:31,031 - INFO - [www.dia.govt.nz] Processing PDF: https://www.dia.govt.nz/diawebsite.nsf/Files/Proactive-releases-2024/$file/Digital-Identity-Services-Trust-Framework-regulatory-proposals-Engagement-materials-Cabinet-paper-related-minutes-and-discussion-paper.pdf
2025-05-03 22:35:37,223 - INFO - Attempted text extraction from PDF (47 pages)
2025-05-03 22:35:37,230 - INFO - [www.dia.govt.nz] Added 17 new unique paragraphs (11260 words) from https://www.dia.govt.nz/diawebsite.nsf/Files/Proactive-releases-2024/$file/Digital-Identity-Services-Trust-Framework-regulatory-proposals-Engagement-materials-Cabinet-paper-related-minutes-and-discussion-paper.pdf. Site words: 456,430. Overall words: 456,430
2025-05-03 22:35:40,233 - INFO - Attempting to fetch: https://www.dia.govt.nz/diawebsite.nsf/Files/LG-Proactive-Releases-2024/$file/Local-Government-Status-Report-WE-22-August-2024.pdf
2025-05-03 22:35:41,633 - INFO - Successfully fetched headers for https://www.dia.govt.nz/diawebsite.nsf/Files/LG-Proactive-Releases-2024/$file/Local-Government-Status-Report-WE-22-August-2024.pdf (Status: 200, Type: application/pdf)
2025-05-03 22:35:41,633 - INFO - [www.dia.govt.nz] Processing PDF: https://www.dia.govt.nz/diawebsite.nsf/Files/LG-Proactive-Releases-2024/$file/Local-Government-Status-Report-WE-22-August-2024.pdf
2025-05-03 22:35:44,163 - INFO - Attempted text extraction from PDF (19 pages)
2025-05-03 22:35:44,163 - INFO - [www.dia.govt.nz] Added 5 new unique paragraphs (542 words) from https://www.dia.govt.nz/diawebsite.nsf/Files/LG-Proactive-Releases-2024/$file/Local-Government-Status-Report-WE-22-August-2024.pdf. Site words: 456,972. Overall words: 456,972
2025-05-03 22:35:47,168 - INFO - Attempting to fetch: https://www.dia.govt.nz/diawebsite.nsf/Files/Patten-Proactive-Release-Oct-2018/$file/Investigation-ToR-5-Oct_redacted.pdf
2025-05-03 22:35:48,396 - INFO - Successfully fetched headers for https://www.dia.govt.nz/diawebsite.nsf/Files/Patten-Proactive-Release-Oct-2018/$file/Investigation-ToR-5-Oct_redacted.pdf (Status: 200, Type: text/html)
2025-05-03 22:35:48,398 - INFO - [www.dia.govt.nz] Processing HTML: https://www.dia.govt.nz/diawebsite.nsf/Files/Patten-Proactive-Release-Oct-2018/$file/Investigation-ToR-5-Oct_redacted.pdf
2025-05-03 22:35:51,403 - INFO - Attempting to fetch: https://www.dia.govt.nz/diawebsite.nsf/Files/Proactive-releases/$file/Cabinet-material-Strengthening-Our-Approach-to-Volunteering.pdf
2025-05-03 22:35:52,414 - INFO - Successfully fetched headers for https://www.dia.govt.nz/diawebsite.nsf/Files/Proactive-releases/$file/Cabinet-material-Strengthening-Our-Approach-to-Volunteering.pdf (Status: 200, Type: application/pdf)
2025-05-03 22:35:52,414 - INFO - [www.dia.govt.nz] Processing PDF: https://www.dia.govt.nz/diawebsite.nsf/Files/Proactive-releases/$file/Cabinet-material-Strengthening-Our-Approach-to-Volunteering.pdf
2025-05-03 22:35:53,913 - INFO - Attempted text extraction from PDF (4 pages)
2025-05-03 22:35:53,913 - INFO - [www.dia.govt.nz] Added 5 new unique paragraphs (788 words) from https://www.dia.govt.nz/diawebsite.nsf/Files/Proactive-releases/$file/Cabinet-material-Strengthening-Our-Approach-to-Volunteering.pdf. Site words: 457,760. Overall words: 457,760
2025-05-03 22:35:56,922 - INFO - Attempting to fetch: https://www.dia.govt.nz/diawebsite.nsf/Files/Proactive-releases-2023/$file/Memorandum-of-Understanding-between-GCDO-Department-of-Internal-Affairs-and-Amazon-Web-Services-24-March-2023.pdf
2025-05-03 22:35:58,364 - INFO - Successfully fetched headers for https://www.dia.govt.nz/diawebsite.nsf/Files/Proactive-releases-2023/$file/Memorandum-of-Understanding-between-GCDO-Department-of-Internal-Affairs-and-Amazon-Web-Services-24-March-2023.pdf (Status: 200, Type: application/pdf)
2025-05-03 22:35:58,364 - INFO - [www.dia.govt.nz] Processing PDF: https://www.dia.govt.nz/diawebsite.nsf/Files/Proactive-releases-2023/$file/Memorandum-of-Understanding-between-GCDO-Department-of-Internal-Affairs-and-Amazon-Web-Services-24-March-2023.pdf
2025-05-03 22:36:00,913 - WARNING - unknown widths : 
[0, IndirectObject(77, 0, 2037168449296)]
2025-05-03 22:36:00,913 - WARNING - unknown widths : 
[0, IndirectObject(80, 0, 2037168449296)]
2025-05-03 22:36:00,929 - WARNING - unknown widths : 
[0, IndirectObject(83, 0, 2037168449296)]
2025-05-03 22:36:00,930 - WARNING - unknown widths : 
[0, IndirectObject(86, 0, 2037168449296)]
2025-05-03 22:36:00,997 - INFO - Attempted text extraction from PDF (9 pages)
2025-05-03 22:36:00,997 - INFO - [www.dia.govt.nz] Added 196 new unique paragraphs (2943 words) from https://www.dia.govt.nz/diawebsite.nsf/Files/Proactive-releases-2023/$file/Memorandum-of-Understanding-between-GCDO-Department-of-Internal-Affairs-and-Amazon-Web-Services-24-March-2023.pdf. Site words: 460,703. Overall words: 460,703
2025-05-03 22:36:04,005 - INFO - Attempting to fetch: https://www.dia.govt.nz/diawebsite.nsf/Files/Proactive-releases-2023/$file/Cabinet-material-about-Government-Payroll-Programme-Final-Report-17-April-2023.pdf
2025-05-03 22:36:05,096 - INFO - Successfully fetched headers for https://www.dia.govt.nz/diawebsite.nsf/Files/Proactive-releases-2023/$file/Cabinet-material-about-Government-Payroll-Programme-Final-Report-17-April-2023.pdf (Status: 200, Type: application/pdf)
2025-05-03 22:36:05,106 - INFO - [www.dia.govt.nz] Processing PDF: https://www.dia.govt.nz/diawebsite.nsf/Files/Proactive-releases-2023/$file/Cabinet-material-about-Government-Payroll-Programme-Final-Report-17-April-2023.pdf
2025-05-03 22:36:07,097 - INFO - Attempted text extraction from PDF (18 pages)
2025-05-03 22:36:07,109 - INFO - [www.dia.govt.nz] Added 8 new unique paragraphs (1136 words) from https://www.dia.govt.nz/diawebsite.nsf/Files/Proactive-releases-2023/$file/Cabinet-material-about-Government-Payroll-Programme-Final-Report-17-April-2023.pdf. Site words: 461,839. Overall words: 461,839
2025-05-03 22:36:10,112 - INFO - Attempting to fetch: https://www.dia.govt.nz/diawebsite.nsf/Files/Proactive-releases-December-2018/$file/DIA-use-of-external-security-consultants-since-2008-Release-document.pdf
2025-05-03 22:36:11,422 - INFO - Successfully fetched headers for https://www.dia.govt.nz/diawebsite.nsf/Files/Proactive-releases-December-2018/$file/DIA-use-of-external-security-consultants-since-2008-Release-document.pdf (Status: 200, Type: text/html)
2025-05-03 22:36:11,430 - INFO - [www.dia.govt.nz] Processing HTML: https://www.dia.govt.nz/diawebsite.nsf/Files/Proactive-releases-December-2018/$file/DIA-use-of-external-security-consultants-since-2008-Release-document.pdf
2025-05-03 22:36:14,433 - INFO - Attempting to fetch: https://www.dia.govt.nz/diawebsite.nsf/Files/Proactive-releases/$file/cabinet-paper-films-videos-publications-urgent-Interim-classification-of-publications-and-prevention-of-online-harm.pdf
2025-05-03 22:36:15,488 - INFO - Successfully fetched headers for https://www.dia.govt.nz/diawebsite.nsf/Files/Proactive-releases/$file/cabinet-paper-films-videos-publications-urgent-Interim-classification-of-publications-and-prevention-of-online-harm.pdf (Status: 200, Type: application/pdf)
2025-05-03 22:36:15,489 - INFO - [www.dia.govt.nz] Processing PDF: https://www.dia.govt.nz/diawebsite.nsf/Files/Proactive-releases/$file/cabinet-paper-films-videos-publications-urgent-Interim-classification-of-publications-and-prevention-of-online-harm.pdf
2025-05-03 22:36:17,198 - INFO - Attempted text extraction from PDF (10 pages)
2025-05-03 22:36:17,200 - INFO - [www.dia.govt.nz] Added 2 new unique paragraphs (3063 words) from https://www.dia.govt.nz/diawebsite.nsf/Files/Proactive-releases/$file/cabinet-paper-films-videos-publications-urgent-Interim-classification-of-publications-and-prevention-of-online-harm.pdf. Site words: 464,902. Overall words: 464,902
2025-05-03 22:36:20,203 - INFO - Attempting to fetch: https://www.dia.govt.nz/diawebsite.nsf/Files/Proactive-releases/$file/Cabinet-paper-removal-of-filtering-provisions-from-the-Films-Videos-and-Publications-Classification-Bill.pdf
2025-05-03 22:36:21,361 - INFO - Successfully fetched headers for https://www.dia.govt.nz/diawebsite.nsf/Files/Proactive-releases/$file/Cabinet-paper-removal-of-filtering-provisions-from-the-Films-Videos-and-Publications-Classification-Bill.pdf (Status: 200, Type: application/pdf)
2025-05-03 22:36:21,363 - INFO - [www.dia.govt.nz] Processing PDF: https://www.dia.govt.nz/diawebsite.nsf/Files/Proactive-releases/$file/Cabinet-paper-removal-of-filtering-provisions-from-the-Films-Videos-and-Publications-Classification-Bill.pdf
2025-05-03 22:36:26,630 - INFO - Attempted text extraction from PDF (53 pages)
2025-05-03 22:36:26,630 - INFO - [www.dia.govt.nz] Added 18 new unique paragraphs (11027 words) from https://www.dia.govt.nz/diawebsite.nsf/Files/Proactive-releases/$file/Cabinet-paper-removal-of-filtering-provisions-from-the-Films-Videos-and-Publications-Classification-Bill.pdf. Site words: 475,929. Overall words: 475,929
2025-05-03 22:36:29,643 - INFO - Attempting to fetch: https://www.dia.govt.nz/diawebsite.nsf/Files/Proactive-releases-2024/$file/LG20243096-Wastewater-environmental-performance-standards-single-standard-approach-(11-Jul-24).pdf
2025-05-03 22:36:30,957 - INFO - Successfully fetched headers for https://www.dia.govt.nz/diawebsite.nsf/Files/Proactive-releases-2024/$file/LG20243096-Wastewater-environmental-performance-standards-single-standard-approach-(11-Jul-24).pdf (Status: 200, Type: application/pdf)
2025-05-03 22:36:30,959 - INFO - [www.dia.govt.nz] Processing PDF: https://www.dia.govt.nz/diawebsite.nsf/Files/Proactive-releases-2024/$file/LG20243096-Wastewater-environmental-performance-standards-single-standard-approach-(11-Jul-24).pdf
2025-05-03 22:36:34,213 - INFO - Attempted text extraction from PDF (11 pages)
2025-05-03 22:36:34,213 - INFO - [www.dia.govt.nz] Added 9 new unique paragraphs (4349 words) from https://www.dia.govt.nz/diawebsite.nsf/Files/Proactive-releases-2024/$file/LG20243096-Wastewater-environmental-performance-standards-single-standard-approach-(11-Jul-24).pdf. Site words: 480,278. Overall words: 480,278
2025-05-03 22:36:37,225 - INFO - Attempting to fetch: https://www.dia.govt.nz/diawebsite.nsf/Files/Proactive-Releases-2024-25/$file/Proactive-release-of-Cabinet-material-about-the-Racing-Industry-Amendment-Bill.pdf
2025-05-03 22:36:38,364 - INFO - Successfully fetched headers for https://www.dia.govt.nz/diawebsite.nsf/Files/Proactive-Releases-2024-25/$file/Proactive-release-of-Cabinet-material-about-the-Racing-Industry-Amendment-Bill.pdf (Status: 200, Type: application/pdf)
2025-05-03 22:36:38,380 - INFO - [www.dia.govt.nz] Processing PDF: https://www.dia.govt.nz/diawebsite.nsf/Files/Proactive-Releases-2024-25/$file/Proactive-release-of-Cabinet-material-about-the-Racing-Industry-Amendment-Bill.pdf
2025-05-03 22:36:45,079 - INFO - Attempted text extraction from PDF (72 pages)
2025-05-03 22:36:45,096 - INFO - [www.dia.govt.nz] Added 47 new unique paragraphs (19387 words) from https://www.dia.govt.nz/diawebsite.nsf/Files/Proactive-Releases-2024-25/$file/Proactive-release-of-Cabinet-material-about-the-Racing-Industry-Amendment-Bill.pdf. Site words: 499,665. Overall words: 499,665
2025-05-03 22:36:48,098 - INFO - Attempting to fetch: https://www.dia.govt.nz/diawebsite.nsf/Files/Proactive-releases/$file/MJ-Participatory-Practices-in-Local-Government-proactive-release.pdf
2025-05-03 22:36:49,386 - INFO - Successfully fetched headers for https://www.dia.govt.nz/diawebsite.nsf/Files/Proactive-releases/$file/MJ-Participatory-Practices-in-Local-Government-proactive-release.pdf (Status: 200, Type: application/pdf)
2025-05-03 22:36:49,389 - INFO - [www.dia.govt.nz] Processing PDF: https://www.dia.govt.nz/diawebsite.nsf/Files/Proactive-releases/$file/MJ-Participatory-Practices-in-Local-Government-proactive-release.pdf
2025-05-03 22:36:55,294 - INFO - Attempted text extraction from PDF (60 pages)
2025-05-03 22:36:55,309 - INFO - [www.dia.govt.nz] Added 90 new unique paragraphs (29276 words) from https://www.dia.govt.nz/diawebsite.nsf/Files/Proactive-releases/$file/MJ-Participatory-Practices-in-Local-Government-proactive-release.pdf. Site words: 528,941. Overall words: 528,941
2025-05-03 22:36:58,311 - INFO - Attempting to fetch: https://www.dia.govt.nz/diawebsite.nsf/Files/Proactive-releases/$file/Combined-Digital-Identity-Proactive-Release.pdf
2025-05-03 22:36:59,496 - INFO - Successfully fetched headers for https://www.dia.govt.nz/diawebsite.nsf/Files/Proactive-releases/$file/Combined-Digital-Identity-Proactive-Release.pdf (Status: 200, Type: application/pdf)
2025-05-03 22:36:59,496 - INFO - [www.dia.govt.nz] Processing PDF: https://www.dia.govt.nz/diawebsite.nsf/Files/Proactive-releases/$file/Combined-Digital-Identity-Proactive-Release.pdf
2025-05-03 22:37:05,043 - WARNING - unknown widths : 
[0, IndirectObject(267, 0, 2037170169232)]
2025-05-03 22:37:05,045 - WARNING - unknown widths : 
[0, IndirectObject(270, 0, 2037170169232)]
2025-05-03 22:37:05,048 - WARNING - unknown widths : 
[0, IndirectObject(273, 0, 2037170169232)]
2025-05-03 22:37:05,050 - WARNING - unknown widths : 
[0, IndirectObject(276, 0, 2037170169232)]
2025-05-03 22:37:05,051 - WARNING - unknown widths : 
[0, IndirectObject(279, 0, 2037170169232)]
2025-05-03 22:37:05,052 - WARNING - unknown widths : 
[0, IndirectObject(282, 0, 2037170169232)]
2025-05-03 22:37:05,053 - WARNING - unknown widths : 
[0, IndirectObject(285, 0, 2037170169232)]
2025-05-03 22:37:05,055 - WARNING - unknown widths : 
[0, IndirectObject(288, 0, 2037170169232)]
2025-05-03 22:37:05,059 - WARNING - unknown widths : 
[0, IndirectObject(291, 0, 2037170169232)]
2025-05-03 22:37:05,061 - WARNING - unknown widths : 
[0, IndirectObject(294, 0, 2037170169232)]
2025-05-03 22:37:05,063 - WARNING - unknown widths : 
[0, IndirectObject(297, 0, 2037170169232)]
2025-05-03 22:37:05,065 - WARNING - unknown widths : 
[0, IndirectObject(300, 0, 2037170169232)]
2025-05-03 22:37:05,101 - INFO - Attempted text extraction from PDF (58 pages)
2025-05-03 22:37:05,188 - INFO - [www.dia.govt.nz] Added 123 new unique paragraphs (24739 words) from https://www.dia.govt.nz/diawebsite.nsf/Files/Proactive-releases/$file/Combined-Digital-Identity-Proactive-Release.pdf. Site words: 553,680. Overall words: 553,680
2025-05-03 22:37:08,191 - INFO - Attempting to fetch: https://www.dia.govt.nz/diawebsite.nsf/Files/Proactive-Releases-2024-25/$file/Minister-for-Local-Government-Status-Report-WE-26-September-2024.pdf
2025-05-03 22:37:09,624 - INFO - Successfully fetched headers for https://www.dia.govt.nz/diawebsite.nsf/Files/Proactive-Releases-2024-25/$file/Minister-for-Local-Government-Status-Report-WE-26-September-2024.pdf (Status: 200, Type: application/pdf)
2025-05-03 22:37:09,625 - INFO - [www.dia.govt.nz] Processing PDF: https://www.dia.govt.nz/diawebsite.nsf/Files/Proactive-Releases-2024-25/$file/Minister-for-Local-Government-Status-Report-WE-26-September-2024.pdf
2025-05-03 22:37:15,349 - INFO - Attempted text extraction from PDF (25 pages)
2025-05-03 22:37:15,365 - INFO - [www.dia.govt.nz] Added 28 new unique paragraphs (4382 words) from https://www.dia.govt.nz/diawebsite.nsf/Files/Proactive-Releases-2024-25/$file/Minister-for-Local-Government-Status-Report-WE-26-September-2024.pdf. Site words: 558,062. Overall words: 558,062
2025-05-03 22:37:18,368 - INFO - Attempting to fetch: https://www.dia.govt.nz/press.nsf/d77da9b523f12931cc256ac5000d19b6/21526b9b1b33a16fcc25831d000608bc!OpenDocument
2025-05-03 22:37:19,413 - INFO - Successfully fetched headers for https://www.dia.govt.nz/press.nsf/d77da9b523f12931cc256ac5000d19b6/21526b9b1b33a16fcc25831d000608bc!OpenDocument (Status: 200, Type: text/html)
2025-05-03 22:37:19,413 - INFO - [www.dia.govt.nz] Processing HTML: https://www.dia.govt.nz/press.nsf/d77da9b523f12931cc256ac5000d19b6/21526b9b1b33a16fcc25831d000608bc!OpenDocument
2025-05-03 22:37:19,429 - INFO - [www.dia.govt.nz] No new paragraphs extracted or passed cleaning for https://www.dia.govt.nz/press.nsf/d77da9b523f12931cc256ac5000d19b6/21526b9b1b33a16fcc25831d000608bc!OpenDocument
2025-05-03 22:37:22,434 - INFO - Attempting to fetch: https://www.dia.govt.nz/diawebsite.nsf/Files/Maori-wards-consultation/$file/Public-consultation-on-changes-to-M%C4%81ori-ward-and-M%C4%81ori-constituency-processes-Cabinet-paper-and-related-minute.pdf
2025-05-03 22:37:23,575 - INFO - Successfully fetched headers for https://www.dia.govt.nz/diawebsite.nsf/Files/Maori-wards-consultation/$file/Public-consultation-on-changes-to-M%C4%81ori-ward-and-M%C4%81ori-constituency-processes-Cabinet-paper-and-related-minute.pdf (Status: 200, Type: application/pdf)
2025-05-03 22:37:23,577 - INFO - [www.dia.govt.nz] Processing PDF: https://www.dia.govt.nz/diawebsite.nsf/Files/Maori-wards-consultation/$file/Public-consultation-on-changes-to-M%C4%81ori-ward-and-M%C4%81ori-constituency-processes-Cabinet-paper-and-related-minute.pdf
2025-05-03 22:37:25,729 - INFO - Attempted text extraction from PDF (17 pages)
2025-05-03 22:37:25,735 - INFO - [www.dia.govt.nz] Added 478 new unique paragraphs (5217 words) from https://www.dia.govt.nz/diawebsite.nsf/Files/Maori-wards-consultation/$file/Public-consultation-on-changes-to-M%C4%81ori-ward-and-M%C4%81ori-constituency-processes-Cabinet-paper-and-related-minute.pdf. Site words: 563,279. Overall words: 563,279
2025-05-03 22:37:28,737 - INFO - Attempting to fetch: https://www.dia.govt.nz/diawebsite.nsf/Files/Proactive-Releases-2024-25/$file/LG20243742-Tax-implications-of-water-organisation-distributions-and-exemptions-from-minimum-requirements-(29-Aug-24).pdf
2025-05-03 22:37:30,152 - INFO - Successfully fetched headers for https://www.dia.govt.nz/diawebsite.nsf/Files/Proactive-Releases-2024-25/$file/LG20243742-Tax-implications-of-water-organisation-distributions-and-exemptions-from-minimum-requirements-(29-Aug-24).pdf (Status: 200, Type: application/pdf)
2025-05-03 22:37:30,153 - INFO - [www.dia.govt.nz] Processing PDF: https://www.dia.govt.nz/diawebsite.nsf/Files/Proactive-Releases-2024-25/$file/LG20243742-Tax-implications-of-water-organisation-distributions-and-exemptions-from-minimum-requirements-(29-Aug-24).pdf
2025-05-03 22:37:32,271 - INFO - Attempted text extraction from PDF (7 pages)
2025-05-03 22:37:32,271 - INFO - [www.dia.govt.nz] Added 7 new unique paragraphs (2206 words) from https://www.dia.govt.nz/diawebsite.nsf/Files/Proactive-Releases-2024-25/$file/LG20243742-Tax-implications-of-water-organisation-distributions-and-exemptions-from-minimum-requirements-(29-Aug-24).pdf. Site words: 565,485. Overall words: 565,485
2025-05-03 22:37:35,278 - INFO - Attempting to fetch: https://www.dia.govt.nz/diawebsite.nsf/Files/Identity-Check/$file/Identity-Check-Privacy-Impact-Assessment-Full-Report-May-2023_Redacted.pdf
2025-05-03 22:37:36,402 - INFO - Successfully fetched headers for https://www.dia.govt.nz/diawebsite.nsf/Files/Identity-Check/$file/Identity-Check-Privacy-Impact-Assessment-Full-Report-May-2023_Redacted.pdf (Status: 200, Type: application/pdf)
2025-05-03 22:37:36,402 - INFO - [www.dia.govt.nz] Processing PDF: https://www.dia.govt.nz/diawebsite.nsf/Files/Identity-Check/$file/Identity-Check-Privacy-Impact-Assessment-Full-Report-May-2023_Redacted.pdf
2025-05-03 22:37:39,563 - INFO - Attempted text extraction from PDF (29 pages)
2025-05-03 22:37:39,567 - INFO - [www.dia.govt.nz] Added 23 new unique paragraphs (7579 words) from https://www.dia.govt.nz/diawebsite.nsf/Files/Identity-Check/$file/Identity-Check-Privacy-Impact-Assessment-Full-Report-May-2023_Redacted.pdf. Site words: 573,064. Overall words: 573,064
2025-05-03 22:37:42,570 - INFO - Attempting to fetch: https://www.dia.govt.nz/diawebsite.nsf/Files/Proactive-releases/$file/Investing-in-water-infrastructure-to-accelerate-reform-and-support-economic-recovery-post-Covid-19.pdf
2025-05-03 22:37:43,895 - INFO - Successfully fetched headers for https://www.dia.govt.nz/diawebsite.nsf/Files/Proactive-releases/$file/Investing-in-water-infrastructure-to-accelerate-reform-and-support-economic-recovery-post-Covid-19.pdf (Status: 200, Type: application/pdf)
2025-05-03 22:37:43,903 - INFO - [www.dia.govt.nz] Processing PDF: https://www.dia.govt.nz/diawebsite.nsf/Files/Proactive-releases/$file/Investing-in-water-infrastructure-to-accelerate-reform-and-support-economic-recovery-post-Covid-19.pdf
2025-05-03 22:37:48,765 - INFO - Attempted text extraction from PDF (55 pages)
2025-05-03 22:37:48,765 - INFO - [www.dia.govt.nz] Added 18 new unique paragraphs (20981 words) from https://www.dia.govt.nz/diawebsite.nsf/Files/Proactive-releases/$file/Investing-in-water-infrastructure-to-accelerate-reform-and-support-economic-recovery-post-Covid-19.pdf. Site words: 594,045. Overall words: 594,045
2025-05-03 22:37:51,778 - INFO - Attempting to fetch: https://www.dia.govt.nz/diawebsite.nsf/Files/Proactive-releases/$file/Titles-of-briefings-received-by-the-Minister-for-Digital-Economy-and-Communications.pdf
2025-05-03 22:37:52,778 - INFO - Successfully fetched headers for https://www.dia.govt.nz/diawebsite.nsf/Files/Proactive-releases/$file/Titles-of-briefings-received-by-the-Minister-for-Digital-Economy-and-Communications.pdf (Status: 200, Type: application/pdf)
2025-05-03 22:37:52,778 - INFO - [www.dia.govt.nz] Processing PDF: https://www.dia.govt.nz/diawebsite.nsf/Files/Proactive-releases/$file/Titles-of-briefings-received-by-the-Minister-for-Digital-Economy-and-Communications.pdf
2025-05-03 22:37:53,900 - INFO - Attempted text extraction from PDF (2 pages)
2025-05-03 22:37:53,900 - INFO - [www.dia.govt.nz] Added 5 new unique paragraphs (719 words) from https://www.dia.govt.nz/diawebsite.nsf/Files/Proactive-releases/$file/Titles-of-briefings-received-by-the-Minister-for-Digital-Economy-and-Communications.pdf. Site words: 594,764. Overall words: 594,764
2025-05-03 22:37:56,913 - INFO - Attempting to fetch: https://www.dia.govt.nz/diawebsite.nsf/Files/Proactive-releases-2023/$file/Local-Government-Electoral-Legislation-Bill-regulatory-relief-in-light-of-Cyclone-Gabrielle-20-March-2023.pdf
2025-05-03 22:37:58,365 - INFO - Successfully fetched headers for https://www.dia.govt.nz/diawebsite.nsf/Files/Proactive-releases-2023/$file/Local-Government-Electoral-Legislation-Bill-regulatory-relief-in-light-of-Cyclone-Gabrielle-20-March-2023.pdf (Status: 200, Type: application/pdf)
2025-05-03 22:37:58,365 - INFO - [www.dia.govt.nz] Processing PDF: https://www.dia.govt.nz/diawebsite.nsf/Files/Proactive-releases-2023/$file/Local-Government-Electoral-Legislation-Bill-regulatory-relief-in-light-of-Cyclone-Gabrielle-20-March-2023.pdf
2025-05-03 22:37:59,666 - INFO - Attempted text extraction from PDF (6 pages)
2025-05-03 22:37:59,666 - INFO - [www.dia.govt.nz] Added 9 new unique paragraphs (1535 words) from https://www.dia.govt.nz/diawebsite.nsf/Files/Proactive-releases-2023/$file/Local-Government-Electoral-Legislation-Bill-regulatory-relief-in-light-of-Cyclone-Gabrielle-20-March-2023.pdf. Site words: 596,299. Overall words: 596,299
2025-05-03 22:38:02,672 - INFO - Attempting to fetch: https://www.dia.govt.nz/diawebsite.nsf/Files/Proactive-releases-2024/$file/Local-Government-(Water-Services-Preliminary-Arrangements)-Bill.pdf
2025-05-03 22:38:04,046 - INFO - Successfully fetched headers for https://www.dia.govt.nz/diawebsite.nsf/Files/Proactive-releases-2024/$file/Local-Government-(Water-Services-Preliminary-Arrangements)-Bill.pdf (Status: 200, Type: application/pdf)
2025-05-03 22:38:04,046 - INFO - [www.dia.govt.nz] Processing PDF: https://www.dia.govt.nz/diawebsite.nsf/Files/Proactive-releases-2024/$file/Local-Government-(Water-Services-Preliminary-Arrangements)-Bill.pdf
2025-05-03 22:38:05,897 - INFO - Attempted text extraction from PDF (13 pages)
2025-05-03 22:38:05,901 - INFO - [www.dia.govt.nz] Added 16 new unique paragraphs (5373 words) from https://www.dia.govt.nz/diawebsite.nsf/Files/Proactive-releases-2024/$file/Local-Government-(Water-Services-Preliminary-Arrangements)-Bill.pdf. Site words: 601,672. Overall words: 601,672
2025-05-03 22:38:08,903 - INFO - Attempting to fetch: https://www.dia.govt.nz/diawebsite.nsf/Files/Proactive-releases/$file/FENZ-Cabinet-paper-proactive-release_redacted.pdf
2025-05-03 22:38:10,135 - INFO - Successfully fetched headers for https://www.dia.govt.nz/diawebsite.nsf/Files/Proactive-releases/$file/FENZ-Cabinet-paper-proactive-release_redacted.pdf (Status: 200, Type: text/html)
2025-05-03 22:38:10,135 - INFO - [www.dia.govt.nz] Processing HTML: https://www.dia.govt.nz/diawebsite.nsf/Files/Proactive-releases/$file/FENZ-Cabinet-paper-proactive-release_redacted.pdf
2025-05-03 22:38:13,152 - INFO - Attempting to fetch: https://www.dia.govt.nz/diawebsite.nsf/Files/Proactive-releases-2024/$file/04-LG202301311-Support-material-for-Cabinet-on-11-December-2023.pdf
2025-05-03 22:38:14,187 - INFO - Successfully fetched headers for https://www.dia.govt.nz/diawebsite.nsf/Files/Proactive-releases-2024/$file/04-LG202301311-Support-material-for-Cabinet-on-11-December-2023.pdf (Status: 200, Type: application/pdf)
2025-05-03 22:38:14,189 - INFO - [www.dia.govt.nz] Processing PDF: https://www.dia.govt.nz/diawebsite.nsf/Files/Proactive-releases-2024/$file/04-LG202301311-Support-material-for-Cabinet-on-11-December-2023.pdf
2025-05-03 22:38:16,111 - INFO - Attempted text extraction from PDF (3 pages)
2025-05-03 22:38:16,112 - INFO - [www.dia.govt.nz] No new paragraphs extracted or passed cleaning for https://www.dia.govt.nz/diawebsite.nsf/Files/Proactive-releases-2024/$file/04-LG202301311-Support-material-for-Cabinet-on-11-December-2023.pdf
2025-05-03 22:38:19,114 - INFO - Attempting to fetch: https://www.dia.govt.nz/diawebsite.nsf/Files/Proactive-releases-2024/$file/LG202400112-Options-for-reducing-the-‘regulatory-burden’-on-small-drinking-water-suppliers-(8-Feb-24).pdf
2025-05-03 22:38:20,146 - INFO - Successfully fetched headers for https://www.dia.govt.nz/diawebsite.nsf/Files/Proactive-releases-2024/$file/LG202400112-Options-for-reducing-the-‘regulatory-burden’-on-small-drinking-water-suppliers-(8-Feb-24).pdf (Status: 200, Type: application/pdf)
2025-05-03 22:38:20,146 - INFO - [www.dia.govt.nz] Processing PDF: https://www.dia.govt.nz/diawebsite.nsf/Files/Proactive-releases-2024/$file/LG202400112-Options-for-reducing-the-‘regulatory-burden’-on-small-drinking-water-suppliers-(8-Feb-24).pdf
2025-05-03 22:38:23,166 - INFO - Attempted text extraction from PDF (12 pages)
2025-05-03 22:38:23,176 - INFO - [www.dia.govt.nz] Added 4 new unique paragraphs (5342 words) from https://www.dia.govt.nz/diawebsite.nsf/Files/Proactive-releases-2024/$file/LG202400112-Options-for-reducing-the-‘regulatory-burden’-on-small-drinking-water-suppliers-(8-Feb-24).pdf. Site words: 607,014. Overall words: 607,014
2025-05-03 22:38:26,178 - INFO - Attempting to fetch: https://www.dia.govt.nz/diawebsite.nsf/Files/Proactive-releases-2024/$file/Cover-Sheet-Briefings-(BILL-3-September-2024).pdf
2025-05-03 22:38:27,478 - INFO - Successfully fetched headers for https://www.dia.govt.nz/diawebsite.nsf/Files/Proactive-releases-2024/$file/Cover-Sheet-Briefings-(BILL-3-September-2024).pdf (Status: 200, Type: application/pdf)
2025-05-03 22:38:27,480 - INFO - [www.dia.govt.nz] Processing PDF: https://www.dia.govt.nz/diawebsite.nsf/Files/Proactive-releases-2024/$file/Cover-Sheet-Briefings-(BILL-3-September-2024).pdf
2025-05-03 22:38:28,178 - INFO - Attempted text extraction from PDF (2 pages)
2025-05-03 22:38:28,187 - INFO - [www.dia.govt.nz] Added 3 new unique paragraphs (767 words) from https://www.dia.govt.nz/diawebsite.nsf/Files/Proactive-releases-2024/$file/Cover-Sheet-Briefings-(BILL-3-September-2024).pdf. Site words: 607,781. Overall words: 607,781
2025-05-03 22:38:31,188 - INFO - Attempting to fetch: https://www.dia.govt.nz/diawebsite.nsf/Files/Proactive-releases/$file/cabinet-paper-and-associated-briefings-births-deaths-marriages-and-relationships-registration-bill-june-2021.002.pdf
2025-05-03 22:38:32,246 - INFO - Successfully fetched headers for https://www.dia.govt.nz/diawebsite.nsf/Files/Proactive-releases/$file/cabinet-paper-and-associated-briefings-births-deaths-marriages-and-relationships-registration-bill-june-2021.002.pdf (Status: 200, Type: application/pdf)
2025-05-03 22:38:32,246 - INFO - [www.dia.govt.nz] Processing PDF: https://www.dia.govt.nz/diawebsite.nsf/Files/Proactive-releases/$file/cabinet-paper-and-associated-briefings-births-deaths-marriages-and-relationships-registration-bill-june-2021.002.pdf
2025-05-03 22:38:46,804 - INFO - Attempted text extraction from PDF (148 pages)
2025-05-03 22:38:46,811 - INFO - [www.dia.govt.nz] Added 62 new unique paragraphs (44916 words) from https://www.dia.govt.nz/diawebsite.nsf/Files/Proactive-releases/$file/cabinet-paper-and-associated-briefings-births-deaths-marriages-and-relationships-registration-bill-june-2021.002.pdf. Site words: 652,697. Overall words: 652,697
2025-05-03 22:38:52,939 - INFO - Attempting to fetch: https://www.dia.govt.nz/diawebsite.nsf/Files/Proactive-releases/$file/Policy-Briefing-Intervention-Options-for-the-Westland-District-Council.pdf
2025-05-03 22:38:54,044 - INFO - Successfully fetched headers for https://www.dia.govt.nz/diawebsite.nsf/Files/Proactive-releases/$file/Policy-Briefing-Intervention-Options-for-the-Westland-District-Council.pdf (Status: 200, Type: text/html)
2025-05-03 22:38:54,044 - INFO - [www.dia.govt.nz] Processing HTML: https://www.dia.govt.nz/diawebsite.nsf/Files/Proactive-releases/$file/Policy-Briefing-Intervention-Options-for-the-Westland-District-Council.pdf
2025-05-03 22:38:57,053 - INFO - Attempting to fetch: https://www.dia.govt.nz/diawebsite.nsf/Files/Proactive-releases/$file/Cabinet-material-regarding-Modernising-the-Charities-Act-2005.pdf
2025-05-03 22:38:58,111 - INFO - Successfully fetched headers for https://www.dia.govt.nz/diawebsite.nsf/Files/Proactive-releases/$file/Cabinet-material-regarding-Modernising-the-Charities-Act-2005.pdf (Status: 200, Type: application/pdf)
2025-05-03 22:38:58,111 - INFO - [www.dia.govt.nz] Processing PDF: https://www.dia.govt.nz/diawebsite.nsf/Files/Proactive-releases/$file/Cabinet-material-regarding-Modernising-the-Charities-Act-2005.pdf
2025-05-03 22:38:59,552 - INFO - Attempted text extraction from PDF (4 pages)
2025-05-03 22:38:59,552 - INFO - [www.dia.govt.nz] Added 7 new unique paragraphs (647 words) from https://www.dia.govt.nz/diawebsite.nsf/Files/Proactive-releases/$file/Cabinet-material-regarding-Modernising-the-Charities-Act-2005.pdf. Site words: 653,344. Overall words: 653,344
2025-05-03 22:39:02,558 - INFO - Attempting to fetch: https://www.dia.govt.nz/diawebsite.nsf/Files/Proactive-release/$file/Investing-in-infrastructure-for-the-digital-identity-system.002.pdf
2025-05-03 22:39:03,811 - INFO - Successfully fetched headers for https://www.dia.govt.nz/diawebsite.nsf/Files/Proactive-release/$file/Investing-in-infrastructure-for-the-digital-identity-system.002.pdf (Status: 200, Type: application/pdf)
2025-05-03 22:39:03,811 - INFO - [www.dia.govt.nz] Processing PDF: https://www.dia.govt.nz/diawebsite.nsf/Files/Proactive-release/$file/Investing-in-infrastructure-for-the-digital-identity-system.002.pdf
2025-05-03 22:39:08,210 - INFO - Attempted text extraction from PDF (24 pages)
2025-05-03 22:39:08,211 - INFO - [www.dia.govt.nz] Added 11 new unique paragraphs (3436 words) from https://www.dia.govt.nz/diawebsite.nsf/Files/Proactive-release/$file/Investing-in-infrastructure-for-the-digital-identity-system.002.pdf. Site words: 656,780. Overall words: 656,780
2025-05-03 22:39:11,214 - INFO - Attempting to fetch: https://www.dia.govt.nz/diawebsite.nsf/Files/Proactive-releases-2024/$file/02-LG202301343-Further-advice-on-water-services-delivery-plans.pdf
2025-05-03 22:39:12,216 - INFO - Successfully fetched headers for https://www.dia.govt.nz/diawebsite.nsf/Files/Proactive-releases-2024/$file/02-LG202301343-Further-advice-on-water-services-delivery-plans.pdf (Status: 200, Type: application/pdf)
2025-05-03 22:39:12,216 - INFO - [www.dia.govt.nz] Processing PDF: https://www.dia.govt.nz/diawebsite.nsf/Files/Proactive-releases-2024/$file/02-LG202301343-Further-advice-on-water-services-delivery-plans.pdf
2025-05-03 22:39:14,469 - INFO - Attempted text extraction from PDF (32 pages)
2025-05-03 22:39:14,474 - INFO - [www.dia.govt.nz] Added 6 new unique paragraphs (6951 words) from https://www.dia.govt.nz/diawebsite.nsf/Files/Proactive-releases-2024/$file/02-LG202301343-Further-advice-on-water-services-delivery-plans.pdf. Site words: 663,731. Overall words: 663,731
2025-05-03 22:39:17,475 - INFO - Attempting to fetch: https://www.dia.govt.nz/diawebsite.nsf/Files/Proactive-releases/$file/Cab-paper-Min-Report-on-Overseas-Travel-Hon-Nanaia-Mahuta.pdf
2025-05-03 22:39:18,911 - INFO - Successfully fetched headers for https://www.dia.govt.nz/diawebsite.nsf/Files/Proactive-releases/$file/Cab-paper-Min-Report-on-Overseas-Travel-Hon-Nanaia-Mahuta.pdf (Status: 200, Type: application/pdf)
2025-05-03 22:39:18,911 - INFO - [www.dia.govt.nz] Processing PDF: https://www.dia.govt.nz/diawebsite.nsf/Files/Proactive-releases/$file/Cab-paper-Min-Report-on-Overseas-Travel-Hon-Nanaia-Mahuta.pdf
2025-05-03 22:39:20,244 - INFO - Attempted text extraction from PDF (5 pages)
2025-05-03 22:39:20,244 - INFO - [www.dia.govt.nz] Added 59 new unique paragraphs (619 words) from https://www.dia.govt.nz/diawebsite.nsf/Files/Proactive-releases/$file/Cab-paper-Min-Report-on-Overseas-Travel-Hon-Nanaia-Mahuta.pdf. Site words: 664,350. Overall words: 664,350
2025-05-03 22:39:25,956 - INFO - Attempting to fetch: https://www.dia.govt.nz/diawebsite.nsf/Files/Proactive-releases-Three-Waters-October-2019/$file/Cab-paper-&-Minute-CAB-19-MIN-0506-3W-Review_%20Institutional-Arrangements.pdf
2025-05-03 22:39:27,044 - INFO - Successfully fetched headers for https://www.dia.govt.nz/diawebsite.nsf/Files/Proactive-releases-Three-Waters-October-2019/$file/Cab-paper-&-Minute-CAB-19-MIN-0506-3W-Review_%20Institutional-Arrangements.pdf (Status: 200, Type: text/html)
2025-05-03 22:39:27,044 - INFO - [www.dia.govt.nz] Processing HTML: https://www.dia.govt.nz/diawebsite.nsf/Files/Proactive-releases-Three-Waters-October-2019/$file/Cab-paper-&-Minute-CAB-19-MIN-0506-3W-Review_%20Institutional-Arrangements.pdf
2025-05-03 22:39:30,052 - INFO - Attempting to fetch: https://www.dia.govt.nz/diawebsite.nsf/Files/Proactive-releases/$file/Proactive-release-Racing-(Extension-of-Transition-Period)-Order-2020-and-interim-TAB-NZ-Board.pdf
2025-05-03 22:39:31,655 - INFO - Successfully fetched headers for https://www.dia.govt.nz/diawebsite.nsf/Files/Proactive-releases/$file/Proactive-release-Racing-(Extension-of-Transition-Period)-Order-2020-and-interim-TAB-NZ-Board.pdf (Status: 200, Type: text/html)
2025-05-03 22:39:31,657 - INFO - [www.dia.govt.nz] Processing HTML: https://www.dia.govt.nz/diawebsite.nsf/Files/Proactive-releases/$file/Proactive-release-Racing-(Extension-of-Transition-Period)-Order-2020-and-interim-TAB-NZ-Board.pdf
2025-05-03 22:39:34,660 - INFO - Attempting to fetch: https://www.dia.govt.nz/diawebsite.nsf/Files/Proactive-releases-2024/$file/Introductory-Briefings-to-the-Incoming-Minister-for-Digitising-Government.pdf
2025-05-03 22:39:35,827 - INFO - Successfully fetched headers for https://www.dia.govt.nz/diawebsite.nsf/Files/Proactive-releases-2024/$file/Introductory-Briefings-to-the-Incoming-Minister-for-Digitising-Government.pdf (Status: 200, Type: application/pdf)
2025-05-03 22:39:35,843 - INFO - [www.dia.govt.nz] Processing PDF: https://www.dia.govt.nz/diawebsite.nsf/Files/Proactive-releases-2024/$file/Introductory-Briefings-to-the-Incoming-Minister-for-Digitising-Government.pdf
2025-05-03 22:39:36,610 - INFO - Attempted text extraction from PDF (2 pages)
2025-05-03 22:39:36,610 - INFO - [www.dia.govt.nz] Added 2 new unique paragraphs (484 words) from https://www.dia.govt.nz/diawebsite.nsf/Files/Proactive-releases-2024/$file/Introductory-Briefings-to-the-Incoming-Minister-for-Digitising-Government.pdf. Site words: 664,834. Overall words: 664,834
2025-05-03 22:39:39,625 - INFO - Attempting to fetch: https://www.dia.govt.nz/diawebsite.nsf/Files/Proactive-releases/$file/Dog-Control-(Schedule-5)-Order-2019-Cabinet-paper.pdf
2025-05-03 22:39:40,797 - INFO - Successfully fetched headers for https://www.dia.govt.nz/diawebsite.nsf/Files/Proactive-releases/$file/Dog-Control-(Schedule-5)-Order-2019-Cabinet-paper.pdf (Status: 200, Type: application/pdf)
2025-05-03 22:39:40,799 - INFO - [www.dia.govt.nz] Processing PDF: https://www.dia.govt.nz/diawebsite.nsf/Files/Proactive-releases/$file/Dog-Control-(Schedule-5)-Order-2019-Cabinet-paper.pdf
2025-05-03 22:39:42,011 - INFO - Attempted text extraction from PDF (7 pages)
2025-05-03 22:39:42,011 - INFO - [www.dia.govt.nz] Added 4 new unique paragraphs (1742 words) from https://www.dia.govt.nz/diawebsite.nsf/Files/Proactive-releases/$file/Dog-Control-(Schedule-5)-Order-2019-Cabinet-paper.pdf. Site words: 666,576. Overall words: 666,576
2025-05-03 22:39:45,023 - INFO - Attempting to fetch: https://www.dia.govt.nz/diawebsite.nsf/Files/Proactive-releases-2024/$file/LG20242332-Summary-of-amendments-to-the-WSA-and-associated-legislation-in-relation-to-TA's-roles-and-responsibilities-(23-May-24).pdf
2025-05-03 22:39:46,388 - INFO - Successfully fetched headers for https://www.dia.govt.nz/diawebsite.nsf/Files/Proactive-releases-2024/$file/LG20242332-Summary-of-amendments-to-the-WSA-and-associated-legislation-in-relation-to-TA's-roles-and-responsibilities-(23-May-24).pdf (Status: 200, Type: application/pdf)
2025-05-03 22:39:46,388 - INFO - [www.dia.govt.nz] Processing PDF: https://www.dia.govt.nz/diawebsite.nsf/Files/Proactive-releases-2024/$file/LG20242332-Summary-of-amendments-to-the-WSA-and-associated-legislation-in-relation-to-TA's-roles-and-responsibilities-(23-May-24).pdf
2025-05-03 22:39:48,427 - INFO - Attempted text extraction from PDF (6 pages)
2025-05-03 22:39:48,427 - INFO - [www.dia.govt.nz] Added 140 new unique paragraphs (1623 words) from https://www.dia.govt.nz/diawebsite.nsf/Files/Proactive-releases-2024/$file/LG20242332-Summary-of-amendments-to-the-WSA-and-associated-legislation-in-relation-to-TA's-roles-and-responsibilities-(23-May-24).pdf. Site words: 668,199. Overall words: 668,199
2025-05-03 22:39:51,432 - INFO - Attempting to fetch: https://www.dia.govt.nz/diawebsite.nsf/Files/Proactive-releases/$file/Proactive-release-Minister-of-Internal%20Affairs-Strategy-to-prevent-and-Minimise-Gambling-harm-2019.pdf
2025-05-03 22:39:52,581 - INFO - Successfully fetched headers for https://www.dia.govt.nz/diawebsite.nsf/Files/Proactive-releases/$file/Proactive-release-Minister-of-Internal%20Affairs-Strategy-to-prevent-and-Minimise-Gambling-harm-2019.pdf (Status: 200, Type: application/pdf)
2025-05-03 22:39:52,583 - INFO - [www.dia.govt.nz] Processing PDF: https://www.dia.govt.nz/diawebsite.nsf/Files/Proactive-releases/$file/Proactive-release-Minister-of-Internal%20Affairs-Strategy-to-prevent-and-Minimise-Gambling-harm-2019.pdf
2025-05-03 22:40:06,397 - INFO - Attempted text extraction from PDF (118 pages)
2025-05-03 22:40:06,417 - INFO - [www.dia.govt.nz] Added 99 new unique paragraphs (46454 words) from https://www.dia.govt.nz/diawebsite.nsf/Files/Proactive-releases/$file/Proactive-release-Minister-of-Internal%20Affairs-Strategy-to-prevent-and-Minimise-Gambling-harm-2019.pdf. Site words: 714,653. Overall words: 714,653
2025-05-03 22:40:09,422 - INFO - Attempting to fetch: https://www.dia.govt.nz/diawebsite.nsf/Files/Proactive-releases-2024/$file/LG20243190-Exemptions-from-minimum-requirements-for-water-organisations-(11-Jul-24).pdf
2025-05-03 22:40:10,726 - INFO - Successfully fetched headers for https://www.dia.govt.nz/diawebsite.nsf/Files/Proactive-releases-2024/$file/LG20243190-Exemptions-from-minimum-requirements-for-water-organisations-(11-Jul-24).pdf (Status: 200, Type: application/pdf)
2025-05-03 22:40:10,726 - INFO - [www.dia.govt.nz] Processing PDF: https://www.dia.govt.nz/diawebsite.nsf/Files/Proactive-releases-2024/$file/LG20243190-Exemptions-from-minimum-requirements-for-water-organisations-(11-Jul-24).pdf
2025-05-03 22:40:12,843 - INFO - Attempted text extraction from PDF (11 pages)
2025-05-03 22:40:12,843 - INFO - [www.dia.govt.nz] Added 11 new unique paragraphs (3332 words) from https://www.dia.govt.nz/diawebsite.nsf/Files/Proactive-releases-2024/$file/LG20243190-Exemptions-from-minimum-requirements-for-water-organisations-(11-Jul-24).pdf. Site words: 717,985. Overall words: 717,985
2025-05-03 22:40:15,856 - INFO - Attempting to fetch: https://www.dia.govt.nz/diawebsite.nsf/Files/Waitara%20Lands%20Bill%202019/$file/Cabinet-paper-New-Plymouth-District-Council-Waitara-Lands-Bill.pdf
2025-05-03 22:40:16,943 - INFO - Successfully fetched headers for https://www.dia.govt.nz/diawebsite.nsf/Files/Waitara%20Lands%20Bill%202019/$file/Cabinet-paper-New-Plymouth-District-Council-Waitara-Lands-Bill.pdf (Status: 200, Type: application/pdf)
2025-05-03 22:40:16,958 - INFO - [www.dia.govt.nz] Processing PDF: https://www.dia.govt.nz/diawebsite.nsf/Files/Waitara%20Lands%20Bill%202019/$file/Cabinet-paper-New-Plymouth-District-Council-Waitara-Lands-Bill.pdf
2025-05-03 22:40:18,360 - INFO - Attempted text extraction from PDF (10 pages)
2025-05-03 22:40:18,373 - INFO - [www.dia.govt.nz] Added 5 new unique paragraphs (4618 words) from https://www.dia.govt.nz/diawebsite.nsf/Files/Waitara%20Lands%20Bill%202019/$file/Cabinet-paper-New-Plymouth-District-Council-Waitara-Lands-Bill.pdf. Site words: 722,603. Overall words: 722,603
2025-05-03 22:40:21,374 - INFO - Attempting to fetch: https://www.dia.govt.nz/diawebsite.nsf/Files/Proactive-releases-2024/$file/11-Local-Government-Status-Report-WE-21-March-2024.pdf
2025-05-03 22:40:22,702 - INFO - Successfully fetched headers for https://www.dia.govt.nz/diawebsite.nsf/Files/Proactive-releases-2024/$file/11-Local-Government-Status-Report-WE-21-March-2024.pdf (Status: 200, Type: application/pdf)
2025-05-03 22:40:22,704 - INFO - [www.dia.govt.nz] Processing PDF: https://www.dia.govt.nz/diawebsite.nsf/Files/Proactive-releases-2024/$file/11-Local-Government-Status-Report-WE-21-March-2024.pdf
2025-05-03 22:40:24,759 - INFO - Attempted text extraction from PDF (15 pages)
2025-05-03 22:40:24,759 - INFO - [www.dia.govt.nz] Added 15 new unique paragraphs (1427 words) from https://www.dia.govt.nz/diawebsite.nsf/Files/Proactive-releases-2024/$file/11-Local-Government-Status-Report-WE-21-March-2024.pdf. Site words: 724,030. Overall words: 724,030
2025-05-03 22:40:27,772 - INFO - Attempting to fetch: https://www.dia.govt.nz/diawebsite.nsf/Files/Proactive-releases-2023/$file/Cabinet-Material-about-Privacy-Information-Sharing-Agreement-Facilitating-Access-to-Information-about-Deaths-Order-2023.pdf
2025-05-03 22:40:28,777 - INFO - Successfully fetched headers for https://www.dia.govt.nz/diawebsite.nsf/Files/Proactive-releases-2023/$file/Cabinet-Material-about-Privacy-Information-Sharing-Agreement-Facilitating-Access-to-Information-about-Deaths-Order-2023.pdf (Status: 200, Type: application/pdf)
2025-05-03 22:40:28,777 - INFO - [www.dia.govt.nz] Processing PDF: https://www.dia.govt.nz/diawebsite.nsf/Files/Proactive-releases-2023/$file/Cabinet-Material-about-Privacy-Information-Sharing-Agreement-Facilitating-Access-to-Information-about-Deaths-Order-2023.pdf
2025-05-03 22:40:37,430 - INFO - Attempted text extraction from PDF (55 pages)
2025-05-03 22:40:37,430 - INFO - [www.dia.govt.nz] Added 15 new unique paragraphs (15250 words) from https://www.dia.govt.nz/diawebsite.nsf/Files/Proactive-releases-2023/$file/Cabinet-Material-about-Privacy-Information-Sharing-Agreement-Facilitating-Access-to-Information-about-Deaths-Order-2023.pdf. Site words: 739,280. Overall words: 739,280
2025-05-03 22:40:40,440 - INFO - Attempting to fetch: https://www.dia.govt.nz/diawebsite.nsf/Files/Proactive-releases-2023/$file/Briefing-regarding-the-Removal-and-Disposal-Policy-of-the-National-Library-of-New-Zealand-Te-Puna-Matauranga-o-Aotearoa-April-2023.pdf
2025-05-03 22:40:42,060 - INFO - Successfully fetched headers for https://www.dia.govt.nz/diawebsite.nsf/Files/Proactive-releases-2023/$file/Briefing-regarding-the-Removal-and-Disposal-Policy-of-the-National-Library-of-New-Zealand-Te-Puna-Matauranga-o-Aotearoa-April-2023.pdf (Status: 200, Type: application/pdf)
2025-05-03 22:40:42,076 - INFO - [www.dia.govt.nz] Processing PDF: https://www.dia.govt.nz/diawebsite.nsf/Files/Proactive-releases-2023/$file/Briefing-regarding-the-Removal-and-Disposal-Policy-of-the-National-Library-of-New-Zealand-Te-Puna-Matauranga-o-Aotearoa-April-2023.pdf
2025-05-03 22:40:44,426 - INFO - Attempted text extraction from PDF (8 pages)
2025-05-03 22:40:44,442 - INFO - [www.dia.govt.nz] Added 8 new unique paragraphs (2351 words) from https://www.dia.govt.nz/diawebsite.nsf/Files/Proactive-releases-2023/$file/Briefing-regarding-the-Removal-and-Disposal-Policy-of-the-National-Library-of-New-Zealand-Te-Puna-Matauranga-o-Aotearoa-April-2023.pdf. Site words: 741,631. Overall words: 741,631
2025-05-03 22:40:47,443 - INFO - Attempting to fetch: https://www.dia.govt.nz/diawebsite.nsf/Files/Proactive-releases/$file/Cabinet-material-for-FENZ-Sprinkler-Standards_Redacted.pdf
2025-05-03 22:40:48,460 - INFO - Successfully fetched headers for https://www.dia.govt.nz/diawebsite.nsf/Files/Proactive-releases/$file/Cabinet-material-for-FENZ-Sprinkler-Standards_Redacted.pdf (Status: 200, Type: application/pdf)
2025-05-03 22:40:48,469 - INFO - [www.dia.govt.nz] Processing PDF: https://www.dia.govt.nz/diawebsite.nsf/Files/Proactive-releases/$file/Cabinet-material-for-FENZ-Sprinkler-Standards_Redacted.pdf
2025-05-03 22:40:51,176 - INFO - Attempted text extraction from PDF (14 pages)
2025-05-03 22:40:51,176 - INFO - [www.dia.govt.nz] Added 3 new unique paragraphs (2761 words) from https://www.dia.govt.nz/diawebsite.nsf/Files/Proactive-releases/$file/Cabinet-material-for-FENZ-Sprinkler-Standards_Redacted.pdf. Site words: 744,392. Overall words: 744,392
2025-05-03 22:40:54,188 - INFO - Attempting to fetch: https://www.dia.govt.nz/diawebsite.nsf/Files/Whenua-Maori-rating/$file/Proactive-Release-Whenua-Maori-rating-briefings-Part-1.pdf
2025-05-03 22:40:55,642 - INFO - Successfully fetched headers for https://www.dia.govt.nz/diawebsite.nsf/Files/Whenua-Maori-rating/$file/Proactive-Release-Whenua-Maori-rating-briefings-Part-1.pdf (Status: 200, Type: text/html)
2025-05-03 22:40:55,642 - INFO - [www.dia.govt.nz] Processing HTML: https://www.dia.govt.nz/diawebsite.nsf/Files/Whenua-Maori-rating/$file/Proactive-Release-Whenua-Maori-rating-briefings-Part-1.pdf
2025-05-03 22:40:58,649 - INFO - Attempting to fetch: https://www.dia.govt.nz/diawebsite.nsf/Files/Proactive-releases/$file/LGA02-SOP-Proactive-Release-Oct-2019.pdf
2025-05-03 22:40:59,659 - INFO - Successfully fetched headers for https://www.dia.govt.nz/diawebsite.nsf/Files/Proactive-releases/$file/LGA02-SOP-Proactive-Release-Oct-2019.pdf (Status: 200, Type: application/pdf)
2025-05-03 22:40:59,675 - INFO - [www.dia.govt.nz] Processing PDF: https://www.dia.govt.nz/diawebsite.nsf/Files/Proactive-releases/$file/LGA02-SOP-Proactive-Release-Oct-2019.pdf
2025-05-03 22:41:02,742 - INFO - Attempted text extraction from PDF (11 pages)
2025-05-03 22:41:02,742 - INFO - [www.dia.govt.nz] Added 11 new unique paragraphs (4154 words) from https://www.dia.govt.nz/diawebsite.nsf/Files/Proactive-releases/$file/LGA02-SOP-Proactive-Release-Oct-2019.pdf. Site words: 748,546. Overall words: 748,546
2025-05-03 22:41:05,757 - INFO - Attempting to fetch: https://www.dia.govt.nz/diawebsite.nsf/Files/Proactive-releases-2024/$file/LG20243030-Mixed-use-rural-water-schemes-(4-Jul-24).pdf
2025-05-03 22:41:07,009 - INFO - Successfully fetched headers for https://www.dia.govt.nz/diawebsite.nsf/Files/Proactive-releases-2024/$file/LG20243030-Mixed-use-rural-water-schemes-(4-Jul-24).pdf (Status: 200, Type: application/pdf)
2025-05-03 22:41:07,011 - INFO - [www.dia.govt.nz] Processing PDF: https://www.dia.govt.nz/diawebsite.nsf/Files/Proactive-releases-2024/$file/LG20243030-Mixed-use-rural-water-schemes-(4-Jul-24).pdf
2025-05-03 22:41:08,775 - INFO - Attempted text extraction from PDF (8 pages)
2025-05-03 22:41:08,775 - INFO - [www.dia.govt.nz] Added 6 new unique paragraphs (3203 words) from https://www.dia.govt.nz/diawebsite.nsf/Files/Proactive-releases-2024/$file/LG20243030-Mixed-use-rural-water-schemes-(4-Jul-24).pdf. Site words: 751,749. Overall words: 751,749
2025-05-03 22:41:11,782 - INFO - Attempting to fetch: https://www.dia.govt.nz/diawebsite.nsf/Files/Proactive-releases-2024/$file/LG20240633-Summary-of-policy-decisions-for-the-Local-Government-Water-Services-(Transitional-Provisions)-Bill-Cabinet-paper-(29-February-2024).pdf
2025-05-03 22:41:12,938 - INFO - Successfully fetched headers for https://www.dia.govt.nz/diawebsite.nsf/Files/Proactive-releases-2024/$file/LG20240633-Summary-of-policy-decisions-for-the-Local-Government-Water-Services-(Transitional-Provisions)-Bill-Cabinet-paper-(29-February-2024).pdf (Status: 200, Type: application/pdf)
2025-05-03 22:41:12,941 - INFO - [www.dia.govt.nz] Processing PDF: https://www.dia.govt.nz/diawebsite.nsf/Files/Proactive-releases-2024/$file/LG20240633-Summary-of-policy-decisions-for-the-Local-Government-Water-Services-(Transitional-Provisions)-Bill-Cabinet-paper-(29-February-2024).pdf
2025-05-03 22:41:18,509 - INFO - Attempted text extraction from PDF (9 pages)
2025-05-03 22:41:18,509 - INFO - [www.dia.govt.nz] Added 156 new unique paragraphs (2312 words) from https://www.dia.govt.nz/diawebsite.nsf/Files/Proactive-releases-2024/$file/LG20240633-Summary-of-policy-decisions-for-the-Local-Government-Water-Services-(Transitional-Provisions)-Bill-Cabinet-paper-(29-February-2024).pdf. Site words: 754,061. Overall words: 754,061
2025-05-03 22:41:21,525 - INFO - Attempting to fetch: https://www.dia.govt.nz/diawebsite.nsf/Files/Proactive-releases/$file/Cabinet-materia-about-the-Interim-Government-Response-to-the-Social%20Services-Committee-Proactive-release.pdf
2025-05-03 22:41:23,015 - INFO - Successfully fetched headers for https://www.dia.govt.nz/diawebsite.nsf/Files/Proactive-releases/$file/Cabinet-materia-about-the-Interim-Government-Response-to-the-Social%20Services-Committee-Proactive-release.pdf (Status: 200, Type: application/pdf)
2025-05-03 22:41:23,016 - INFO - [www.dia.govt.nz] Processing PDF: https://www.dia.govt.nz/diawebsite.nsf/Files/Proactive-releases/$file/Cabinet-materia-about-the-Interim-Government-Response-to-the-Social%20Services-Committee-Proactive-release.pdf
2025-05-03 22:41:25,642 - INFO - Attempted text extraction from PDF (8 pages)
2025-05-03 22:41:25,642 - INFO - [www.dia.govt.nz] Added 11 new unique paragraphs (1989 words) from https://www.dia.govt.nz/diawebsite.nsf/Files/Proactive-releases/$file/Cabinet-materia-about-the-Interim-Government-Response-to-the-Social%20Services-Committee-Proactive-release.pdf. Site words: 756,050. Overall words: 756,050
2025-05-03 22:41:28,652 - INFO - Attempting to fetch: https://www.dia.govt.nz/diawebsite.nsf/Files/Proactive-releases-2023/$file/Proactive-release-documents-Rates-rebate-adjutsment-2023.pdf
2025-05-03 22:41:29,841 - INFO - Successfully fetched headers for https://www.dia.govt.nz/diawebsite.nsf/Files/Proactive-releases-2023/$file/Proactive-release-documents-Rates-rebate-adjutsment-2023.pdf (Status: 200, Type: application/pdf)
2025-05-03 22:41:29,842 - INFO - [www.dia.govt.nz] Processing PDF: https://www.dia.govt.nz/diawebsite.nsf/Files/Proactive-releases-2023/$file/Proactive-release-documents-Rates-rebate-adjutsment-2023.pdf
2025-05-03 22:41:36,577 - INFO - Attempted text extraction from PDF (28 pages)
2025-05-03 22:41:36,581 - INFO - [www.dia.govt.nz] Added 12 new unique paragraphs (8184 words) from https://www.dia.govt.nz/diawebsite.nsf/Files/Proactive-releases-2023/$file/Proactive-release-documents-Rates-rebate-adjutsment-2023.pdf. Site words: 764,234. Overall words: 764,234
2025-05-03 22:41:39,583 - INFO - Attempting to fetch: https://www.dia.govt.nz/diawebsite.nsf/Files/Proactive-releases/$file/Cabinet-material-and-additional-documents-relating-to-the-Rates-Rebates-Order-2021.pdf
2025-05-03 22:41:40,813 - INFO - Successfully fetched headers for https://www.dia.govt.nz/diawebsite.nsf/Files/Proactive-releases/$file/Cabinet-material-and-additional-documents-relating-to-the-Rates-Rebates-Order-2021.pdf (Status: 200, Type: application/pdf)
2025-05-03 22:41:40,815 - INFO - [www.dia.govt.nz] Processing PDF: https://www.dia.govt.nz/diawebsite.nsf/Files/Proactive-releases/$file/Cabinet-material-and-additional-documents-relating-to-the-Rates-Rebates-Order-2021.pdf
2025-05-03 22:41:44,824 - INFO - Attempted text extraction from PDF (29 pages)
2025-05-03 22:41:44,824 - INFO - [www.dia.govt.nz] Added 10 new unique paragraphs (7310 words) from https://www.dia.govt.nz/diawebsite.nsf/Files/Proactive-releases/$file/Cabinet-material-and-additional-documents-relating-to-the-Rates-Rebates-Order-2021.pdf. Site words: 771,544. Overall words: 771,544
2025-05-03 22:41:47,835 - INFO - Attempting to fetch: https://www.dia.govt.nz/diawebsite.nsf/Files/Water-Services-Reform/$file/Cab-Paper-and-minute-15-May-2023.pdf
2025-05-03 22:41:49,059 - INFO - Successfully fetched headers for https://www.dia.govt.nz/diawebsite.nsf/Files/Water-Services-Reform/$file/Cab-Paper-and-minute-15-May-2023.pdf (Status: 200, Type: application/pdf)
2025-05-03 22:41:49,059 - INFO - [www.dia.govt.nz] Processing PDF: https://www.dia.govt.nz/diawebsite.nsf/Files/Water-Services-Reform/$file/Cab-Paper-and-minute-15-May-2023.pdf
2025-05-03 22:41:51,463 - INFO - Attempted text extraction from PDF (34 pages)
2025-05-03 22:41:51,475 - INFO - [www.dia.govt.nz] Added 41 new unique paragraphs (13583 words) from https://www.dia.govt.nz/diawebsite.nsf/Files/Water-Services-Reform/$file/Cab-Paper-and-minute-15-May-2023.pdf. Site words: 785,127. Overall words: 785,127
2025-05-03 22:41:54,477 - INFO - Attempting to fetch: https://www.dia.govt.nz/Water-services-reform-archived-information
2025-05-03 22:41:55,756 - INFO - Successfully fetched headers for https://www.dia.govt.nz/Water-services-reform-archived-information (Status: 200, Type: text/html)
2025-05-03 22:41:55,759 - INFO - [www.dia.govt.nz] Processing HTML: https://www.dia.govt.nz/Water-services-reform-archived-information
2025-05-03 22:41:56,208 - INFO - [www.dia.govt.nz] Added 634 new unique paragraphs (7094 words) from https://www.dia.govt.nz/Water-services-reform-archived-information. Site words: 792,221. Overall words: 792,221
2025-05-03 22:41:59,222 - INFO - Attempting to fetch: https://www.dia.govt.nz/diawebsite.nsf/Files/Racing-Industry-Bill/$file/LEG-Paper-for-Racing-Industry-Bill.pdf
2025-05-03 22:42:00,262 - INFO - Successfully fetched headers for https://www.dia.govt.nz/diawebsite.nsf/Files/Racing-Industry-Bill/$file/LEG-Paper-for-Racing-Industry-Bill.pdf (Status: 200, Type: application/pdf)
2025-05-03 22:42:00,262 - INFO - [www.dia.govt.nz] Processing PDF: https://www.dia.govt.nz/diawebsite.nsf/Files/Racing-Industry-Bill/$file/LEG-Paper-for-Racing-Industry-Bill.pdf
2025-05-03 22:42:04,615 - INFO - Attempted text extraction from PDF (9 pages)
2025-05-03 22:42:04,615 - INFO - [www.dia.govt.nz] Added 8 new unique paragraphs (2649 words) from https://www.dia.govt.nz/diawebsite.nsf/Files/Racing-Industry-Bill/$file/LEG-Paper-for-Racing-Industry-Bill.pdf. Site words: 794,870. Overall words: 794,870
2025-05-03 22:42:07,622 - INFO - Attempting to fetch: https://www.dia.govt.nz/diawebsite.nsf/Files/Proactive-releases-2024/$file/Decisions-document-Toi-Hiranga-Regulation-and-Policy.pdf
2025-05-03 22:42:08,957 - INFO - Successfully fetched headers for https://www.dia.govt.nz/diawebsite.nsf/Files/Proactive-releases-2024/$file/Decisions-document-Toi-Hiranga-Regulation-and-Policy.pdf (Status: 200, Type: application/pdf)
2025-05-03 22:42:08,958 - INFO - [www.dia.govt.nz] Processing PDF: https://www.dia.govt.nz/diawebsite.nsf/Files/Proactive-releases-2024/$file/Decisions-document-Toi-Hiranga-Regulation-and-Policy.pdf
2025-05-03 22:42:29,173 - INFO - Attempted text extraction from PDF (83 pages)
2025-05-03 22:42:29,177 - INFO - [www.dia.govt.nz] Added 23 new unique paragraphs (7133 words) from https://www.dia.govt.nz/diawebsite.nsf/Files/Proactive-releases-2024/$file/Decisions-document-Toi-Hiranga-Regulation-and-Policy.pdf. Site words: 802,003. Overall words: 802,003
2025-05-03 22:42:32,179 - INFO - Attempting to fetch: https://www.dia.govt.nz/diawebsite.nsf/Files/Proactive-releases/$file/Independent-Quality-Assurance-Reports-relating-to-the-NZLPP.pdf
2025-05-03 22:42:33,451 - INFO - Successfully fetched headers for https://www.dia.govt.nz/diawebsite.nsf/Files/Proactive-releases/$file/Independent-Quality-Assurance-Reports-relating-to-the-NZLPP.pdf (Status: 200, Type: application/pdf)
2025-05-03 22:42:33,455 - INFO - [www.dia.govt.nz] Processing PDF: https://www.dia.govt.nz/diawebsite.nsf/Files/Proactive-releases/$file/Independent-Quality-Assurance-Reports-relating-to-the-NZLPP.pdf
2025-05-03 22:42:42,307 - INFO - Attempted text extraction from PDF (41 pages)
2025-05-03 22:42:42,307 - INFO - [www.dia.govt.nz] Added 4 new unique paragraphs (12957 words) from https://www.dia.govt.nz/diawebsite.nsf/Files/Proactive-releases/$file/Independent-Quality-Assurance-Reports-relating-to-the-NZLPP.pdf. Site words: 814,960. Overall words: 814,960
2025-05-03 22:42:45,318 - INFO - Attempting to fetch: https://www.dia.govt.nz/diawebsite.nsf/Files/Proactive-releases-2023/$file/Proactive-release-SWERL-(Local-Government-Act-2002-Long-term-Plan)-Order-2023.pdf
2025-05-03 22:42:46,586 - INFO - Successfully fetched headers for https://www.dia.govt.nz/diawebsite.nsf/Files/Proactive-releases-2023/$file/Proactive-release-SWERL-(Local-Government-Act-2002-Long-term-Plan)-Order-2023.pdf (Status: 200, Type: application/pdf)
2025-05-03 22:42:46,588 - INFO - [www.dia.govt.nz] Processing PDF: https://www.dia.govt.nz/diawebsite.nsf/Files/Proactive-releases-2023/$file/Proactive-release-SWERL-(Local-Government-Act-2002-Long-term-Plan)-Order-2023.pdf
2025-05-03 22:42:47,801 - INFO - Attempted text extraction from PDF (10 pages)
2025-05-03 22:42:47,807 - INFO - [www.dia.govt.nz] Added 230 new unique paragraphs (2302 words) from https://www.dia.govt.nz/diawebsite.nsf/Files/Proactive-releases-2023/$file/Proactive-release-SWERL-(Local-Government-Act-2002-Long-term-Plan)-Order-2023.pdf. Site words: 817,262. Overall words: 817,262
2025-05-03 22:42:50,809 - INFO - Attempting to fetch: https://www.dia.govt.nz/diawebsite.nsf/Files/three-waters-reform-programme-2021/$file/castalia-report-advice-on-water-reform-opt-out.pdf
2025-05-03 22:42:51,874 - INFO - Successfully fetched headers for https://www.dia.govt.nz/diawebsite.nsf/Files/three-waters-reform-programme-2021/$file/castalia-report-advice-on-water-reform-opt-out.pdf (Status: 200, Type: application/pdf)
2025-05-03 22:42:51,875 - INFO - [www.dia.govt.nz] Processing PDF: https://www.dia.govt.nz/diawebsite.nsf/Files/three-waters-reform-programme-2021/$file/castalia-report-advice-on-water-reform-opt-out.pdf
2025-05-03 22:42:57,391 - INFO - Attempted text extraction from PDF (34 pages)
2025-05-03 22:42:57,407 - INFO - [www.dia.govt.nz] Added 53 new unique paragraphs (12214 words) from https://www.dia.govt.nz/diawebsite.nsf/Files/three-waters-reform-programme-2021/$file/castalia-report-advice-on-water-reform-opt-out.pdf. Site words: 829,476. Overall words: 829,476
2025-05-03 22:43:00,415 - INFO - Attempting to fetch: https://www.dia.govt.nz/diawebsite.nsf/Files/Proactive-releases/$file/proactive-release-of-interim-government-response-23-april-2021.pdf
2025-05-03 22:43:01,783 - INFO - Successfully fetched headers for https://www.dia.govt.nz/diawebsite.nsf/Files/Proactive-releases/$file/proactive-release-of-interim-government-response-23-april-2021.pdf (Status: 200, Type: application/pdf)
2025-05-03 22:43:01,785 - INFO - [www.dia.govt.nz] Processing PDF: https://www.dia.govt.nz/diawebsite.nsf/Files/Proactive-releases/$file/proactive-release-of-interim-government-response-23-april-2021.pdf
2025-05-03 22:43:03,707 - INFO - Attempted text extraction from PDF (11 pages)
2025-05-03 22:43:03,707 - INFO - [www.dia.govt.nz] Added 10 new unique paragraphs (2208 words) from https://www.dia.govt.nz/diawebsite.nsf/Files/Proactive-releases/$file/proactive-release-of-interim-government-response-23-april-2021.pdf. Site words: 831,684. Overall words: 831,684
2025-05-03 22:43:06,712 - INFO - Attempting to fetch: https://www.dia.govt.nz/diawebsite.nsf/Files/CVoD-Proactive-releases/$file/19-December-2018-Briefing-further-advice-on-amendment-proposals.pdf
2025-05-03 22:43:07,891 - INFO - Successfully fetched headers for https://www.dia.govt.nz/diawebsite.nsf/Files/CVoD-Proactive-releases/$file/19-December-2018-Briefing-further-advice-on-amendment-proposals.pdf (Status: 200, Type: application/pdf)
2025-05-03 22:43:07,891 - INFO - [www.dia.govt.nz] Processing PDF: https://www.dia.govt.nz/diawebsite.nsf/Files/CVoD-Proactive-releases/$file/19-December-2018-Briefing-further-advice-on-amendment-proposals.pdf
2025-05-03 22:43:09,945 - INFO - Attempted text extraction from PDF (5 pages)
2025-05-03 22:43:09,957 - INFO - [www.dia.govt.nz] Added 153 new unique paragraphs (1563 words) from https://www.dia.govt.nz/diawebsite.nsf/Files/CVoD-Proactive-releases/$file/19-December-2018-Briefing-further-advice-on-amendment-proposals.pdf. Site words: 833,247. Overall words: 833,247
2025-05-03 22:43:12,959 - INFO - Attempting to fetch: https://www.dia.govt.nz/diawebsite.nsf/Files/Proactive-releases-2024/$file/Local-Government-Status-Report-WE-13-June-2024.pdf
2025-05-03 22:43:14,267 - INFO - Successfully fetched headers for https://www.dia.govt.nz/diawebsite.nsf/Files/Proactive-releases-2024/$file/Local-Government-Status-Report-WE-13-June-2024.pdf (Status: 200, Type: application/pdf)
2025-05-03 22:43:14,275 - INFO - [www.dia.govt.nz] Processing PDF: https://www.dia.govt.nz/diawebsite.nsf/Files/Proactive-releases-2024/$file/Local-Government-Status-Report-WE-13-June-2024.pdf
2025-05-03 22:43:17,257 - INFO - Attempted text extraction from PDF (18 pages)
2025-05-03 22:43:17,257 - INFO - [www.dia.govt.nz] Added 18 new unique paragraphs (3200 words) from https://www.dia.govt.nz/diawebsite.nsf/Files/Proactive-releases-2024/$file/Local-Government-Status-Report-WE-13-June-2024.pdf. Site words: 836,447. Overall words: 836,447
2025-05-03 22:43:20,265 - INFO - Attempting to fetch: https://www.dia.govt.nz/diawebsite.nsf/Files/Three-waters-reform-programme/$file/rating-evaluation-service-res-letter-three-waters-reform-programme.pdf
2025-05-03 22:43:21,257 - INFO - Successfully fetched headers for https://www.dia.govt.nz/diawebsite.nsf/Files/Three-waters-reform-programme/$file/rating-evaluation-service-res-letter-three-waters-reform-programme.pdf (Status: 200, Type: application/pdf)
2025-05-03 22:43:21,257 - INFO - [www.dia.govt.nz] Processing PDF: https://www.dia.govt.nz/diawebsite.nsf/Files/Three-waters-reform-programme/$file/rating-evaluation-service-res-letter-three-waters-reform-programme.pdf
2025-05-03 22:43:25,090 - INFO - Attempted text extraction from PDF (34 pages)
2025-05-03 22:43:25,102 - INFO - [www.dia.govt.nz] Added 981 new unique paragraphs (13518 words) from https://www.dia.govt.nz/diawebsite.nsf/Files/Three-waters-reform-programme/$file/rating-evaluation-service-res-letter-three-waters-reform-programme.pdf. Site words: 849,965. Overall words: 849,965
2025-05-03 22:43:28,104 - INFO - Attempting to fetch: https://www.dia.govt.nz/diawebsite.nsf/Files/Proactive-releases/$file/Films-Videos-and-Publications-Classification-CVoD-Amendment-Bill.pdf
2025-05-03 22:43:29,357 - INFO - Successfully fetched headers for https://www.dia.govt.nz/diawebsite.nsf/Files/Proactive-releases/$file/Films-Videos-and-Publications-Classification-CVoD-Amendment-Bill.pdf (Status: 200, Type: application/pdf)
2025-05-03 22:43:29,357 - INFO - [www.dia.govt.nz] Processing PDF: https://www.dia.govt.nz/diawebsite.nsf/Files/Proactive-releases/$file/Films-Videos-and-Publications-Classification-CVoD-Amendment-Bill.pdf
2025-05-03 22:43:36,390 - INFO - Attempted text extraction from PDF (102 pages)
2025-05-03 22:43:36,406 - INFO - [www.dia.govt.nz] Added 24 new unique paragraphs (34703 words) from https://www.dia.govt.nz/diawebsite.nsf/Files/Proactive-releases/$file/Films-Videos-and-Publications-Classification-CVoD-Amendment-Bill.pdf. Site words: 884,668. Overall words: 884,668
2025-05-03 22:43:39,418 - INFO - Attempting to fetch: https://www.dia.govt.nz/diawebsite.nsf/Files/Proactive-releases-2024/$file/LG20240814-Authorisation-for-water-service-professionals-repeal-of-statutory-timeframes-(7-Mar-24).pdf
2025-05-03 22:43:40,775 - INFO - Successfully fetched headers for https://www.dia.govt.nz/diawebsite.nsf/Files/Proactive-releases-2024/$file/LG20240814-Authorisation-for-water-service-professionals-repeal-of-statutory-timeframes-(7-Mar-24).pdf (Status: 200, Type: application/pdf)
2025-05-03 22:43:40,777 - INFO - [www.dia.govt.nz] Processing PDF: https://www.dia.govt.nz/diawebsite.nsf/Files/Proactive-releases-2024/$file/LG20240814-Authorisation-for-water-service-professionals-repeal-of-statutory-timeframes-(7-Mar-24).pdf
2025-05-03 22:43:43,040 - INFO - Attempted text extraction from PDF (7 pages)
2025-05-03 22:43:43,043 - INFO - [www.dia.govt.nz] Added 225 new unique paragraphs (2522 words) from https://www.dia.govt.nz/diawebsite.nsf/Files/Proactive-releases-2024/$file/LG20240814-Authorisation-for-water-service-professionals-repeal-of-statutory-timeframes-(7-Mar-24).pdf. Site words: 887,190. Overall words: 887,190
2025-05-03 22:43:46,045 - INFO - Attempting to fetch: https://www.dia.govt.nz/diawebsite.nsf/Files/Proactive-releases-2024/$file/LG20241748-Reducing-the-regulatory-burden-on-small-drinking-water-suppliers-(2-May-24).pdf
2025-05-03 22:43:47,040 - INFO - Successfully fetched headers for https://www.dia.govt.nz/diawebsite.nsf/Files/Proactive-releases-2024/$file/LG20241748-Reducing-the-regulatory-burden-on-small-drinking-water-suppliers-(2-May-24).pdf (Status: 200, Type: application/pdf)
2025-05-03 22:43:47,040 - INFO - [www.dia.govt.nz] Processing PDF: https://www.dia.govt.nz/diawebsite.nsf/Files/Proactive-releases-2024/$file/LG20241748-Reducing-the-regulatory-burden-on-small-drinking-water-suppliers-(2-May-24).pdf
2025-05-03 22:43:50,082 - INFO - Attempted text extraction from PDF (9 pages)
2025-05-03 22:43:50,083 - INFO - [www.dia.govt.nz] Added 2 new unique paragraphs (526 words) from https://www.dia.govt.nz/diawebsite.nsf/Files/Proactive-releases-2024/$file/LG20241748-Reducing-the-regulatory-burden-on-small-drinking-water-suppliers-(2-May-24).pdf. Site words: 887,716. Overall words: 887,716
2025-05-03 22:43:53,085 - INFO - Attempting to fetch: https://www.dia.govt.nz/diawebsite.nsf/Files/Proactive-releases-2024/$file/Decisions-document-Office-of-the-Chief-Executive.pdf
2025-05-03 22:43:54,449 - INFO - Successfully fetched headers for https://www.dia.govt.nz/diawebsite.nsf/Files/Proactive-releases-2024/$file/Decisions-document-Office-of-the-Chief-Executive.pdf (Status: 200, Type: application/pdf)
2025-05-03 22:43:54,457 - INFO - [www.dia.govt.nz] Processing PDF: https://www.dia.govt.nz/diawebsite.nsf/Files/Proactive-releases-2024/$file/Decisions-document-Office-of-the-Chief-Executive.pdf
2025-05-03 22:43:55,981 - INFO - Attempted text extraction from PDF (20 pages)
2025-05-03 22:43:55,983 - INFO - [www.dia.govt.nz] Added 15 new unique paragraphs (4421 words) from https://www.dia.govt.nz/diawebsite.nsf/Files/Proactive-releases-2024/$file/Decisions-document-Office-of-the-Chief-Executive.pdf. Site words: 892,137. Overall words: 892,137
2025-05-03 22:43:58,985 - INFO - Attempting to fetch: https://www.dia.govt.nz/diawebsite.nsf/Files/Proactive-Releases-2024-25/$file/Reality-Check-Radio-petition-Ministerial-response-forp-proactive-release.pdf
2025-05-03 22:44:00,085 - INFO - Successfully fetched headers for https://www.dia.govt.nz/diawebsite.nsf/Files/Proactive-Releases-2024-25/$file/Reality-Check-Radio-petition-Ministerial-response-forp-proactive-release.pdf (Status: 200, Type: application/pdf)
2025-05-03 22:44:00,086 - INFO - [www.dia.govt.nz] Processing PDF: https://www.dia.govt.nz/diawebsite.nsf/Files/Proactive-Releases-2024-25/$file/Reality-Check-Radio-petition-Ministerial-response-forp-proactive-release.pdf
2025-05-03 22:44:01,756 - INFO - Attempted text extraction from PDF (10 pages)
2025-05-03 22:44:01,756 - INFO - [www.dia.govt.nz] Added 138 new unique paragraphs (1738 words) from https://www.dia.govt.nz/diawebsite.nsf/Files/Proactive-Releases-2024-25/$file/Reality-Check-Radio-petition-Ministerial-response-forp-proactive-release.pdf. Site words: 893,875. Overall words: 893,875
2025-05-03 22:44:07,535 - INFO - Attempting to fetch: https://www.dia.govt.nz/diawebsite.nsf/Files/Proactive-releases/$file/Proactive-release-Chch-Royal-Commission-Out-of-Cycle-Changes-to-Budget-Baselines.pdf
2025-05-03 22:44:08,924 - INFO - Successfully fetched headers for https://www.dia.govt.nz/diawebsite.nsf/Files/Proactive-releases/$file/Proactive-release-Chch-Royal-Commission-Out-of-Cycle-Changes-to-Budget-Baselines.pdf (Status: 200, Type: application/pdf)
2025-05-03 22:44:08,924 - INFO - [www.dia.govt.nz] Processing PDF: https://www.dia.govt.nz/diawebsite.nsf/Files/Proactive-releases/$file/Proactive-release-Chch-Royal-Commission-Out-of-Cycle-Changes-to-Budget-Baselines.pdf
2025-05-03 22:44:18,724 - WARNING - unknown widths : 
[0, IndirectObject(1146, 0, 2037167837200)]
2025-05-03 22:44:18,724 - WARNING - unknown widths : 
[0, IndirectObject(1150, 0, 2037167837200)]
2025-05-03 22:44:18,724 - WARNING - unknown widths : 
[0, IndirectObject(1154, 0, 2037167837200)]
2025-05-03 22:44:18,724 - WARNING - unknown widths : 
[0, IndirectObject(1158, 0, 2037167837200)]
2025-05-03 22:44:18,724 - WARNING - unknown widths : 
[0, IndirectObject(1162, 0, 2037167837200)]
2025-05-03 22:44:18,724 - WARNING - unknown widths : 
[0, IndirectObject(1166, 0, 2037167837200)]
2025-05-03 22:44:18,740 - WARNING - unknown widths : 
[0, IndirectObject(1170, 0, 2037167837200)]
2025-05-03 22:44:18,740 - WARNING - unknown widths : 
[0, IndirectObject(1174, 0, 2037167837200)]
2025-05-03 22:44:18,740 - WARNING - unknown widths : 
[0, IndirectObject(1178, 0, 2037167837200)]
2025-05-03 22:44:18,740 - WARNING - unknown widths : 
[0, IndirectObject(1182, 0, 2037167837200)]
2025-05-03 22:44:19,189 - INFO - Attempted text extraction from PDF (12 pages)
2025-05-03 22:44:19,189 - INFO - [www.dia.govt.nz] Added 256 new unique paragraphs (2637 words) from https://www.dia.govt.nz/diawebsite.nsf/Files/Proactive-releases/$file/Proactive-release-Chch-Royal-Commission-Out-of-Cycle-Changes-to-Budget-Baselines.pdf. Site words: 896,512. Overall words: 896,512
2025-05-03 22:44:22,195 - INFO - Attempting to fetch: https://www.dia.govt.nz/diawebsite.nsf/Files/Proactive-releases-2024/$file/5.Artificial-intelligence-and-its-implications-for-digital-public-services.pdf
2025-05-03 22:44:23,440 - INFO - Successfully fetched headers for https://www.dia.govt.nz/diawebsite.nsf/Files/Proactive-releases-2024/$file/5.Artificial-intelligence-and-its-implications-for-digital-public-services.pdf (Status: 200, Type: application/pdf)
2025-05-03 22:44:23,440 - INFO - [www.dia.govt.nz] Processing PDF: https://www.dia.govt.nz/diawebsite.nsf/Files/Proactive-releases-2024/$file/5.Artificial-intelligence-and-its-implications-for-digital-public-services.pdf
2025-05-03 22:44:25,089 - INFO - Attempted text extraction from PDF (9 pages)
2025-05-03 22:44:25,090 - INFO - [www.dia.govt.nz] Added 11 new unique paragraphs (2669 words) from https://www.dia.govt.nz/diawebsite.nsf/Files/Proactive-releases-2024/$file/5.Artificial-intelligence-and-its-implications-for-digital-public-services.pdf. Site words: 899,181. Overall words: 899,181
2025-05-03 22:44:28,106 - INFO - Attempting to fetch: https://www.dia.govt.nz/diawebsite.nsf/Files/GDS-papers/$file/GDS-status-report-week-6-June-2018-Redacted.pdf
2025-05-03 22:44:29,106 - INFO - Successfully fetched headers for https://www.dia.govt.nz/diawebsite.nsf/Files/GDS-papers/$file/GDS-status-report-week-6-June-2018-Redacted.pdf (Status: 200, Type: text/html)
2025-05-03 22:44:29,106 - INFO - [www.dia.govt.nz] Processing HTML: https://www.dia.govt.nz/diawebsite.nsf/Files/GDS-papers/$file/GDS-status-report-week-6-June-2018-Redacted.pdf
2025-05-03 22:44:32,114 - INFO - Attempting to fetch: https://www.dia.govt.nz/diawebsite.nsf/Files/Proactive-releases-2024/$file/12-Local-Government-Status-Report-WE-28-March-2024.pdf
2025-05-03 22:44:33,122 - INFO - Successfully fetched headers for https://www.dia.govt.nz/diawebsite.nsf/Files/Proactive-releases-2024/$file/12-Local-Government-Status-Report-WE-28-March-2024.pdf (Status: 200, Type: application/pdf)
2025-05-03 22:44:33,124 - INFO - [www.dia.govt.nz] Processing PDF: https://www.dia.govt.nz/diawebsite.nsf/Files/Proactive-releases-2024/$file/12-Local-Government-Status-Report-WE-28-March-2024.pdf
2025-05-03 22:44:34,727 - INFO - Attempted text extraction from PDF (14 pages)
2025-05-03 22:44:34,727 - INFO - [www.dia.govt.nz] Added 14 new unique paragraphs (1665 words) from https://www.dia.govt.nz/diawebsite.nsf/Files/Proactive-releases-2024/$file/12-Local-Government-Status-Report-WE-28-March-2024.pdf. Site words: 900,846. Overall words: 900,846
2025-05-03 22:44:37,735 - INFO - Attempting to fetch: https://www.dia.govt.nz/diawebsite.nsf/Files/CVoD-Proactive-releases/$file/7-February-2019-Briefing-and-consultation-package.pdf
2025-05-03 22:44:39,112 - INFO - Successfully fetched headers for https://www.dia.govt.nz/diawebsite.nsf/Files/CVoD-Proactive-releases/$file/7-February-2019-Briefing-and-consultation-package.pdf (Status: 200, Type: text/html)
2025-05-03 22:44:39,114 - INFO - [www.dia.govt.nz] Processing HTML: https://www.dia.govt.nz/diawebsite.nsf/Files/CVoD-Proactive-releases/$file/7-February-2019-Briefing-and-consultation-package.pdf
2025-05-03 22:44:42,120 - INFO - Attempting to fetch: https://www.dia.govt.nz/diawebsite.nsf/Files/Proactive-releases-2023/$file/Cabinet-material-about-the-Establishment-of-the-Cyclone-Gabrielle-Appeal-Trust-4-May-2023.pdf
2025-05-03 22:44:43,239 - INFO - Successfully fetched headers for https://www.dia.govt.nz/diawebsite.nsf/Files/Proactive-releases-2023/$file/Cabinet-material-about-the-Establishment-of-the-Cyclone-Gabrielle-Appeal-Trust-4-May-2023.pdf (Status: 200, Type: application/pdf)
2025-05-03 22:44:43,239 - INFO - [www.dia.govt.nz] Processing PDF: https://www.dia.govt.nz/diawebsite.nsf/Files/Proactive-releases-2023/$file/Cabinet-material-about-the-Establishment-of-the-Cyclone-Gabrielle-Appeal-Trust-4-May-2023.pdf
2025-05-03 22:44:44,667 - INFO - Attempted text extraction from PDF (10 pages)
2025-05-03 22:44:44,674 - INFO - [www.dia.govt.nz] Added 2 new unique paragraphs (3023 words) from https://www.dia.govt.nz/diawebsite.nsf/Files/Proactive-releases-2023/$file/Cabinet-material-about-the-Establishment-of-the-Cyclone-Gabrielle-Appeal-Trust-4-May-2023.pdf. Site words: 903,869. Overall words: 903,869
2025-05-03 22:44:47,675 - INFO - Attempting to fetch: https://www.dia.govt.nz/diawebsite.nsf/Files/Proactive-releases/$file/PtNM-Proactive-release.pdf
2025-05-03 22:44:48,724 - INFO - Successfully fetched headers for https://www.dia.govt.nz/diawebsite.nsf/Files/Proactive-releases/$file/PtNM-Proactive-release.pdf (Status: 200, Type: text/html)
2025-05-03 22:44:48,724 - INFO - [www.dia.govt.nz] Processing HTML: https://www.dia.govt.nz/diawebsite.nsf/Files/Proactive-releases/$file/PtNM-Proactive-release.pdf
2025-05-03 22:44:51,734 - INFO - Attempting to fetch: https://www.dia.govt.nz/diawebsite.nsf/Files/LG-Proactive-Releases-2024/$file/Local-Government-Status-Report-WE-8-August-2024.pdf
2025-05-03 22:44:52,907 - INFO - Successfully fetched headers for https://www.dia.govt.nz/diawebsite.nsf/Files/LG-Proactive-Releases-2024/$file/Local-Government-Status-Report-WE-8-August-2024.pdf (Status: 200, Type: application/pdf)
2025-05-03 22:44:52,908 - INFO - [www.dia.govt.nz] Processing PDF: https://www.dia.govt.nz/diawebsite.nsf/Files/LG-Proactive-Releases-2024/$file/Local-Government-Status-Report-WE-8-August-2024.pdf
2025-05-03 22:44:56,722 - INFO - Attempted text extraction from PDF (17 pages)
2025-05-03 22:44:56,732 - INFO - [www.dia.govt.nz] Added 3 new unique paragraphs (171 words) from https://www.dia.govt.nz/diawebsite.nsf/Files/LG-Proactive-Releases-2024/$file/Local-Government-Status-Report-WE-8-August-2024.pdf. Site words: 904,040. Overall words: 904,040
2025-05-03 22:44:59,734 - INFO - Attempting to fetch: https://www.dia.govt.nz/diawebsite.nsf/Files/Three-waters-reform-programme-2022/$file/Cabinet-Paper-Managing-cost-pressures-associated-with-implementing-the-three-waters-reform-programme-6-April-2022.pdf
2025-05-03 22:45:00,905 - INFO - Successfully fetched headers for https://www.dia.govt.nz/diawebsite.nsf/Files/Three-waters-reform-programme-2022/$file/Cabinet-Paper-Managing-cost-pressures-associated-with-implementing-the-three-waters-reform-programme-6-April-2022.pdf (Status: 200, Type: application/pdf)
2025-05-03 22:45:00,905 - INFO - [www.dia.govt.nz] Processing PDF: https://www.dia.govt.nz/diawebsite.nsf/Files/Three-waters-reform-programme-2022/$file/Cabinet-Paper-Managing-cost-pressures-associated-with-implementing-the-three-waters-reform-programme-6-April-2022.pdf
2025-05-03 22:45:03,476 - INFO - Attempted text extraction from PDF (17 pages)
2025-05-03 22:45:03,481 - INFO - [www.dia.govt.nz] Added 49 new unique paragraphs (4205 words) from https://www.dia.govt.nz/diawebsite.nsf/Files/Three-waters-reform-programme-2022/$file/Cabinet-Paper-Managing-cost-pressures-associated-with-implementing-the-three-waters-reform-programme-6-April-2022.pdf. Site words: 908,245. Overall words: 908,245
2025-05-03 22:45:06,482 - INFO - Attempting to fetch: https://www.dia.govt.nz/diawebsite.nsf/Files/Proactive-releases/$file/FENZ-Dispute-Resolution-Scheme-Release-of-consultation-documents-15-April-2019.pdf
2025-05-03 22:45:07,548 - INFO - Successfully fetched headers for https://www.dia.govt.nz/diawebsite.nsf/Files/Proactive-releases/$file/FENZ-Dispute-Resolution-Scheme-Release-of-consultation-documents-15-April-2019.pdf (Status: 200, Type: text/html)
2025-05-03 22:45:07,549 - INFO - [www.dia.govt.nz] Processing HTML: https://www.dia.govt.nz/diawebsite.nsf/Files/Proactive-releases/$file/FENZ-Dispute-Resolution-Scheme-Release-of-consultation-documents-15-April-2019.pdf
2025-05-03 22:45:10,552 - INFO - Attempting to fetch: https://www.dia.govt.nz/diawebsite.nsf/Files/Proactive-releases-2024/$file/08-LG20241107-Online-call-with-Mayors-to-discuss-Bill-2-decisions.pdf
2025-05-03 22:45:11,579 - INFO - Successfully fetched headers for https://www.dia.govt.nz/diawebsite.nsf/Files/Proactive-releases-2024/$file/08-LG20241107-Online-call-with-Mayors-to-discuss-Bill-2-decisions.pdf (Status: 200, Type: application/pdf)
2025-05-03 22:45:11,581 - INFO - [www.dia.govt.nz] Processing PDF: https://www.dia.govt.nz/diawebsite.nsf/Files/Proactive-releases-2024/$file/08-LG20241107-Online-call-with-Mayors-to-discuss-Bill-2-decisions.pdf
2025-05-03 22:45:13,439 - INFO - Attempted text extraction from PDF (13 pages)
2025-05-03 22:45:13,439 - INFO - [www.dia.govt.nz] Added 15 new unique paragraphs (4135 words) from https://www.dia.govt.nz/diawebsite.nsf/Files/Proactive-releases-2024/$file/08-LG20241107-Online-call-with-Mayors-to-discuss-Bill-2-decisions.pdf. Site words: 912,380. Overall words: 912,380
2025-05-03 22:45:16,446 - INFO - Attempting to fetch: https://www.dia.govt.nz/diawebsite.nsf/Files/Charities-appeals-regulations/$file/Cabinet-material-policy-decisions-for-regulations-to-enable-appeals-to-the-Taxation%20and%20Charities%20Review%20Authority.pdf
2025-05-03 22:45:17,839 - INFO - Successfully fetched headers for https://www.dia.govt.nz/diawebsite.nsf/Files/Charities-appeals-regulations/$file/Cabinet-material-policy-decisions-for-regulations-to-enable-appeals-to-the-Taxation%20and%20Charities%20Review%20Authority.pdf (Status: 200, Type: application/pdf)
2025-05-03 22:45:17,841 - INFO - [www.dia.govt.nz] Processing PDF: https://www.dia.govt.nz/diawebsite.nsf/Files/Charities-appeals-regulations/$file/Cabinet-material-policy-decisions-for-regulations-to-enable-appeals-to-the-Taxation%20and%20Charities%20Review%20Authority.pdf
2025-05-03 22:45:19,905 - INFO - Attempted text extraction from PDF (14 pages)
2025-05-03 22:45:19,905 - INFO - [www.dia.govt.nz] Added 11 new unique paragraphs (4069 words) from https://www.dia.govt.nz/diawebsite.nsf/Files/Charities-appeals-regulations/$file/Cabinet-material-policy-decisions-for-regulations-to-enable-appeals-to-the-Taxation%20and%20Charities%20Review%20Authority.pdf. Site words: 916,449. Overall words: 916,449
2025-05-03 22:45:22,920 - INFO - Attempting to fetch: https://www.dia.govt.nz/diawebsite.nsf/Files/Proactive-releases-2024/$file/Toi-Hiranga-Regulation-&-Policy-Organisational-Change-Consultation-Document.pdf
2025-05-03 22:45:23,912 - INFO - Successfully fetched headers for https://www.dia.govt.nz/diawebsite.nsf/Files/Proactive-releases-2024/$file/Toi-Hiranga-Regulation-&-Policy-Organisational-Change-Consultation-Document.pdf (Status: 200, Type: application/pdf)
2025-05-03 22:45:23,912 - INFO - [www.dia.govt.nz] Processing PDF: https://www.dia.govt.nz/diawebsite.nsf/Files/Proactive-releases-2024/$file/Toi-Hiranga-Regulation-&-Policy-Organisational-Change-Consultation-Document.pdf
2025-05-03 22:45:30,194 - INFO - Attempted text extraction from PDF (67 pages)
2025-05-03 22:45:30,205 - INFO - [www.dia.govt.nz] Added 59 new unique paragraphs (11995 words) from https://www.dia.govt.nz/diawebsite.nsf/Files/Proactive-releases-2024/$file/Toi-Hiranga-Regulation-&-Policy-Organisational-Change-Consultation-Document.pdf. Site words: 928,444. Overall words: 928,444
2025-05-03 22:45:33,206 - INFO - Attempting to fetch: https://www.dia.govt.nz/diawebsite.nsf/Files/LG-Proactive-Releases-2024/$file/Cover-sheet-Briefings-related-to-Local-Water-Done-Well-October-release.pdf
2025-05-03 22:45:34,635 - INFO - Successfully fetched headers for https://www.dia.govt.nz/diawebsite.nsf/Files/LG-Proactive-Releases-2024/$file/Cover-sheet-Briefings-related-to-Local-Water-Done-Well-October-release.pdf (Status: 200, Type: application/pdf)
2025-05-03 22:45:34,638 - INFO - [www.dia.govt.nz] Processing PDF: https://www.dia.govt.nz/diawebsite.nsf/Files/LG-Proactive-Releases-2024/$file/Cover-sheet-Briefings-related-to-Local-Water-Done-Well-October-release.pdf
2025-05-03 22:45:35,168 - INFO - Attempted text extraction from PDF (1 pages)
2025-05-03 22:45:35,168 - INFO - [www.dia.govt.nz] Added 3 new unique paragraphs (355 words) from https://www.dia.govt.nz/diawebsite.nsf/Files/LG-Proactive-Releases-2024/$file/Cover-sheet-Briefings-related-to-Local-Water-Done-Well-October-release.pdf. Site words: 928,799. Overall words: 928,799
2025-05-03 22:45:38,170 - INFO - Attempting to fetch: https://www.dia.govt.nz/diawebsite.nsf/Files/Proactive-releases-2024/$file/Updated-Cabinet-Paper-Maori-Wards.pdf
2025-05-03 22:45:39,203 - INFO - Successfully fetched headers for https://www.dia.govt.nz/diawebsite.nsf/Files/Proactive-releases-2024/$file/Updated-Cabinet-Paper-Maori-Wards.pdf (Status: 200, Type: application/pdf)
2025-05-03 22:45:39,203 - INFO - [www.dia.govt.nz] Processing PDF: https://www.dia.govt.nz/diawebsite.nsf/Files/Proactive-releases-2024/$file/Updated-Cabinet-Paper-Maori-Wards.pdf
2025-05-03 22:45:43,205 - INFO - Attempted text extraction from PDF (66 pages)
2025-05-03 22:45:43,221 - INFO - [www.dia.govt.nz] Added 65 new unique paragraphs (22386 words) from https://www.dia.govt.nz/diawebsite.nsf/Files/Proactive-releases-2024/$file/Updated-Cabinet-Paper-Maori-Wards.pdf. Site words: 951,185. Overall words: 951,185
2025-05-03 22:45:46,223 - INFO - Attempting to fetch: https://www.dia.govt.nz/diawebsite.nsf/Files/Proactive-releases/$file/SWC-paper-proactive-release-a.pdf
2025-05-03 22:45:47,480 - INFO - Successfully fetched headers for https://www.dia.govt.nz/diawebsite.nsf/Files/Proactive-releases/$file/SWC-paper-proactive-release-a.pdf (Status: 200, Type: text/html)
2025-05-03 22:45:47,480 - INFO - [www.dia.govt.nz] Processing HTML: https://www.dia.govt.nz/diawebsite.nsf/Files/Proactive-releases/$file/SWC-paper-proactive-release-a.pdf
2025-05-03 22:45:50,495 - INFO - Attempting to fetch: https://www.dia.govt.nz/Resource-material-Regulatory-Impact-Statements-Index
2025-05-03 22:45:52,925 - INFO - Successfully fetched headers for https://www.dia.govt.nz/Resource-material-Regulatory-Impact-Statements-Index (Status: 200, Type: text/html)
2025-05-03 22:45:52,927 - INFO - [www.dia.govt.nz] Processing HTML: https://www.dia.govt.nz/Resource-material-Regulatory-Impact-Statements-Index
2025-05-03 22:45:53,158 - INFO - [www.dia.govt.nz] No new paragraphs extracted or passed cleaning for https://www.dia.govt.nz/Resource-material-Regulatory-Impact-Statements-Index
2025-05-03 22:45:56,168 - INFO - Attempting to fetch: https://www.dia.govt.nz/diawebsite.nsf/Files/Proactive-releases-2024/$file/LG20242381-Bill-3-Legislative-options-for-functions-and-powers-relating-to-infrastructure-and-local-authority-regulatory-powers-(30-May-24).pdf
2025-05-03 22:45:57,144 - INFO - Successfully fetched headers for https://www.dia.govt.nz/diawebsite.nsf/Files/Proactive-releases-2024/$file/LG20242381-Bill-3-Legislative-options-for-functions-and-powers-relating-to-infrastructure-and-local-authority-regulatory-powers-(30-May-24).pdf (Status: 200, Type: application/pdf)
2025-05-03 22:45:57,144 - INFO - [www.dia.govt.nz] Processing PDF: https://www.dia.govt.nz/diawebsite.nsf/Files/Proactive-releases-2024/$file/LG20242381-Bill-3-Legislative-options-for-functions-and-powers-relating-to-infrastructure-and-local-authority-regulatory-powers-(30-May-24).pdf
2025-05-03 22:45:59,202 - INFO - Attempted text extraction from PDF (12 pages)
2025-05-03 22:45:59,204 - INFO - [www.dia.govt.nz] Added 6 new unique paragraphs (3729 words) from https://www.dia.govt.nz/diawebsite.nsf/Files/Proactive-releases-2024/$file/LG20242381-Bill-3-Legislative-options-for-functions-and-powers-relating-to-infrastructure-and-local-authority-regulatory-powers-(30-May-24).pdf. Site words: 954,914. Overall words: 954,914
2025-05-03 22:46:02,208 - INFO - Attempting to fetch: https://www.dia.govt.nz/diawebsite.nsf/Files/Proactive-releases-2024/$file/06-LG202400079-Water-Services-Legislation-Repeal-Bill-and-Cabinet-Paper-Approval-to-lodge.pdf
2025-05-03 22:46:03,462 - INFO - Successfully fetched headers for https://www.dia.govt.nz/diawebsite.nsf/Files/Proactive-releases-2024/$file/06-LG202400079-Water-Services-Legislation-Repeal-Bill-and-Cabinet-Paper-Approval-to-lodge.pdf (Status: 200, Type: application/pdf)
2025-05-03 22:46:03,462 - INFO - [www.dia.govt.nz] Processing PDF: https://www.dia.govt.nz/diawebsite.nsf/Files/Proactive-releases-2024/$file/06-LG202400079-Water-Services-Legislation-Repeal-Bill-and-Cabinet-Paper-Approval-to-lodge.pdf
2025-05-03 22:46:05,287 - INFO - Attempted text extraction from PDF (9 pages)
2025-05-03 22:46:05,287 - INFO - [www.dia.govt.nz] Added 7 new unique paragraphs (2442 words) from https://www.dia.govt.nz/diawebsite.nsf/Files/Proactive-releases-2024/$file/06-LG202400079-Water-Services-Legislation-Repeal-Bill-and-Cabinet-Paper-Approval-to-lodge.pdf. Site words: 957,356. Overall words: 957,356
2025-05-03 22:46:08,302 - INFO - Attempting to fetch: https://www.dia.govt.nz/diawebsite.nsf/Files/Proactive-releases-2024/$file/LG20241008-The-role-of-Taumata-Arowai-in-wastewater-and-stormwater-regulation-and-standard-setting-(14-Mar-24).pdf
2025-05-03 22:46:09,509 - INFO - Successfully fetched headers for https://www.dia.govt.nz/diawebsite.nsf/Files/Proactive-releases-2024/$file/LG20241008-The-role-of-Taumata-Arowai-in-wastewater-and-stormwater-regulation-and-standard-setting-(14-Mar-24).pdf (Status: 200, Type: application/pdf)
2025-05-03 22:46:09,514 - INFO - [www.dia.govt.nz] Processing PDF: https://www.dia.govt.nz/diawebsite.nsf/Files/Proactive-releases-2024/$file/LG20241008-The-role-of-Taumata-Arowai-in-wastewater-and-stormwater-regulation-and-standard-setting-(14-Mar-24).pdf
2025-05-03 22:46:12,790 - INFO - Attempted text extraction from PDF (10 pages)
2025-05-03 22:46:12,790 - INFO - [www.dia.govt.nz] Added 3 new unique paragraphs (3765 words) from https://www.dia.govt.nz/diawebsite.nsf/Files/Proactive-releases-2024/$file/LG20241008-The-role-of-Taumata-Arowai-in-wastewater-and-stormwater-regulation-and-standard-setting-(14-Mar-24).pdf. Site words: 961,121. Overall words: 961,121
2025-05-03 22:46:15,799 - INFO - Attempting to fetch: https://www.dia.govt.nz/diawebsite.nsf/Files/Proactive-releases/$file/Proactive-Release-Independent-CovidCard-Reports-FINAL.pdf
2025-05-03 22:46:17,275 - INFO - Successfully fetched headers for https://www.dia.govt.nz/diawebsite.nsf/Files/Proactive-releases/$file/Proactive-Release-Independent-CovidCard-Reports-FINAL.pdf (Status: 200, Type: application/pdf)
2025-05-03 22:46:17,292 - INFO - [www.dia.govt.nz] Processing PDF: https://www.dia.govt.nz/diawebsite.nsf/Files/Proactive-releases/$file/Proactive-Release-Independent-CovidCard-Reports-FINAL.pdf
2025-05-03 22:46:34,341 - INFO - Attempted text extraction from PDF (130 pages)
2025-05-03 22:46:34,371 - INFO - [www.dia.govt.nz] Added 477 new unique paragraphs (43355 words) from https://www.dia.govt.nz/diawebsite.nsf/Files/Proactive-releases/$file/Proactive-Release-Independent-CovidCard-Reports-FINAL.pdf. Site words: 1,004,476. Overall words: 1,004,476
2025-05-03 22:46:34,374 - INFO - Overall word target (1,000,000) reached during processing https://www.dia.govt.nz/diawebsite.nsf/Files/Proactive-releases/$file/Proactive-Release-Independent-CovidCard-Reports-FINAL.pdf. Stopping crawl.
2025-05-03 22:46:37,377 - INFO - Finished crawl for site: www.dia.govt.nz. Pages crawled: 419. Paragraphs collected: 16,830. Words collected: 1,004,476
2025-05-03 22:46:37,437 - INFO - Saved 16830 paragraphs for www.dia.govt.nz to temp_scraped_data\www.dia.govt.nz.txt
2025-05-03 22:46:37,437 - INFO - Overall word target (1,000,000) reached. Stopping crawl.
2025-05-03 22:46:37,437 - INFO - 
==================== ALL SITE CRAWLS FINISHED ====================
2025-05-03 22:46:37,437 - INFO - Estimated total words collected overall: 1,004,476
2025-05-03 22:46:37,437 - INFO - Individual site files saved in: temp_scraped_data
2025-05-03 22:46:37,437 - INFO - Number of site files generated: 1
2025-05-03 22:49:05,946 - INFO - Starting site-by-site crawl. Overall Target: 1,000,000 words.
2025-05-03 22:49:05,947 - INFO - Max pages per site: 500. Allowed suffixes: ('.govt.nz', '.ac.nz', '.mil.nz', '.parliament.nz')
2025-05-03 22:49:05,950 - INFO - 
==================== Starting crawl for site: www.treasury.govt.nz ====================
2025-05-03 22:49:05,952 - INFO - Attempting to fetch: https://www.treasury.govt.nz/
2025-05-03 22:49:06,766 - ERROR - Request failed for https://www.treasury.govt.nz/: 403 Client Error: Forbidden for url: https://www.treasury.govt.nz/
2025-05-03 22:49:06,767 - WARNING - [www.treasury.govt.nz] Fetch failed for https://www.treasury.govt.nz/, skipping.
2025-05-03 22:49:08,269 - INFO - Finished crawl for site: www.treasury.govt.nz. Pages crawled: 1. Paragraphs collected: 0. Words collected: 0
2025-05-03 22:49:08,270 - INFO - [www.treasury.govt.nz] Stopped crawl because the URL queue for this site is empty.
2025-05-03 22:49:08,271 - INFO - No paragraphs collected for site www.treasury.govt.nz, skipping file save.
2025-05-03 22:49:08,272 - INFO - 
==================== Starting crawl for site: www.doc.govt.nz ====================
2025-05-03 22:49:08,272 - INFO - Attempting to fetch: https://www.doc.govt.nz/
2025-05-03 22:49:09,208 - INFO - Successfully fetched headers for https://www.doc.govt.nz/ (Status: 200, Type: text/html; charset=utf-8)
2025-05-03 22:49:09,208 - INFO - [www.doc.govt.nz] Processing HTML: https://www.doc.govt.nz/
2025-05-03 22:49:09,386 - INFO - [www.doc.govt.nz] Added 10 new unique paragraphs (222 words) from https://www.doc.govt.nz/. Site words: 222. Overall words: 222
2025-05-03 22:49:12,387 - INFO - Attempting to fetch: https://www.doc.govt.nz/footer-links/copyright/
2025-05-03 22:49:12,991 - INFO - Successfully fetched headers for https://www.doc.govt.nz/footer-links/copyright/ (Status: 200, Type: text/html; charset=utf-8)
2025-05-03 22:49:12,993 - INFO - [www.doc.govt.nz] Processing HTML: https://www.doc.govt.nz/footer-links/copyright/
2025-05-03 22:49:13,166 - INFO - [www.doc.govt.nz] Added 25 new unique paragraphs (391 words) from https://www.doc.govt.nz/footer-links/copyright/. Site words: 613. Overall words: 613
2025-05-03 22:49:16,170 - INFO - Attempting to fetch: https://www.doc.govt.nz/footer-links/contact-us/website-feedback-form/
2025-05-03 22:49:16,712 - INFO - Successfully fetched headers for https://www.doc.govt.nz/footer-links/contact-us/website-feedback-form/ (Status: 200, Type: text/html; charset=utf-8)
2025-05-03 22:49:16,724 - INFO - [www.doc.govt.nz] Processing HTML: https://www.doc.govt.nz/footer-links/contact-us/website-feedback-form/
2025-05-03 22:49:17,369 - INFO - [www.doc.govt.nz] Added 5 new unique paragraphs (83 words) from https://www.doc.govt.nz/footer-links/contact-us/website-feedback-form/. Site words: 696. Overall words: 696
2025-05-03 22:49:20,371 - INFO - Attempting to fetch: https://www.doc.govt.nz/nature/native-animals/birds/bird-songs-and-calls/
2025-05-03 22:49:20,958 - INFO - Successfully fetched headers for https://www.doc.govt.nz/nature/native-animals/birds/bird-songs-and-calls/ (Status: 200, Type: text/html; charset=utf-8)
2025-05-03 22:49:20,958 - INFO - [www.doc.govt.nz] Processing HTML: https://www.doc.govt.nz/nature/native-animals/birds/bird-songs-and-calls/
2025-05-03 22:49:21,162 - INFO - [www.doc.govt.nz] Added 123 new unique paragraphs (1005 words) from https://www.doc.govt.nz/nature/native-animals/birds/bird-songs-and-calls/. Site words: 1,701. Overall words: 1,701
2025-05-03 22:49:24,164 - INFO - Attempting to fetch: https://www.doc.govt.nz/footer-links/privacy-and-security/
2025-05-03 22:49:24,691 - INFO - Successfully fetched headers for https://www.doc.govt.nz/footer-links/privacy-and-security/ (Status: 200, Type: text/html; charset=utf-8)
2025-05-03 22:49:24,691 - INFO - [www.doc.govt.nz] Processing HTML: https://www.doc.govt.nz/footer-links/privacy-and-security/
2025-05-03 22:49:24,883 - INFO - [www.doc.govt.nz] Added 12 new unique paragraphs (147 words) from https://www.doc.govt.nz/footer-links/privacy-and-security/. Site words: 1,848. Overall words: 1,848
2025-05-03 22:49:27,888 - INFO - Attempting to fetch: https://www.doc.govt.nz/footer-links/about-this-site/site-help/open-save-and-print-files/
2025-05-03 22:49:28,447 - INFO - Successfully fetched headers for https://www.doc.govt.nz/footer-links/about-this-site/site-help/open-save-and-print-files/ (Status: 200, Type: text/html; charset=utf-8)
2025-05-03 22:49:28,447 - INFO - [www.doc.govt.nz] Processing HTML: https://www.doc.govt.nz/footer-links/about-this-site/site-help/open-save-and-print-files/
2025-05-03 22:49:28,629 - INFO - [www.doc.govt.nz] Added 24 new unique paragraphs (412 words) from https://www.doc.govt.nz/footer-links/about-this-site/site-help/open-save-and-print-files/. Site words: 2,260. Overall words: 2,260
2025-05-03 22:49:31,635 - INFO - Finished crawl for site: www.doc.govt.nz. Pages crawled: 6. Paragraphs collected: 199. Words collected: 2,260
2025-05-03 22:49:31,637 - INFO - [www.doc.govt.nz] Stopped crawl because the URL queue for this site is empty.
2025-05-03 22:49:31,641 - INFO - Saved 199 paragraphs for www.doc.govt.nz to temp_scraped_data\www.doc.govt.nz.txt
2025-05-03 22:49:31,642 - INFO - 
==================== Starting crawl for site: www.transport.govt.nz ====================
2025-05-03 22:49:31,643 - INFO - Attempting to fetch: https://www.transport.govt.nz/
2025-05-03 22:49:33,813 - INFO - Successfully fetched headers for https://www.transport.govt.nz/ (Status: 200, Type: text/html; charset=utf-8)
2025-05-03 22:49:33,814 - INFO - [www.transport.govt.nz] Processing HTML: https://www.transport.govt.nz/
2025-05-03 22:49:33,995 - INFO - [www.transport.govt.nz] Added 2 new unique paragraphs (24 words) from https://www.transport.govt.nz/. Site words: 24. Overall words: 2,284
2025-05-03 22:49:37,008 - INFO - Attempting to fetch: https://www.transport.govt.nz/about-us/what-we-do/oia-requests
2025-05-03 22:49:38,958 - INFO - Successfully fetched headers for https://www.transport.govt.nz/about-us/what-we-do/oia-requests (Status: 200, Type: text/html; charset=utf-8)
2025-05-03 22:49:38,958 - INFO - [www.transport.govt.nz] Processing HTML: https://www.transport.govt.nz/about-us/what-we-do/oia-requests
2025-05-03 22:49:39,141 - INFO - [www.transport.govt.nz] Added 7 new unique paragraphs (54 words) from https://www.transport.govt.nz/about-us/what-we-do/oia-requests. Site words: 78. Overall words: 2,338
2025-05-03 22:49:42,154 - INFO - Attempting to fetch: https://www.transport.govt.nz/area-of-interest/air-transport
2025-05-03 22:49:44,139 - INFO - Successfully fetched headers for https://www.transport.govt.nz/area-of-interest/air-transport (Status: 200, Type: text/html; charset=utf-8)
2025-05-03 22:49:44,141 - INFO - [www.transport.govt.nz] Processing HTML: https://www.transport.govt.nz/area-of-interest/air-transport
2025-05-03 22:49:44,324 - INFO - [www.transport.govt.nz] Added 2 new unique paragraphs (35 words) from https://www.transport.govt.nz/area-of-interest/air-transport. Site words: 113. Overall words: 2,373
2025-05-03 22:49:47,338 - INFO - Attempting to fetch: https://www.transport.govt.nz/about-us/contact-us
2025-05-03 22:49:49,108 - INFO - Successfully fetched headers for https://www.transport.govt.nz/about-us/contact-us (Status: 200, Type: text/html; charset=utf-8)
2025-05-03 22:49:49,108 - INFO - [www.transport.govt.nz] Processing HTML: https://www.transport.govt.nz/about-us/contact-us
2025-05-03 22:49:49,307 - INFO - [www.transport.govt.nz] No new paragraphs extracted or passed cleaning for https://www.transport.govt.nz/about-us/contact-us
2025-05-03 22:49:52,312 - INFO - Attempting to fetch: https://www.transport.govt.nz
2025-05-03 22:49:54,344 - INFO - Successfully fetched headers for https://www.transport.govt.nz (Status: 200, Type: text/html; charset=utf-8)
2025-05-03 22:49:54,344 - INFO - [www.transport.govt.nz] Processing HTML: https://www.transport.govt.nz
2025-05-03 22:49:57,530 - INFO - Attempting to fetch: https://www.transport.govt.nz/area-of-interest/maritime-transport
2025-05-03 22:49:59,843 - INFO - Successfully fetched headers for https://www.transport.govt.nz/area-of-interest/maritime-transport (Status: 200, Type: text/html; charset=utf-8)
2025-05-03 22:49:59,843 - INFO - [www.transport.govt.nz] Processing HTML: https://www.transport.govt.nz/area-of-interest/maritime-transport
2025-05-03 22:50:00,091 - INFO - [www.transport.govt.nz] Added 2 new unique paragraphs (11 words) from https://www.transport.govt.nz/area-of-interest/maritime-transport. Site words: 124. Overall words: 2,384
2025-05-03 22:50:03,103 - INFO - Attempting to fetch: https://www.transport.govt.nz/about-us
2025-05-03 22:50:05,003 - INFO - Successfully fetched headers for https://www.transport.govt.nz/about-us (Status: 200, Type: text/html; charset=utf-8)
2025-05-03 22:50:05,004 - INFO - [www.transport.govt.nz] Processing HTML: https://www.transport.govt.nz/about-us
2025-05-03 22:50:05,181 - INFO - [www.transport.govt.nz] Added 2 new unique paragraphs (12 words) from https://www.transport.govt.nz/about-us. Site words: 136. Overall words: 2,396
2025-05-03 22:50:08,183 - INFO - Attempting to fetch: https://www.transport.govt.nz/footer/legislation
2025-05-03 22:50:09,630 - INFO - Successfully fetched headers for https://www.transport.govt.nz/footer/legislation (Status: 200, Type: text/html; charset=utf-8)
2025-05-03 22:50:09,632 - INFO - [www.transport.govt.nz] Processing HTML: https://www.transport.govt.nz/footer/legislation
2025-05-03 22:50:09,828 - INFO - [www.transport.govt.nz] Added 3 new unique paragraphs (12 words) from https://www.transport.govt.nz/footer/legislation. Site words: 148. Overall words: 2,408
2025-05-03 22:50:12,838 - INFO - Attempting to fetch: https://www.transport.govt.nz/consultations/results?ConsultationStatus=Closed
2025-05-03 22:50:14,484 - INFO - Successfully fetched headers for https://www.transport.govt.nz/consultations/results?ConsultationStatus=Closed (Status: 200, Type: text/html; charset=utf-8)
2025-05-03 22:50:14,486 - INFO - [www.transport.govt.nz] Processing HTML: https://www.transport.govt.nz/consultations/results?ConsultationStatus=Closed
2025-05-03 22:50:14,779 - INFO - [www.transport.govt.nz] Added 1 new unique paragraphs (6 words) from https://www.transport.govt.nz/consultations/results?ConsultationStatus=Closed. Site words: 154. Overall words: 2,414
2025-05-03 22:50:17,781 - INFO - Attempting to fetch: https://www.transport.govt.nz/area-of-interest/safety
2025-05-03 22:50:19,517 - INFO - Successfully fetched headers for https://www.transport.govt.nz/area-of-interest/safety (Status: 200, Type: text/html; charset=utf-8)
2025-05-03 22:50:19,517 - INFO - [www.transport.govt.nz] Processing HTML: https://www.transport.govt.nz/area-of-interest/safety
2025-05-03 22:50:19,707 - INFO - [www.transport.govt.nz] Added 2 new unique paragraphs (33 words) from https://www.transport.govt.nz/area-of-interest/safety. Site words: 187. Overall words: 2,447
2025-05-03 22:50:22,722 - INFO - Attempting to fetch: https://www.transport.govt.nz/consultations
2025-05-03 22:50:25,257 - INFO - Successfully fetched headers for https://www.transport.govt.nz/consultations (Status: 200, Type: text/html; charset=utf-8)
2025-05-03 22:50:25,257 - INFO - [www.transport.govt.nz] Processing HTML: https://www.transport.govt.nz/consultations
2025-05-03 22:50:28,460 - INFO - Attempting to fetch: https://www.transport.govt.nz/about-us/what-we-do/our-strategic-direction/our-kaupapa
2025-05-03 22:50:30,408 - INFO - Successfully fetched headers for https://www.transport.govt.nz/about-us/what-we-do/our-strategic-direction/our-kaupapa (Status: 200, Type: text/html; charset=utf-8)
2025-05-03 22:50:30,410 - INFO - [www.transport.govt.nz] Processing HTML: https://www.transport.govt.nz/about-us/what-we-do/our-strategic-direction/our-kaupapa
2025-05-03 22:50:30,590 - INFO - [www.transport.govt.nz] Added 46 new unique paragraphs (1235 words) from https://www.transport.govt.nz/about-us/what-we-do/our-strategic-direction/our-kaupapa. Site words: 1,422. Overall words: 3,682
2025-05-03 22:50:33,600 - INFO - Attempting to fetch: https://www.transport.govt.nz/area-of-interest/auckland
2025-05-03 22:50:35,707 - INFO - Successfully fetched headers for https://www.transport.govt.nz/area-of-interest/auckland (Status: 200, Type: text/html; charset=utf-8)
2025-05-03 22:50:35,707 - INFO - [www.transport.govt.nz] Processing HTML: https://www.transport.govt.nz/area-of-interest/auckland
2025-05-03 22:50:35,912 - INFO - [www.transport.govt.nz] Added 1 new unique paragraphs (6 words) from https://www.transport.govt.nz/area-of-interest/auckland. Site words: 1,428. Overall words: 3,688
2025-05-03 22:50:38,914 - INFO - Attempting to fetch: https://www.transport.govt.nz/footer/social-media-terms-of-use
2025-05-03 22:50:40,511 - INFO - Successfully fetched headers for https://www.transport.govt.nz/footer/social-media-terms-of-use (Status: 200, Type: text/html; charset=utf-8)
2025-05-03 22:50:40,511 - INFO - [www.transport.govt.nz] Processing HTML: https://www.transport.govt.nz/footer/social-media-terms-of-use
2025-05-03 22:50:40,685 - INFO - [www.transport.govt.nz] Added 27 new unique paragraphs (421 words) from https://www.transport.govt.nz/footer/social-media-terms-of-use. Site words: 1,849. Overall words: 4,109
2025-05-03 22:50:43,686 - INFO - Attempting to fetch: https://www.transport.govt.nz/area-of-interest/walking-and-cycling
2025-05-03 22:50:45,081 - INFO - Successfully fetched headers for https://www.transport.govt.nz/area-of-interest/walking-and-cycling (Status: 200, Type: text/html; charset=utf-8)
2025-05-03 22:50:45,084 - INFO - [www.transport.govt.nz] Processing HTML: https://www.transport.govt.nz/area-of-interest/walking-and-cycling
2025-05-03 22:50:45,256 - INFO - [www.transport.govt.nz] Added 2 new unique paragraphs (22 words) from https://www.transport.govt.nz/area-of-interest/walking-and-cycling. Site words: 1,871. Overall words: 4,131
2025-05-03 22:50:48,261 - INFO - Attempting to fetch: https://www.transport.govt.nz/area-of-interest/resilience-and-security
2025-05-03 22:50:50,207 - INFO - Successfully fetched headers for https://www.transport.govt.nz/area-of-interest/resilience-and-security (Status: 200, Type: text/html; charset=utf-8)
2025-05-03 22:50:50,215 - INFO - [www.transport.govt.nz] Processing HTML: https://www.transport.govt.nz/area-of-interest/resilience-and-security
2025-05-03 22:50:50,406 - INFO - [www.transport.govt.nz] Added 2 new unique paragraphs (11 words) from https://www.transport.govt.nz/area-of-interest/resilience-and-security. Site words: 1,882. Overall words: 4,142
2025-05-03 22:50:53,413 - INFO - Attempting to fetch: https://www.transport.govt.nz/area-of-interest/environment-and-climate-change
2025-05-03 22:50:55,225 - INFO - Successfully fetched headers for https://www.transport.govt.nz/area-of-interest/environment-and-climate-change (Status: 200, Type: text/html; charset=utf-8)
2025-05-03 22:50:55,225 - INFO - [www.transport.govt.nz] Processing HTML: https://www.transport.govt.nz/area-of-interest/environment-and-climate-change
2025-05-03 22:50:55,473 - INFO - [www.transport.govt.nz] Added 2 new unique paragraphs (18 words) from https://www.transport.govt.nz/area-of-interest/environment-and-climate-change. Site words: 1,900. Overall words: 4,160
2025-05-03 22:50:58,475 - INFO - Attempting to fetch: https://www.transport.govt.nz/statistics-and-insights
2025-05-03 22:51:00,897 - INFO - Successfully fetched headers for https://www.transport.govt.nz/statistics-and-insights (Status: 200, Type: text/html; charset=utf-8)
2025-05-03 22:51:00,897 - INFO - [www.transport.govt.nz] Processing HTML: https://www.transport.govt.nz/statistics-and-insights
2025-05-03 22:51:01,090 - INFO - [www.transport.govt.nz] No new paragraphs extracted or passed cleaning for https://www.transport.govt.nz/statistics-and-insights
2025-05-03 22:51:04,102 - INFO - Attempting to fetch: https://www.transport.govt.nz/area-of-interest/infrastructure-and-investment
2025-05-03 22:51:06,106 - INFO - Successfully fetched headers for https://www.transport.govt.nz/area-of-interest/infrastructure-and-investment (Status: 200, Type: text/html; charset=utf-8)
2025-05-03 22:51:06,106 - INFO - [www.transport.govt.nz] Processing HTML: https://www.transport.govt.nz/area-of-interest/infrastructure-and-investment
2025-05-03 22:51:06,339 - INFO - [www.transport.govt.nz] Added 2 new unique paragraphs (17 words) from https://www.transport.govt.nz/area-of-interest/infrastructure-and-investment. Site words: 1,917. Overall words: 4,177
2025-05-03 22:51:09,350 - INFO - Attempting to fetch: https://www.transport.govt.nz/about-us/what-we-do/search-official-information-act/results?Keyword=&TopicID=&DocumentTypeID=28&action_results=Search
2025-05-03 22:51:11,324 - INFO - Successfully fetched headers for https://www.transport.govt.nz/about-us/what-we-do/search-official-information-act/results?Keyword=&TopicID=&DocumentTypeID=28&action_results=Search (Status: 200, Type: text/html; charset=utf-8)
2025-05-03 22:51:11,324 - INFO - [www.transport.govt.nz] Processing HTML: https://www.transport.govt.nz/about-us/what-we-do/search-official-information-act/results?Keyword=&TopicID=&DocumentTypeID=28&action_results=Search
2025-05-03 22:51:11,724 - INFO - [www.transport.govt.nz] No new paragraphs extracted or passed cleaning for https://www.transport.govt.nz/about-us/what-we-do/search-official-information-act/results?Keyword=&TopicID=&DocumentTypeID=28&action_results=Search
2025-05-03 22:51:14,725 - INFO - Attempting to fetch: https://www.transport.govt.nz/area-of-interest/freight-and-logistics
2025-05-03 22:51:16,212 - INFO - Successfully fetched headers for https://www.transport.govt.nz/area-of-interest/freight-and-logistics (Status: 200, Type: text/html; charset=utf-8)
2025-05-03 22:51:16,216 - INFO - [www.transport.govt.nz] Processing HTML: https://www.transport.govt.nz/area-of-interest/freight-and-logistics
2025-05-03 22:51:16,400 - INFO - [www.transport.govt.nz] Added 2 new unique paragraphs (43 words) from https://www.transport.govt.nz/area-of-interest/freight-and-logistics. Site words: 1,960. Overall words: 4,220
2025-05-03 22:51:19,402 - INFO - Attempting to fetch: https://www.transport.govt.nz/statistics-and-insights/safety-road-deaths/year-to-date-road-deaths
2025-05-03 22:51:21,025 - INFO - Successfully fetched headers for https://www.transport.govt.nz/statistics-and-insights/safety-road-deaths/year-to-date-road-deaths (Status: 200, Type: text/html; charset=utf-8)
2025-05-03 22:51:21,025 - INFO - [www.transport.govt.nz] Processing HTML: https://www.transport.govt.nz/statistics-and-insights/safety-road-deaths/year-to-date-road-deaths
2025-05-03 22:51:21,209 - INFO - [www.transport.govt.nz] Added 7 new unique paragraphs (138 words) from https://www.transport.govt.nz/statistics-and-insights/safety-road-deaths/year-to-date-road-deaths. Site words: 2,098. Overall words: 4,358
2025-05-03 22:51:24,219 - INFO - Attempting to fetch: https://www.transport.govt.nz/common-transport-queries
2025-05-03 22:51:25,440 - INFO - Successfully fetched headers for https://www.transport.govt.nz/common-transport-queries (Status: 200, Type: text/html; charset=utf-8)
2025-05-03 22:51:25,440 - INFO - [www.transport.govt.nz] Processing HTML: https://www.transport.govt.nz/common-transport-queries
2025-05-03 22:51:28,637 - INFO - Attempting to fetch: https://www.transport.govt.nz/cyclone-recovery-work
2025-05-03 22:51:30,539 - INFO - Successfully fetched headers for https://www.transport.govt.nz/cyclone-recovery-work (Status: 200, Type: text/html; charset=utf-8)
2025-05-03 22:51:30,541 - INFO - [www.transport.govt.nz] Processing HTML: https://www.transport.govt.nz/cyclone-recovery-work
2025-05-03 22:51:30,741 - INFO - [www.transport.govt.nz] Added 87 new unique paragraphs (1395 words) from https://www.transport.govt.nz/cyclone-recovery-work. Site words: 3,493. Overall words: 5,753
2025-05-03 22:51:33,746 - INFO - Attempting to fetch: https://www.transport.govt.nz/area-of-interest/revenue
2025-05-03 22:51:35,613 - INFO - Successfully fetched headers for https://www.transport.govt.nz/area-of-interest/revenue (Status: 200, Type: text/html; charset=utf-8)
2025-05-03 22:51:35,617 - INFO - [www.transport.govt.nz] Processing HTML: https://www.transport.govt.nz/area-of-interest/revenue
2025-05-03 22:51:35,809 - INFO - [www.transport.govt.nz] Added 2 new unique paragraphs (20 words) from https://www.transport.govt.nz/area-of-interest/revenue. Site words: 3,513. Overall words: 5,773
2025-05-03 22:51:38,816 - INFO - Attempting to fetch: https://www.transport.govt.nz/area-of-interest/public-transport
2025-05-03 22:51:40,614 - INFO - Successfully fetched headers for https://www.transport.govt.nz/area-of-interest/public-transport (Status: 200, Type: text/html; charset=utf-8)
2025-05-03 22:51:40,614 - INFO - [www.transport.govt.nz] Processing HTML: https://www.transport.govt.nz/area-of-interest/public-transport
2025-05-03 22:51:43,864 - INFO - Attempting to fetch: https://www.transport.govt.nz/about-us/work-for-us
2025-05-03 22:51:45,198 - INFO - Successfully fetched headers for https://www.transport.govt.nz/about-us/work-for-us (Status: 200, Type: text/html; charset=utf-8)
2025-05-03 22:51:45,198 - INFO - [www.transport.govt.nz] Processing HTML: https://www.transport.govt.nz/about-us/work-for-us
2025-05-03 22:51:48,603 - INFO - Attempting to fetch: https://www.transport.govt.nz/footer/disclaimer
2025-05-03 22:51:50,088 - INFO - Successfully fetched headers for https://www.transport.govt.nz/footer/disclaimer (Status: 200, Type: text/html; charset=utf-8)
2025-05-03 22:51:50,089 - INFO - [www.transport.govt.nz] Processing HTML: https://www.transport.govt.nz/footer/disclaimer
2025-05-03 22:51:50,269 - INFO - [www.transport.govt.nz] Added 26 new unique paragraphs (803 words) from https://www.transport.govt.nz/footer/disclaimer. Site words: 4,316. Overall words: 6,576
2025-05-03 22:51:53,272 - INFO - Attempting to fetch: https://www.transport.govt.nz/footer/privacy-and-transparency-statement
2025-05-03 22:51:55,143 - INFO - Successfully fetched headers for https://www.transport.govt.nz/footer/privacy-and-transparency-statement (Status: 200, Type: text/html; charset=utf-8)
2025-05-03 22:51:55,143 - INFO - [www.transport.govt.nz] Processing HTML: https://www.transport.govt.nz/footer/privacy-and-transparency-statement
2025-05-03 22:51:55,322 - INFO - [www.transport.govt.nz] Added 38 new unique paragraphs (1014 words) from https://www.transport.govt.nz/footer/privacy-and-transparency-statement. Site words: 5,330. Overall words: 7,590
2025-05-03 22:51:58,334 - INFO - Attempting to fetch: https://www.transport.govt.nz/area-of-interest/strategy-and-direction/government-policy-statement-on-land-transport-2024
2025-05-03 22:52:01,171 - INFO - Successfully fetched headers for https://www.transport.govt.nz/area-of-interest/strategy-and-direction/government-policy-statement-on-land-transport-2024 (Status: 200, Type: text/html; charset=utf-8)
2025-05-03 22:52:01,174 - INFO - [www.transport.govt.nz] Processing HTML: https://www.transport.govt.nz/area-of-interest/strategy-and-direction/government-policy-statement-on-land-transport-2024
2025-05-03 22:52:01,455 - INFO - [www.transport.govt.nz] Added 58 new unique paragraphs (1008 words) from https://www.transport.govt.nz/area-of-interest/strategy-and-direction/government-policy-statement-on-land-transport-2024. Site words: 6,338. Overall words: 8,598
2025-05-03 22:52:04,461 - INFO - Attempting to fetch: https://www.transport.govt.nz/area-of-interest/air-transport/air-transport-regulatory-information
2025-05-03 22:52:06,041 - INFO - Successfully fetched headers for https://www.transport.govt.nz/area-of-interest/air-transport/air-transport-regulatory-information (Status: 200, Type: text/html; charset=utf-8)
2025-05-03 22:52:06,041 - INFO - [www.transport.govt.nz] Processing HTML: https://www.transport.govt.nz/area-of-interest/air-transport/air-transport-regulatory-information
2025-05-03 22:52:09,283 - INFO - Attempting to fetch: https://www.transport.govt.nz/statistics-and-insights/fleet-statistics/monthly-mv-fleet
2025-05-03 22:52:11,156 - INFO - Successfully fetched headers for https://www.transport.govt.nz/statistics-and-insights/fleet-statistics/monthly-mv-fleet (Status: 200, Type: text/html; charset=utf-8)
2025-05-03 22:52:11,156 - INFO - [www.transport.govt.nz] Processing HTML: https://www.transport.govt.nz/statistics-and-insights/fleet-statistics/monthly-mv-fleet
2025-05-03 22:52:11,337 - INFO - [www.transport.govt.nz] Added 4 new unique paragraphs (65 words) from https://www.transport.govt.nz/statistics-and-insights/fleet-statistics/monthly-mv-fleet. Site words: 6,403. Overall words: 8,663
2025-05-03 22:52:14,340 - INFO - Attempting to fetch: https://www.transport.govt.nz/area-of-interest/technology-and-innovation
2025-05-03 22:52:16,122 - INFO - Successfully fetched headers for https://www.transport.govt.nz/area-of-interest/technology-and-innovation (Status: 200, Type: text/html; charset=utf-8)
2025-05-03 22:52:16,122 - INFO - [www.transport.govt.nz] Processing HTML: https://www.transport.govt.nz/area-of-interest/technology-and-innovation
2025-05-03 22:52:16,338 - INFO - [www.transport.govt.nz] Added 2 new unique paragraphs (17 words) from https://www.transport.govt.nz/area-of-interest/technology-and-innovation. Site words: 6,420. Overall words: 8,680
2025-05-03 22:52:19,355 - INFO - Attempting to fetch: https://www.transport.govt.nz/documents-and-publications
2025-05-03 22:52:21,556 - INFO - Successfully fetched headers for https://www.transport.govt.nz/documents-and-publications (Status: 200, Type: text/html; charset=utf-8)
2025-05-03 22:52:21,556 - INFO - [www.transport.govt.nz] Processing HTML: https://www.transport.govt.nz/documents-and-publications
2025-05-03 22:52:21,775 - INFO - [www.transport.govt.nz] No new paragraphs extracted or passed cleaning for https://www.transport.govt.nz/documents-and-publications
2025-05-03 22:52:24,778 - INFO - Attempting to fetch: https://www.transport.govt.nz/area-of-interest/evaluation-toolkit
2025-05-03 22:52:26,689 - INFO - Successfully fetched headers for https://www.transport.govt.nz/area-of-interest/evaluation-toolkit (Status: 200, Type: text/html; charset=utf-8)
2025-05-03 22:52:26,689 - INFO - [www.transport.govt.nz] Processing HTML: https://www.transport.govt.nz/area-of-interest/evaluation-toolkit
2025-05-03 22:52:26,887 - INFO - [www.transport.govt.nz] Added 2 new unique paragraphs (8 words) from https://www.transport.govt.nz/area-of-interest/evaluation-toolkit. Site words: 6,428. Overall words: 8,688
2025-05-03 22:52:29,889 - INFO - Attempting to fetch: https://www.transport.govt.nz/about-us/what-we-do/proactive-releases
2025-05-03 22:52:32,126 - INFO - Successfully fetched headers for https://www.transport.govt.nz/about-us/what-we-do/proactive-releases (Status: 200, Type: text/html; charset=utf-8)
2025-05-03 22:52:32,126 - INFO - [www.transport.govt.nz] Processing HTML: https://www.transport.govt.nz/about-us/what-we-do/proactive-releases
2025-05-03 22:52:32,389 - INFO - [www.transport.govt.nz] No new paragraphs extracted or passed cleaning for https://www.transport.govt.nz/about-us/what-we-do/proactive-releases
2025-05-03 22:52:35,403 - INFO - Attempting to fetch: https://www.transport.govt.nz/about-us/what-we-do/oia-requests/
2025-05-03 22:52:37,706 - INFO - Successfully fetched headers for https://www.transport.govt.nz/about-us/what-we-do/oia-requests/ (Status: 200, Type: text/html; charset=utf-8)
2025-05-03 22:52:37,722 - INFO - [www.transport.govt.nz] Processing HTML: https://www.transport.govt.nz/about-us/what-we-do/oia-requests/
2025-05-03 22:52:40,907 - INFO - Attempting to fetch: https://www.transport.govt.nz/area-of-interest/strategy-and-direction
2025-05-03 22:52:42,789 - INFO - Successfully fetched headers for https://www.transport.govt.nz/area-of-interest/strategy-and-direction (Status: 200, Type: text/html; charset=utf-8)
2025-05-03 22:52:42,804 - INFO - [www.transport.govt.nz] Processing HTML: https://www.transport.govt.nz/area-of-interest/strategy-and-direction
2025-05-03 22:52:46,002 - INFO - Attempting to fetch: https://www.transport.govt.nz/statistics-and-insights/household-travel/key-facts
2025-05-03 22:52:48,509 - INFO - Successfully fetched headers for https://www.transport.govt.nz/statistics-and-insights/household-travel/key-facts (Status: 200, Type: text/html; charset=utf-8)
2025-05-03 22:52:48,512 - INFO - [www.transport.govt.nz] Processing HTML: https://www.transport.govt.nz/statistics-and-insights/household-travel/key-facts
2025-05-03 22:52:48,608 - INFO - [www.transport.govt.nz] Added 11 new unique paragraphs (196 words) from https://www.transport.govt.nz/statistics-and-insights/household-travel/key-facts. Site words: 6,624. Overall words: 8,884
2025-05-03 22:52:51,611 - INFO - Attempting to fetch: https://www.transport.govt.nz/about-us/what-we-do
2025-05-03 22:52:53,125 - INFO - Successfully fetched headers for https://www.transport.govt.nz/about-us/what-we-do (Status: 200, Type: text/html; charset=utf-8)
2025-05-03 22:52:53,125 - INFO - [www.transport.govt.nz] Processing HTML: https://www.transport.govt.nz/about-us/what-we-do
2025-05-03 22:52:56,405 - INFO - Attempting to fetch: https://www.transport.govt.nz/area-of-interest/air-transport/government-support-for-the-transport-sector
2025-05-03 22:52:58,286 - INFO - Successfully fetched headers for https://www.transport.govt.nz/area-of-interest/air-transport/government-support-for-the-transport-sector (Status: 200, Type: text/html; charset=utf-8)
2025-05-03 22:52:58,287 - INFO - [www.transport.govt.nz] Processing HTML: https://www.transport.govt.nz/area-of-interest/air-transport/government-support-for-the-transport-sector
2025-05-03 22:52:58,504 - INFO - [www.transport.govt.nz] Added 84 new unique paragraphs (2052 words) from https://www.transport.govt.nz/area-of-interest/air-transport/government-support-for-the-transport-sector. Site words: 8,676. Overall words: 10,936
2025-05-03 22:53:01,511 - INFO - Attempting to fetch: https://www.transport.govt.nz/area-of-interest/technology-and-innovation/drones-in-new-zealand
2025-05-03 22:53:03,955 - INFO - Successfully fetched headers for https://www.transport.govt.nz/area-of-interest/technology-and-innovation/drones-in-new-zealand (Status: 200, Type: text/html; charset=utf-8)
2025-05-03 22:53:03,955 - INFO - [www.transport.govt.nz] Processing HTML: https://www.transport.govt.nz/area-of-interest/technology-and-innovation/drones-in-new-zealand
2025-05-03 22:53:04,189 - INFO - [www.transport.govt.nz] Added 33 new unique paragraphs (675 words) from https://www.transport.govt.nz/area-of-interest/technology-and-innovation/drones-in-new-zealand. Site words: 9,351. Overall words: 11,611
2025-05-03 22:53:07,203 - INFO - Attempting to fetch: https://www.transport.govt.nz/area-of-interest/air-transport/airline-cooperation-agreements
2025-05-03 22:53:12,988 - INFO - Successfully fetched headers for https://www.transport.govt.nz/area-of-interest/air-transport/airline-cooperation-agreements (Status: 200, Type: text/html; charset=utf-8)
2025-05-03 22:53:12,988 - INFO - [www.transport.govt.nz] Processing HTML: https://www.transport.govt.nz/area-of-interest/air-transport/airline-cooperation-agreements
2025-05-03 22:53:13,521 - INFO - [www.transport.govt.nz] Added 82 new unique paragraphs (1440 words) from https://www.transport.govt.nz/area-of-interest/air-transport/airline-cooperation-agreements. Site words: 10,791. Overall words: 13,051
2025-05-03 22:53:16,535 - INFO - Attempting to fetch: https://www.transport.govt.nz/area-of-interest/environment-and-climate-change/corsia
2025-05-03 22:53:18,558 - INFO - Successfully fetched headers for https://www.transport.govt.nz/area-of-interest/environment-and-climate-change/corsia (Status: 200, Type: text/html; charset=utf-8)
2025-05-03 22:53:18,571 - INFO - [www.transport.govt.nz] Processing HTML: https://www.transport.govt.nz/area-of-interest/environment-and-climate-change/corsia
2025-05-03 22:53:18,782 - INFO - [www.transport.govt.nz] Added 17 new unique paragraphs (430 words) from https://www.transport.govt.nz/area-of-interest/environment-and-climate-change/corsia. Site words: 11,221. Overall words: 13,481
2025-05-03 22:53:21,785 - INFO - Attempting to fetch: https://www.transport.govt.nz/area-of-interest/air-transport/civil-aviation-act-implementation
2025-05-03 22:53:23,521 - INFO - Successfully fetched headers for https://www.transport.govt.nz/area-of-interest/air-transport/civil-aviation-act-implementation (Status: 200, Type: text/html; charset=utf-8)
2025-05-03 22:53:23,521 - INFO - [www.transport.govt.nz] Processing HTML: https://www.transport.govt.nz/area-of-interest/air-transport/civil-aviation-act-implementation
2025-05-03 22:53:26,721 - INFO - Attempting to fetch: https://www.transport.govt.nz/area-of-interest/air-transport/civil-aviation-act-2023-comes-into-force/airports
2025-05-03 22:53:27,882 - INFO - Successfully fetched headers for https://www.transport.govt.nz/area-of-interest/air-transport/civil-aviation-act-2023-comes-into-force/airports (Status: 200, Type: text/html; charset=utf-8)
2025-05-03 22:53:27,883 - INFO - [www.transport.govt.nz] Processing HTML: https://www.transport.govt.nz/area-of-interest/air-transport/civil-aviation-act-2023-comes-into-force/airports
2025-05-03 22:53:31,070 - INFO - Attempting to fetch: https://www.transport.govt.nz/area-of-interest/air-transport/aviation-system-review
2025-05-03 22:53:32,555 - INFO - Successfully fetched headers for https://www.transport.govt.nz/area-of-interest/air-transport/aviation-system-review (Status: 200, Type: text/html; charset=utf-8)
2025-05-03 22:53:32,555 - INFO - [www.transport.govt.nz] Processing HTML: https://www.transport.govt.nz/area-of-interest/air-transport/aviation-system-review
2025-05-03 22:53:32,754 - INFO - [www.transport.govt.nz] Added 17 new unique paragraphs (287 words) from https://www.transport.govt.nz/area-of-interest/air-transport/aviation-system-review. Site words: 11,508. Overall words: 13,768
2025-05-03 22:53:35,758 - INFO - Attempting to fetch: https://www.transport.govt.nz/area-of-interest/air-transport/airline-on-time-performance
2025-05-03 22:53:37,661 - INFO - Successfully fetched headers for https://www.transport.govt.nz/area-of-interest/air-transport/airline-on-time-performance (Status: 200, Type: text/html; charset=utf-8)
2025-05-03 22:53:37,664 - INFO - [www.transport.govt.nz] Processing HTML: https://www.transport.govt.nz/area-of-interest/air-transport/airline-on-time-performance
2025-05-03 22:53:37,987 - INFO - [www.transport.govt.nz] Added 20 new unique paragraphs (188 words) from https://www.transport.govt.nz/area-of-interest/air-transport/airline-on-time-performance. Site words: 11,696. Overall words: 13,956
2025-05-03 22:53:40,991 - INFO - Attempting to fetch: https://www.transport.govt.nz/area-of-interest/air-transport/civil-aviation
2025-05-03 22:53:43,789 - INFO - Successfully fetched headers for https://www.transport.govt.nz/area-of-interest/air-transport/civil-aviation (Status: 200, Type: text/html; charset=utf-8)
2025-05-03 22:53:43,789 - INFO - [www.transport.govt.nz] Processing HTML: https://www.transport.govt.nz/area-of-interest/air-transport/civil-aviation
2025-05-03 22:53:44,120 - INFO - [www.transport.govt.nz] Added 64 new unique paragraphs (1145 words) from https://www.transport.govt.nz/area-of-interest/air-transport/civil-aviation. Site words: 12,841. Overall words: 15,101
2025-05-03 22:53:47,132 - INFO - Attempting to fetch: https://www.transport.govt.nz/area-of-interest/air-transport/civil-aviation-act-2023-comes-into-force/civil-aviation-act-2023
2025-05-03 22:53:48,960 - INFO - Successfully fetched headers for https://www.transport.govt.nz/area-of-interest/air-transport/civil-aviation-act-2023-comes-into-force/civil-aviation-act-2023 (Status: 200, Type: text/html; charset=utf-8)
2025-05-03 22:53:48,962 - INFO - [www.transport.govt.nz] Processing HTML: https://www.transport.govt.nz/area-of-interest/air-transport/civil-aviation-act-2023-comes-into-force/civil-aviation-act-2023
2025-05-03 22:53:52,136 - INFO - Attempting to fetch: https://www.transport.govt.nz/area-of-interest/technology-and-innovation/unmanned-aircraft-integration-leadership-group
2025-05-03 22:53:55,538 - INFO - Successfully fetched headers for https://www.transport.govt.nz/area-of-interest/technology-and-innovation/unmanned-aircraft-integration-leadership-group (Status: 200, Type: text/html; charset=utf-8)
2025-05-03 22:53:55,538 - INFO - [www.transport.govt.nz] Processing HTML: https://www.transport.govt.nz/area-of-interest/technology-and-innovation/unmanned-aircraft-integration-leadership-group
2025-05-03 22:53:55,787 - INFO - [www.transport.govt.nz] Added 22 new unique paragraphs (673 words) from https://www.transport.govt.nz/area-of-interest/technology-and-innovation/unmanned-aircraft-integration-leadership-group. Site words: 13,514. Overall words: 15,774
2025-05-03 22:53:58,797 - INFO - Attempting to fetch: https://www.transport.govt.nz/area-of-interest/air-transport/civil-aviation-act-2023-comes-into-force/airlines
2025-05-03 22:54:00,207 - INFO - Successfully fetched headers for https://www.transport.govt.nz/area-of-interest/air-transport/civil-aviation-act-2023-comes-into-force/airlines (Status: 200, Type: text/html; charset=utf-8)
2025-05-03 22:54:00,207 - INFO - [www.transport.govt.nz] Processing HTML: https://www.transport.govt.nz/area-of-interest/air-transport/civil-aviation-act-2023-comes-into-force/airlines
2025-05-03 22:54:03,382 - INFO - Attempting to fetch: https://www.transport.govt.nz/area-of-interest/air-transport/civil-aviation-act-2023-comes-into-force/independent-review-function
2025-05-03 22:54:04,895 - INFO - Successfully fetched headers for https://www.transport.govt.nz/area-of-interest/air-transport/civil-aviation-act-2023-comes-into-force/independent-review-function (Status: 200, Type: text/html; charset=utf-8)
2025-05-03 22:54:04,897 - INFO - [www.transport.govt.nz] Processing HTML: https://www.transport.govt.nz/area-of-interest/air-transport/civil-aviation-act-2023-comes-into-force/independent-review-function
2025-05-03 22:54:08,065 - INFO - Attempting to fetch: https://www.transport.govt.nz/area-of-interest/air-transport/interim-aviation-council
2025-05-03 22:54:10,034 - INFO - Successfully fetched headers for https://www.transport.govt.nz/area-of-interest/air-transport/interim-aviation-council (Status: 200, Type: text/html; charset=utf-8)
2025-05-03 22:54:10,038 - INFO - [www.transport.govt.nz] Processing HTML: https://www.transport.govt.nz/area-of-interest/air-transport/interim-aviation-council
2025-05-03 22:54:10,254 - INFO - [www.transport.govt.nz] Added 33 new unique paragraphs (672 words) from https://www.transport.govt.nz/area-of-interest/air-transport/interim-aviation-council. Site words: 14,186. Overall words: 16,446
2025-05-03 22:54:13,261 - INFO - Attempting to fetch: https://www.transport.govt.nz/area-of-interest/infrastructure-and-investment/transport-outlook
2025-05-03 22:54:14,638 - INFO - Successfully fetched headers for https://www.transport.govt.nz/area-of-interest/infrastructure-and-investment/transport-outlook (Status: 200, Type: text/html; charset=utf-8)
2025-05-03 22:54:14,638 - INFO - [www.transport.govt.nz] Processing HTML: https://www.transport.govt.nz/area-of-interest/infrastructure-and-investment/transport-outlook
2025-05-03 22:54:14,849 - INFO - [www.transport.govt.nz] Added 26 new unique paragraphs (372 words) from https://www.transport.govt.nz/area-of-interest/infrastructure-and-investment/transport-outlook. Site words: 14,558. Overall words: 16,818
2025-05-03 22:54:17,851 - INFO - Attempting to fetch: https://www.transport.govt.nz/area-of-interest/air-transport/new-southern-sky
2025-05-03 22:54:19,987 - INFO - Successfully fetched headers for https://www.transport.govt.nz/area-of-interest/air-transport/new-southern-sky (Status: 200, Type: text/html; charset=utf-8)
2025-05-03 22:54:19,987 - INFO - [www.transport.govt.nz] Processing HTML: https://www.transport.govt.nz/area-of-interest/air-transport/new-southern-sky
2025-05-03 22:54:20,287 - INFO - [www.transport.govt.nz] Added 21 new unique paragraphs (477 words) from https://www.transport.govt.nz/area-of-interest/air-transport/new-southern-sky. Site words: 15,035. Overall words: 17,295
2025-05-03 22:54:23,292 - INFO - Attempting to fetch: https://www.transport.govt.nz/about-us/%20https:/www.kiwirail.co.nz/contact-us/
2025-05-03 22:54:24,904 - ERROR - Request failed for https://www.transport.govt.nz/about-us/%20https:/www.kiwirail.co.nz/contact-us/: 404 Client Error: Not Found for url: https://www.transport.govt.nz/about-us/%20https:/www.kiwirail.co.nz/contact-us
2025-05-03 22:54:24,904 - WARNING - [www.transport.govt.nz] Fetch failed for https://www.transport.govt.nz/about-us/%20https:/www.kiwirail.co.nz/contact-us/, skipping.
2025-05-03 22:54:26,411 - INFO - Attempting to fetch: https://www.transport.govt.nz/about-us/what-we-do/our-government-transport-partners
2025-05-03 22:54:27,877 - INFO - Successfully fetched headers for https://www.transport.govt.nz/about-us/what-we-do/our-government-transport-partners (Status: 200, Type: text/html; charset=utf-8)
2025-05-03 22:54:27,879 - INFO - [www.transport.govt.nz] Processing HTML: https://www.transport.govt.nz/about-us/what-we-do/our-government-transport-partners
2025-05-03 22:54:28,059 - INFO - [www.transport.govt.nz] Added 23 new unique paragraphs (468 words) from https://www.transport.govt.nz/about-us/what-we-do/our-government-transport-partners. Site words: 15,503. Overall words: 17,763
2025-05-03 22:54:31,067 - INFO - Attempting to fetch: https://www.transport.govt.nz/area-of-interest/maritime-transport/marpol
2025-05-03 22:54:32,954 - INFO - Successfully fetched headers for https://www.transport.govt.nz/area-of-interest/maritime-transport/marpol (Status: 200, Type: text/html; charset=utf-8)
2025-05-03 22:54:32,954 - INFO - [www.transport.govt.nz] Processing HTML: https://www.transport.govt.nz/area-of-interest/maritime-transport/marpol
2025-05-03 22:54:33,203 - INFO - [www.transport.govt.nz] Added 64 new unique paragraphs (1967 words) from https://www.transport.govt.nz/area-of-interest/maritime-transport/marpol. Site words: 17,470. Overall words: 19,730
2025-05-03 22:54:36,205 - INFO - Attempting to fetch: https://www.transport.govt.nz/area-of-interest/environment-and-climate-change/climate-change
2025-05-03 22:54:38,086 - INFO - Successfully fetched headers for https://www.transport.govt.nz/area-of-interest/environment-and-climate-change/climate-change (Status: 200, Type: text/html; charset=utf-8)
2025-05-03 22:54:38,086 - INFO - [www.transport.govt.nz] Processing HTML: https://www.transport.govt.nz/area-of-interest/environment-and-climate-change/climate-change
2025-05-03 22:54:38,392 - INFO - [www.transport.govt.nz] Added 92 new unique paragraphs (2081 words) from https://www.transport.govt.nz/area-of-interest/environment-and-climate-change/climate-change. Site words: 19,551. Overall words: 21,811
2025-05-03 22:54:41,396 - INFO - Attempting to fetch: https://www.transport.govt.nz/area-of-interest/resilience-and-security/maritime-security-strategy
2025-05-03 22:54:42,987 - INFO - Successfully fetched headers for https://www.transport.govt.nz/area-of-interest/resilience-and-security/maritime-security-strategy (Status: 200, Type: text/html; charset=utf-8)
2025-05-03 22:54:42,987 - INFO - [www.transport.govt.nz] Processing HTML: https://www.transport.govt.nz/area-of-interest/resilience-and-security/maritime-security-strategy
2025-05-03 22:54:43,199 - INFO - [www.transport.govt.nz] Added 16 new unique paragraphs (354 words) from https://www.transport.govt.nz/area-of-interest/resilience-and-security/maritime-security-strategy. Site words: 19,905. Overall words: 22,165
2025-05-03 22:54:46,202 - INFO - Attempting to fetch: https://www.transport.govt.nz/about-us/news
2025-05-03 22:54:48,454 - INFO - Successfully fetched headers for https://www.transport.govt.nz/about-us/news (Status: 200, Type: text/html; charset=utf-8)
2025-05-03 22:54:48,461 - INFO - [www.transport.govt.nz] Processing HTML: https://www.transport.govt.nz/about-us/news
2025-05-03 22:54:48,636 - INFO - [www.transport.govt.nz] Added 66 new unique paragraphs (499 words) from https://www.transport.govt.nz/about-us/news. Site words: 20,404. Overall words: 22,664
2025-05-03 22:54:51,645 - INFO - Attempting to fetch: https://www.transport.govt.nz/about-us/our-minister-and-leadership
2025-05-03 22:54:53,091 - INFO - Successfully fetched headers for https://www.transport.govt.nz/about-us/our-minister-and-leadership (Status: 200, Type: text/html; charset=utf-8)
2025-05-03 22:54:53,093 - INFO - [www.transport.govt.nz] Processing HTML: https://www.transport.govt.nz/about-us/our-minister-and-leadership
2025-05-03 22:54:53,256 - INFO - [www.transport.govt.nz] Added 27 new unique paragraphs (591 words) from https://www.transport.govt.nz/about-us/our-minister-and-leadership. Site words: 20,995. Overall words: 23,255
2025-05-03 22:54:56,262 - INFO - Attempting to fetch: https://www.transport.govt.nz/about-us/supporting-the-royal-commission-of-inquiry-into-covid-19-lessons
2025-05-03 22:54:58,004 - INFO - Successfully fetched headers for https://www.transport.govt.nz/about-us/supporting-the-royal-commission-of-inquiry-into-covid-19-lessons (Status: 200, Type: text/html; charset=utf-8)
2025-05-03 22:54:58,004 - INFO - [www.transport.govt.nz] Processing HTML: https://www.transport.govt.nz/about-us/supporting-the-royal-commission-of-inquiry-into-covid-19-lessons
2025-05-03 22:54:58,272 - INFO - [www.transport.govt.nz] Added 53 new unique paragraphs (746 words) from https://www.transport.govt.nz/about-us/supporting-the-royal-commission-of-inquiry-into-covid-19-lessons. Site words: 21,741. Overall words: 24,001
2025-05-03 22:55:01,275 - INFO - Attempting to fetch: https://www.transport.govt.nz/assets/Uploads/Civil-Aviation-Direction-to-Require-Searching-for-Inorganic-Powders-Liquids-Aerosols-and-Gels-Amendment-Notice-2025-signed-24.03.25.pdf
2025-05-03 22:55:02,282 - INFO - Successfully fetched headers for https://www.transport.govt.nz/assets/Uploads/Civil-Aviation-Direction-to-Require-Searching-for-Inorganic-Powders-Liquids-Aerosols-and-Gels-Amendment-Notice-2025-signed-24.03.25.pdf (Status: 200, Type: application/pdf)
2025-05-03 22:55:02,283 - INFO - [www.transport.govt.nz] Processing PDF: https://www.transport.govt.nz/assets/Uploads/Civil-Aviation-Direction-to-Require-Searching-for-Inorganic-Powders-Liquids-Aerosols-and-Gels-Amendment-Notice-2025-signed-24.03.25.pdf
2025-05-03 22:55:02,636 - INFO - Attempted text extraction from PDF (2 pages)
2025-05-03 22:55:02,636 - INFO - [www.transport.govt.nz] No new paragraphs extracted or passed cleaning for https://www.transport.govt.nz/assets/Uploads/Civil-Aviation-Direction-to-Require-Searching-for-Inorganic-Powders-Liquids-Aerosols-and-Gels-Amendment-Notice-2025-signed-24.03.25.pdf
2025-05-03 22:55:05,643 - INFO - Attempting to fetch: https://www.transport.govt.nz/assets/Uploads/Paper/NZ-Gazette-1983.pdf
2025-05-03 22:55:06,454 - INFO - Successfully fetched headers for https://www.transport.govt.nz/assets/Uploads/Paper/NZ-Gazette-1983.pdf (Status: 200, Type: application/pdf)
2025-05-03 22:55:06,454 - INFO - [www.transport.govt.nz] Processing PDF: https://www.transport.govt.nz/assets/Uploads/Paper/NZ-Gazette-1983.pdf
2025-05-03 22:55:08,093 - INFO - Attempted text extraction from PDF (10 pages)
2025-05-03 22:55:08,095 - INFO - [www.transport.govt.nz] No new paragraphs extracted or passed cleaning for https://www.transport.govt.nz/assets/Uploads/Paper/NZ-Gazette-1983.pdf
2025-05-03 22:55:11,098 - INFO - Attempting to fetch: https://www.transport.govt.nz/assets/Uploads/Direction-to-Require-Searching-Notice_2025-Consolidation.pdf
2025-05-03 22:55:11,928 - INFO - Successfully fetched headers for https://www.transport.govt.nz/assets/Uploads/Direction-to-Require-Searching-Notice_2025-Consolidation.pdf (Status: 200, Type: application/pdf)
2025-05-03 22:55:11,928 - INFO - [www.transport.govt.nz] Processing PDF: https://www.transport.govt.nz/assets/Uploads/Direction-to-Require-Searching-Notice_2025-Consolidation.pdf
2025-05-03 22:55:12,672 - INFO - Attempted text extraction from PDF (3 pages)
2025-05-03 22:55:12,674 - INFO - [www.transport.govt.nz] Added 9 new unique paragraphs (822 words) from https://www.transport.govt.nz/assets/Uploads/Direction-to-Require-Searching-Notice_2025-Consolidation.pdf. Site words: 22,563. Overall words: 24,823
2025-05-03 22:55:15,675 - INFO - Attempting to fetch: https://www.transport.govt.nz/assets/Uploads/Civil-Aviation-Direction-to-Require-Searching-for-inorganic-Powders-Liquids-Aerosols-and-Gels-Notice-2025-.pdf
2025-05-03 22:55:16,520 - INFO - Successfully fetched headers for https://www.transport.govt.nz/assets/Uploads/Civil-Aviation-Direction-to-Require-Searching-for-inorganic-Powders-Liquids-Aerosols-and-Gels-Notice-2025-.pdf (Status: 200, Type: application/pdf)
2025-05-03 22:55:16,520 - INFO - [www.transport.govt.nz] Processing PDF: https://www.transport.govt.nz/assets/Uploads/Civil-Aviation-Direction-to-Require-Searching-for-inorganic-Powders-Liquids-Aerosols-and-Gels-Notice-2025-.pdf
2025-05-03 22:55:17,020 - INFO - Attempted text extraction from PDF (3 pages)
2025-05-03 22:55:17,020 - INFO - [www.transport.govt.nz] No new paragraphs extracted or passed cleaning for https://www.transport.govt.nz/assets/Uploads/Civil-Aviation-Direction-to-Require-Searching-for-inorganic-Powders-Liquids-Aerosols-and-Gels-Notice-2025-.pdf
2025-05-03 22:55:20,027 - INFO - Attempting to fetch: https://www.transport.govt.nz/consultations/proposed-application-fees-for-the-independent-review-function
2025-05-03 22:55:21,343 - INFO - Successfully fetched headers for https://www.transport.govt.nz/consultations/proposed-application-fees-for-the-independent-review-function (Status: 200, Type: text/html; charset=utf-8)
2025-05-03 22:55:21,353 - INFO - [www.transport.govt.nz] Processing HTML: https://www.transport.govt.nz/consultations/proposed-application-fees-for-the-independent-review-function
2025-05-03 22:55:21,519 - INFO - [www.transport.govt.nz] Added 10 new unique paragraphs (151 words) from https://www.transport.govt.nz/consultations/proposed-application-fees-for-the-independent-review-function. Site words: 22,714. Overall words: 24,974
2025-05-03 22:55:24,534 - INFO - Attempting to fetch: https://www.transport.govt.nz/consultations/new-zealand-airline-authorisation-agreement-guidelines
2025-05-03 22:55:26,053 - INFO - Successfully fetched headers for https://www.transport.govt.nz/consultations/new-zealand-airline-authorisation-agreement-guidelines (Status: 200, Type: text/html; charset=utf-8)
2025-05-03 22:55:26,053 - INFO - [www.transport.govt.nz] Processing HTML: https://www.transport.govt.nz/consultations/new-zealand-airline-authorisation-agreement-guidelines
2025-05-03 22:55:26,219 - INFO - [www.transport.govt.nz] Added 10 new unique paragraphs (156 words) from https://www.transport.govt.nz/consultations/new-zealand-airline-authorisation-agreement-guidelines. Site words: 22,870. Overall words: 25,130
2025-05-03 22:55:29,227 - INFO - Attempting to fetch: https://www.transport.govt.nz/area-of-interest/safety/new-zealands-road-safety-objectives
2025-05-03 22:55:30,988 - INFO - Successfully fetched headers for https://www.transport.govt.nz/area-of-interest/safety/new-zealands-road-safety-objectives (Status: 200, Type: text/html; charset=utf-8)
2025-05-03 22:55:30,988 - INFO - [www.transport.govt.nz] Processing HTML: https://www.transport.govt.nz/area-of-interest/safety/new-zealands-road-safety-objectives
2025-05-03 22:55:31,172 - INFO - [www.transport.govt.nz] Added 19 new unique paragraphs (281 words) from https://www.transport.govt.nz/area-of-interest/safety/new-zealands-road-safety-objectives. Site words: 23,151. Overall words: 25,411
2025-05-03 22:55:34,175 - INFO - Attempting to fetch: https://www.transport.govt.nz/area-of-interest/safety/drug-driving-testing
2025-05-03 22:55:36,286 - INFO - Successfully fetched headers for https://www.transport.govt.nz/area-of-interest/safety/drug-driving-testing (Status: 200, Type: text/html; charset=utf-8)
2025-05-03 22:55:36,289 - INFO - [www.transport.govt.nz] Processing HTML: https://www.transport.govt.nz/area-of-interest/safety/drug-driving-testing
2025-05-03 22:55:36,572 - INFO - [www.transport.govt.nz] Added 117 new unique paragraphs (2614 words) from https://www.transport.govt.nz/area-of-interest/safety/drug-driving-testing. Site words: 25,765. Overall words: 28,025
2025-05-03 22:55:39,582 - INFO - Attempting to fetch: https://www.transport.govt.nz/area-of-interest/safety/anti-lock-braking-systems-for-motorcycles
2025-05-03 22:55:41,237 - INFO - Successfully fetched headers for https://www.transport.govt.nz/area-of-interest/safety/anti-lock-braking-systems-for-motorcycles (Status: 200, Type: text/html; charset=utf-8)
2025-05-03 22:55:41,237 - INFO - [www.transport.govt.nz] Processing HTML: https://www.transport.govt.nz/area-of-interest/safety/anti-lock-braking-systems-for-motorcycles
2025-05-03 22:55:41,435 - INFO - [www.transport.govt.nz] Added 23 new unique paragraphs (640 words) from https://www.transport.govt.nz/area-of-interest/safety/anti-lock-braking-systems-for-motorcycles. Site words: 26,405. Overall words: 28,665
2025-05-03 22:55:44,446 - INFO - Attempting to fetch: https://www.transport.govt.nz/area-of-interest/safety/social-cost-of-road-crashes-and-injuries
2025-05-03 22:55:46,119 - INFO - Successfully fetched headers for https://www.transport.govt.nz/area-of-interest/safety/social-cost-of-road-crashes-and-injuries (Status: 200, Type: text/html; charset=utf-8)
2025-05-03 22:55:46,119 - INFO - [www.transport.govt.nz] Processing HTML: https://www.transport.govt.nz/area-of-interest/safety/social-cost-of-road-crashes-and-injuries
2025-05-03 22:55:46,395 - INFO - [www.transport.govt.nz] Added 15 new unique paragraphs (649 words) from https://www.transport.govt.nz/area-of-interest/safety/social-cost-of-road-crashes-and-injuries. Site words: 27,054. Overall words: 29,314
2025-05-03 22:55:49,397 - INFO - Attempting to fetch: https://www.transport.govt.nz/area-of-interest/safety/electronic-stability-control
2025-05-03 22:55:50,836 - INFO - Successfully fetched headers for https://www.transport.govt.nz/area-of-interest/safety/electronic-stability-control (Status: 200, Type: text/html; charset=utf-8)
2025-05-03 22:55:50,839 - INFO - [www.transport.govt.nz] Processing HTML: https://www.transport.govt.nz/area-of-interest/safety/electronic-stability-control
2025-05-03 22:55:51,067 - INFO - [www.transport.govt.nz] Added 19 new unique paragraphs (455 words) from https://www.transport.govt.nz/area-of-interest/safety/electronic-stability-control. Site words: 27,509. Overall words: 29,769
2025-05-03 22:55:54,068 - INFO - Attempting to fetch: https://www.transport.govt.nz/area-of-interest/safety/road-safety-penalties
2025-05-03 22:55:55,369 - INFO - Successfully fetched headers for https://www.transport.govt.nz/area-of-interest/safety/road-safety-penalties (Status: 200, Type: text/html; charset=utf-8)
2025-05-03 22:55:55,369 - INFO - [www.transport.govt.nz] Processing HTML: https://www.transport.govt.nz/area-of-interest/safety/road-safety-penalties
2025-05-03 22:55:55,552 - INFO - [www.transport.govt.nz] Added 8 new unique paragraphs (257 words) from https://www.transport.govt.nz/area-of-interest/safety/road-safety-penalties. Site words: 27,766. Overall words: 30,026
2025-05-03 22:55:58,568 - INFO - Attempting to fetch: https://www.transport.govt.nz/area-of-interest/safety/setting-of-speed-limits
2025-05-03 22:56:02,185 - INFO - Successfully fetched headers for https://www.transport.govt.nz/area-of-interest/safety/setting-of-speed-limits (Status: 200, Type: text/html; charset=utf-8)
2025-05-03 22:56:02,185 - INFO - [www.transport.govt.nz] Processing HTML: https://www.transport.govt.nz/area-of-interest/safety/setting-of-speed-limits
2025-05-03 22:56:02,435 - INFO - [www.transport.govt.nz] Added 59 new unique paragraphs (1259 words) from https://www.transport.govt.nz/area-of-interest/safety/setting-of-speed-limits. Site words: 29,025. Overall words: 31,285
2025-05-03 22:56:05,443 - INFO - Attempting to fetch: https://www.transport.govt.nz/area-of-interest/safety/road-to-zero
2025-05-03 22:56:09,235 - INFO - Successfully fetched headers for https://www.transport.govt.nz/area-of-interest/safety/road-to-zero (Status: 200, Type: text/html; charset=utf-8)
2025-05-03 22:56:09,235 - INFO - [www.transport.govt.nz] Processing HTML: https://www.transport.govt.nz/area-of-interest/safety/road-to-zero
2025-05-03 22:56:09,618 - INFO - [www.transport.govt.nz] Added 60 new unique paragraphs (1307 words) from https://www.transport.govt.nz/area-of-interest/safety/road-to-zero. Site words: 30,332. Overall words: 32,592
2025-05-03 22:56:12,634 - INFO - Attempting to fetch: https://www.transport.govt.nz/area-of-interest/safety/small-passenger-services-review
2025-05-03 22:56:14,962 - INFO - Successfully fetched headers for https://www.transport.govt.nz/area-of-interest/safety/small-passenger-services-review (Status: 200, Type: text/html; charset=utf-8)
2025-05-03 22:56:14,964 - INFO - [www.transport.govt.nz] Processing HTML: https://www.transport.govt.nz/area-of-interest/safety/small-passenger-services-review
2025-05-03 22:56:15,234 - INFO - [www.transport.govt.nz] Added 40 new unique paragraphs (821 words) from https://www.transport.govt.nz/area-of-interest/safety/small-passenger-services-review. Site words: 31,153. Overall words: 33,413
2025-05-03 22:56:18,236 - INFO - Attempting to fetch: https://www.transport.govt.nz/area-of-interest/safety/driver-licensing-system
2025-05-03 22:56:20,819 - INFO - Successfully fetched headers for https://www.transport.govt.nz/area-of-interest/safety/driver-licensing-system (Status: 200, Type: text/html; charset=utf-8)
2025-05-03 22:56:20,819 - INFO - [www.transport.govt.nz] Processing HTML: https://www.transport.govt.nz/area-of-interest/safety/driver-licensing-system
2025-05-03 22:56:21,068 - INFO - [www.transport.govt.nz] Added 77 new unique paragraphs (1661 words) from https://www.transport.govt.nz/area-of-interest/safety/driver-licensing-system. Site words: 32,814. Overall words: 35,074
2025-05-03 22:56:24,078 - INFO - Attempting to fetch: https://www.transport.govt.nz/consultations/government-policy-statement-on-land-transport-2021
2025-05-03 22:56:26,719 - INFO - Successfully fetched headers for https://www.transport.govt.nz/consultations/government-policy-statement-on-land-transport-2021 (Status: 200, Type: text/html; charset=utf-8)
2025-05-03 22:56:26,736 - INFO - [www.transport.govt.nz] Processing HTML: https://www.transport.govt.nz/consultations/government-policy-statement-on-land-transport-2021
2025-05-03 22:56:26,934 - INFO - [www.transport.govt.nz] Added 22 new unique paragraphs (448 words) from https://www.transport.govt.nz/consultations/government-policy-statement-on-land-transport-2021. Site words: 33,262. Overall words: 35,522
2025-05-03 22:56:29,939 - INFO - Attempting to fetch: https://www.transport.govt.nz/consultations/qantas-airways-american-airlines-reauthorisation
2025-05-03 22:56:31,773 - INFO - Successfully fetched headers for https://www.transport.govt.nz/consultations/qantas-airways-american-airlines-reauthorisation (Status: 200, Type: text/html; charset=utf-8)
2025-05-03 22:56:31,774 - INFO - [www.transport.govt.nz] Processing HTML: https://www.transport.govt.nz/consultations/qantas-airways-american-airlines-reauthorisation
2025-05-03 22:56:31,956 - INFO - [www.transport.govt.nz] Added 10 new unique paragraphs (185 words) from https://www.transport.govt.nz/consultations/qantas-airways-american-airlines-reauthorisation. Site words: 33,447. Overall words: 35,707
2025-05-03 22:56:34,965 - INFO - Attempting to fetch: https://www.transport.govt.nz/consultations/results?ConsultationStatus=Decision
2025-05-03 22:56:36,995 - INFO - Successfully fetched headers for https://www.transport.govt.nz/consultations/results?ConsultationStatus=Decision (Status: 200, Type: text/html; charset=utf-8)
2025-05-03 22:56:36,995 - INFO - [www.transport.govt.nz] Processing HTML: https://www.transport.govt.nz/consultations/results?ConsultationStatus=Decision
2025-05-03 22:56:40,171 - INFO - Attempting to fetch: https://www.transport.govt.nz/consultations/air-new-zealand-air-china-reauthorisation-2020
2025-05-03 22:56:42,539 - INFO - Successfully fetched headers for https://www.transport.govt.nz/consultations/air-new-zealand-air-china-reauthorisation-2020 (Status: 200, Type: text/html; charset=utf-8)
2025-05-03 22:56:42,539 - INFO - [www.transport.govt.nz] Processing HTML: https://www.transport.govt.nz/consultations/air-new-zealand-air-china-reauthorisation-2020
2025-05-03 22:56:42,723 - INFO - [www.transport.govt.nz] Added 8 new unique paragraphs (182 words) from https://www.transport.govt.nz/consultations/air-new-zealand-air-china-reauthorisation-2020. Site words: 33,629. Overall words: 35,889
2025-05-03 22:56:45,736 - INFO - Attempting to fetch: https://www.transport.govt.nz/consultations/british-airwaysqatar-airways-code-sharing-application-2020
2025-05-03 22:56:47,857 - INFO - Successfully fetched headers for https://www.transport.govt.nz/consultations/british-airwaysqatar-airways-code-sharing-application-2020 (Status: 200, Type: text/html; charset=utf-8)
2025-05-03 22:56:47,859 - INFO - [www.transport.govt.nz] Processing HTML: https://www.transport.govt.nz/consultations/british-airwaysqatar-airways-code-sharing-application-2020
2025-05-03 22:56:48,035 - INFO - [www.transport.govt.nz] Added 8 new unique paragraphs (155 words) from https://www.transport.govt.nz/consultations/british-airwaysqatar-airways-code-sharing-application-2020. Site words: 33,784. Overall words: 36,044
2025-05-03 22:56:51,049 - INFO - Attempting to fetch: https://www.transport.govt.nz/consultations/results
2025-05-03 22:56:52,908 - INFO - Successfully fetched headers for https://www.transport.govt.nz/consultations/results (Status: 200, Type: text/html; charset=utf-8)
2025-05-03 22:56:52,908 - INFO - [www.transport.govt.nz] Processing HTML: https://www.transport.govt.nz/consultations/results
2025-05-03 22:56:56,089 - INFO - Attempting to fetch: https://www.transport.govt.nz/about-us/what-we-do/our-strategic-direction
2025-05-03 22:56:57,635 - INFO - Successfully fetched headers for https://www.transport.govt.nz/about-us/what-we-do/our-strategic-direction (Status: 200, Type: text/html; charset=utf-8)
2025-05-03 22:56:57,646 - INFO - [www.transport.govt.nz] Processing HTML: https://www.transport.govt.nz/about-us/what-we-do/our-strategic-direction
2025-05-03 22:56:57,801 - INFO - [www.transport.govt.nz] Added 40 new unique paragraphs (669 words) from https://www.transport.govt.nz/about-us/what-we-do/our-strategic-direction. Site words: 34,453. Overall words: 36,713
2025-05-03 22:57:00,815 - INFO - Attempting to fetch: https://www.transport.govt.nz/assets/Uploads/Paper/HeiAratakiMaoriStrategy-1.pdf
2025-05-03 22:57:01,789 - INFO - Successfully fetched headers for https://www.transport.govt.nz/assets/Uploads/Paper/HeiAratakiMaoriStrategy-1.pdf (Status: 200, Type: application/pdf)
2025-05-03 22:57:01,790 - INFO - [www.transport.govt.nz] Processing PDF: https://www.transport.govt.nz/assets/Uploads/Paper/HeiAratakiMaoriStrategy-1.pdf
2025-05-03 22:57:04,318 - INFO - Attempted text extraction from PDF (1 pages)
2025-05-03 22:57:04,320 - INFO - [www.transport.govt.nz] Added 1 new unique paragraphs (615 words) from https://www.transport.govt.nz/assets/Uploads/Paper/HeiAratakiMaoriStrategy-1.pdf. Site words: 35,068. Overall words: 37,328
2025-05-03 22:57:07,321 - INFO - Attempting to fetch: https://www.transport.govt.nz/area-of-interest/auckland/auckland-household-travel-over-30-years
2025-05-03 22:57:08,934 - INFO - Successfully fetched headers for https://www.transport.govt.nz/area-of-interest/auckland/auckland-household-travel-over-30-years (Status: 200, Type: text/html; charset=utf-8)
2025-05-03 22:57:08,950 - INFO - [www.transport.govt.nz] Processing HTML: https://www.transport.govt.nz/area-of-interest/auckland/auckland-household-travel-over-30-years
2025-05-03 22:57:09,165 - INFO - [www.transport.govt.nz] Added 60 new unique paragraphs (1410 words) from https://www.transport.govt.nz/area-of-interest/auckland/auckland-household-travel-over-30-years. Site words: 36,478. Overall words: 38,738
2025-05-03 22:57:12,170 - INFO - Attempting to fetch: https://www.transport.govt.nz/area-of-interest/auckland/north-auckland-line-business-case
2025-05-03 22:57:14,006 - INFO - Successfully fetched headers for https://www.transport.govt.nz/area-of-interest/auckland/north-auckland-line-business-case (Status: 200, Type: text/html; charset=utf-8)
2025-05-03 22:57:14,006 - INFO - [www.transport.govt.nz] Processing HTML: https://www.transport.govt.nz/area-of-interest/auckland/north-auckland-line-business-case
2025-05-03 22:57:14,200 - INFO - [www.transport.govt.nz] Added 46 new unique paragraphs (877 words) from https://www.transport.govt.nz/area-of-interest/auckland/north-auckland-line-business-case. Site words: 37,355. Overall words: 39,615
2025-05-03 22:57:17,212 - INFO - Attempting to fetch: https://www.transport.govt.nz/area-of-interest/auckland/the-congestion-question
2025-05-03 22:57:20,296 - INFO - Successfully fetched headers for https://www.transport.govt.nz/area-of-interest/auckland/the-congestion-question (Status: 200, Type: text/html; charset=utf-8)
2025-05-03 22:57:20,296 - INFO - [www.transport.govt.nz] Processing HTML: https://www.transport.govt.nz/area-of-interest/auckland/the-congestion-question
2025-05-03 22:57:20,604 - INFO - [www.transport.govt.nz] Added 56 new unique paragraphs (1342 words) from https://www.transport.govt.nz/area-of-interest/auckland/the-congestion-question. Site words: 38,697. Overall words: 40,957
2025-05-03 22:57:23,608 - INFO - Attempting to fetch: https://www.transport.govt.nz/area-of-interest/auckland/auckland-transport-alignment-project
2025-05-03 22:57:25,251 - INFO - Successfully fetched headers for https://www.transport.govt.nz/area-of-interest/auckland/auckland-transport-alignment-project (Status: 200, Type: text/html; charset=utf-8)
2025-05-03 22:57:25,251 - INFO - [www.transport.govt.nz] Processing HTML: https://www.transport.govt.nz/area-of-interest/auckland/auckland-transport-alignment-project
2025-05-03 22:57:25,484 - INFO - [www.transport.govt.nz] Added 48 new unique paragraphs (832 words) from https://www.transport.govt.nz/area-of-interest/auckland/auckland-transport-alignment-project. Site words: 39,529. Overall words: 41,789
2025-05-03 22:57:28,496 - INFO - Attempting to fetch: https://www.transport.govt.nz/area-of-interest/auckland/auckland-light-rail-project
2025-05-03 22:57:34,873 - INFO - Successfully fetched headers for https://www.transport.govt.nz/area-of-interest/auckland/auckland-light-rail-project (Status: 200, Type: text/html; charset=utf-8)
2025-05-03 22:57:34,877 - INFO - [www.transport.govt.nz] Processing HTML: https://www.transport.govt.nz/area-of-interest/auckland/auckland-light-rail-project
2025-05-03 22:57:35,371 - INFO - [www.transport.govt.nz] Added 70 new unique paragraphs (1801 words) from https://www.transport.govt.nz/area-of-interest/auckland/auckland-light-rail-project. Site words: 41,330. Overall words: 43,590
2025-05-03 22:57:38,377 - INFO - Attempting to fetch: https://www.transport.govt.nz/area-of-interest/auckland/hamilton-auckland-intercity-connectivity
2025-05-03 22:57:40,167 - INFO - Successfully fetched headers for https://www.transport.govt.nz/area-of-interest/auckland/hamilton-auckland-intercity-connectivity (Status: 200, Type: text/html; charset=utf-8)
2025-05-03 22:57:40,167 - INFO - [www.transport.govt.nz] Processing HTML: https://www.transport.govt.nz/area-of-interest/auckland/hamilton-auckland-intercity-connectivity
2025-05-03 22:57:40,384 - INFO - [www.transport.govt.nz] Added 22 new unique paragraphs (503 words) from https://www.transport.govt.nz/area-of-interest/auckland/hamilton-auckland-intercity-connectivity. Site words: 41,833. Overall words: 44,093
2025-05-03 22:57:43,393 - INFO - Attempting to fetch: https://www.transport.govt.nz/area-of-interest/revenue/regional-fuel-tax
2025-05-03 22:57:46,151 - INFO - Successfully fetched headers for https://www.transport.govt.nz/area-of-interest/revenue/regional-fuel-tax (Status: 200, Type: text/html; charset=utf-8)
2025-05-03 22:57:46,151 - INFO - [www.transport.govt.nz] Processing HTML: https://www.transport.govt.nz/area-of-interest/revenue/regional-fuel-tax
2025-05-03 22:57:46,433 - INFO - [www.transport.govt.nz] Added 71 new unique paragraphs (1226 words) from https://www.transport.govt.nz/area-of-interest/revenue/regional-fuel-tax. Site words: 43,059. Overall words: 45,319
2025-05-03 22:57:49,447 - INFO - Attempting to fetch: https://www.transport.govt.nz/area-of-interest/public-transport/metro-rail
2025-05-03 22:57:50,995 - INFO - Successfully fetched headers for https://www.transport.govt.nz/area-of-interest/public-transport/metro-rail (Status: 200, Type: text/html; charset=utf-8)
2025-05-03 22:57:50,995 - INFO - [www.transport.govt.nz] Processing HTML: https://www.transport.govt.nz/area-of-interest/public-transport/metro-rail
2025-05-03 22:57:51,188 - INFO - [www.transport.govt.nz] Added 33 new unique paragraphs (720 words) from https://www.transport.govt.nz/area-of-interest/public-transport/metro-rail. Site words: 43,779. Overall words: 46,039
2025-05-03 22:57:54,189 - INFO - Attempting to fetch: https://www.transport.govt.nz/area-of-interest/auckland/equity-in-aucklands-transport-system
2025-05-03 22:57:55,885 - INFO - Successfully fetched headers for https://www.transport.govt.nz/area-of-interest/auckland/equity-in-aucklands-transport-system (Status: 200, Type: text/html; charset=utf-8)
2025-05-03 22:57:55,885 - INFO - [www.transport.govt.nz] Processing HTML: https://www.transport.govt.nz/area-of-interest/auckland/equity-in-aucklands-transport-system
2025-05-03 22:57:55,967 - INFO - [www.transport.govt.nz] Added 16 new unique paragraphs (359 words) from https://www.transport.govt.nz/area-of-interest/auckland/equity-in-aucklands-transport-system. Site words: 44,138. Overall words: 46,398
2025-05-03 22:57:58,981 - INFO - Attempting to fetch: https://www.transport.govt.nz/area-of-interest/infrastructure-and-investment/lets-get-wellington-moving
2025-05-03 22:58:01,067 - INFO - Successfully fetched headers for https://www.transport.govt.nz/area-of-interest/infrastructure-and-investment/lets-get-wellington-moving (Status: 200, Type: text/html; charset=utf-8)
2025-05-03 22:58:01,067 - INFO - [www.transport.govt.nz] Processing HTML: https://www.transport.govt.nz/area-of-interest/infrastructure-and-investment/lets-get-wellington-moving
2025-05-03 22:58:01,310 - INFO - [www.transport.govt.nz] Added 58 new unique paragraphs (1513 words) from https://www.transport.govt.nz/area-of-interest/infrastructure-and-investment/lets-get-wellington-moving. Site words: 45,651. Overall words: 47,911
2025-05-03 22:58:04,312 - INFO - Attempting to fetch: https://www.transport.govt.nz/area-of-interest/public-transport/new-zealand-household-travel-survey
2025-05-03 22:58:06,384 - INFO - Successfully fetched headers for https://www.transport.govt.nz/area-of-interest/public-transport/new-zealand-household-travel-survey (Status: 200, Type: text/html; charset=utf-8)
2025-05-03 22:58:06,384 - INFO - [www.transport.govt.nz] Processing HTML: https://www.transport.govt.nz/area-of-interest/public-transport/new-zealand-household-travel-survey
2025-05-03 22:58:06,650 - INFO - [www.transport.govt.nz] Added 84 new unique paragraphs (1564 words) from https://www.transport.govt.nz/area-of-interest/public-transport/new-zealand-household-travel-survey. Site words: 47,215. Overall words: 49,475
2025-05-03 22:58:09,662 - INFO - Attempting to fetch: https://www.transport.govt.nz/area-of-interest/infrastructure-and-investment/land-transport-crown-investment-packages
2025-05-03 22:58:11,367 - INFO - Successfully fetched headers for https://www.transport.govt.nz/area-of-interest/infrastructure-and-investment/land-transport-crown-investment-packages (Status: 200, Type: text/html; charset=utf-8)
2025-05-03 22:58:11,367 - INFO - [www.transport.govt.nz] Processing HTML: https://www.transport.govt.nz/area-of-interest/infrastructure-and-investment/land-transport-crown-investment-packages
2025-05-03 22:58:11,574 - INFO - [www.transport.govt.nz] Added 57 new unique paragraphs (1143 words) from https://www.transport.govt.nz/area-of-interest/infrastructure-and-investment/land-transport-crown-investment-packages. Site words: 48,358. Overall words: 50,618
2025-05-03 22:58:14,582 - INFO - Attempting to fetch: https://www.transport.govt.nz/area-of-interest/freight-and-logistics/transport-costs-charges
2025-05-03 22:58:16,917 - INFO - Successfully fetched headers for https://www.transport.govt.nz/area-of-interest/freight-and-logistics/transport-costs-charges (Status: 200, Type: text/html; charset=utf-8)
2025-05-03 22:58:16,917 - INFO - [www.transport.govt.nz] Processing HTML: https://www.transport.govt.nz/area-of-interest/freight-and-logistics/transport-costs-charges
2025-05-03 22:58:17,175 - INFO - [www.transport.govt.nz] Added 33 new unique paragraphs (949 words) from https://www.transport.govt.nz/area-of-interest/freight-and-logistics/transport-costs-charges. Site words: 49,307. Overall words: 51,567
2025-05-03 22:58:20,179 - INFO - Attempting to fetch: https://www.transport.govt.nz/area-of-interest/walking-and-cycling/accessible-streets
2025-05-03 22:58:22,623 - INFO - Successfully fetched headers for https://www.transport.govt.nz/area-of-interest/walking-and-cycling/accessible-streets (Status: 200, Type: text/html; charset=utf-8)
2025-05-03 22:58:22,623 - INFO - [www.transport.govt.nz] Processing HTML: https://www.transport.govt.nz/area-of-interest/walking-and-cycling/accessible-streets
2025-05-03 22:58:22,838 - INFO - [www.transport.govt.nz] Added 24 new unique paragraphs (900 words) from https://www.transport.govt.nz/area-of-interest/walking-and-cycling/accessible-streets. Site words: 50,207. Overall words: 52,467
2025-05-03 22:58:25,845 - INFO - Attempting to fetch: https://www.transport.govt.nz/area-of-interest/resilience-and-security/financial-security-regime-for-offshore-installations
2025-05-03 22:58:27,618 - INFO - Successfully fetched headers for https://www.transport.govt.nz/area-of-interest/resilience-and-security/financial-security-regime-for-offshore-installations (Status: 200, Type: text/html; charset=utf-8)
2025-05-03 22:58:27,618 - INFO - [www.transport.govt.nz] Processing HTML: https://www.transport.govt.nz/area-of-interest/resilience-and-security/financial-security-regime-for-offshore-installations
2025-05-03 22:58:27,833 - INFO - [www.transport.govt.nz] Added 40 new unique paragraphs (1093 words) from https://www.transport.govt.nz/area-of-interest/resilience-and-security/financial-security-regime-for-offshore-installations. Site words: 51,300. Overall words: 53,560
2025-05-03 22:58:30,849 - INFO - Attempting to fetch: https://www.transport.govt.nz/area-of-interest/resilience-and-security/kaikoura-earthquake-recovery-work-programme
2025-05-03 22:58:32,983 - INFO - Successfully fetched headers for https://www.transport.govt.nz/area-of-interest/resilience-and-security/kaikoura-earthquake-recovery-work-programme (Status: 200, Type: text/html; charset=utf-8)
2025-05-03 22:58:32,984 - INFO - [www.transport.govt.nz] Processing HTML: https://www.transport.govt.nz/area-of-interest/resilience-and-security/kaikoura-earthquake-recovery-work-programme
2025-05-03 22:58:33,166 - INFO - [www.transport.govt.nz] Added 24 new unique paragraphs (529 words) from https://www.transport.govt.nz/area-of-interest/resilience-and-security/kaikoura-earthquake-recovery-work-programme. Site words: 51,829. Overall words: 54,089
2025-05-03 22:58:36,182 - INFO - Attempting to fetch: https://www.transport.govt.nz/area-of-interest/public-transport/public-transport-decarbonisation
2025-05-03 22:58:37,917 - INFO - Successfully fetched headers for https://www.transport.govt.nz/area-of-interest/public-transport/public-transport-decarbonisation (Status: 200, Type: text/html; charset=utf-8)
2025-05-03 22:58:37,917 - INFO - [www.transport.govt.nz] Processing HTML: https://www.transport.govt.nz/area-of-interest/public-transport/public-transport-decarbonisation
2025-05-03 22:58:38,112 - INFO - [www.transport.govt.nz] Added 10 new unique paragraphs (267 words) from https://www.transport.govt.nz/area-of-interest/public-transport/public-transport-decarbonisation. Site words: 52,096. Overall words: 54,356
2025-05-03 22:58:41,114 - INFO - Attempting to fetch: https://www.transport.govt.nz/area-of-interest/resilience-and-security/transport-sector-guidance-on-sanctioned-ships-and-aircraft
2025-05-03 22:58:43,383 - INFO - Successfully fetched headers for https://www.transport.govt.nz/area-of-interest/resilience-and-security/transport-sector-guidance-on-sanctioned-ships-and-aircraft (Status: 200, Type: text/html; charset=utf-8)
2025-05-03 22:58:43,383 - INFO - [www.transport.govt.nz] Processing HTML: https://www.transport.govt.nz/area-of-interest/resilience-and-security/transport-sector-guidance-on-sanctioned-ships-and-aircraft
2025-05-03 22:58:43,566 - INFO - [www.transport.govt.nz] Added 7 new unique paragraphs (191 words) from https://www.transport.govt.nz/area-of-interest/resilience-and-security/transport-sector-guidance-on-sanctioned-ships-and-aircraft. Site words: 52,287. Overall words: 54,547
2025-05-03 22:58:46,577 - INFO - Attempting to fetch: https://www.transport.govt.nz/area-of-interest/environment-and-climate-change/reducing-noxious-vehicle-emissions-from-road-transport
2025-05-03 22:58:48,613 - INFO - Successfully fetched headers for https://www.transport.govt.nz/area-of-interest/environment-and-climate-change/reducing-noxious-vehicle-emissions-from-road-transport (Status: 200, Type: text/html; charset=utf-8)
2025-05-03 22:58:48,615 - INFO - [www.transport.govt.nz] Processing HTML: https://www.transport.govt.nz/area-of-interest/environment-and-climate-change/reducing-noxious-vehicle-emissions-from-road-transport
2025-05-03 22:58:48,983 - INFO - [www.transport.govt.nz] Added 116 new unique paragraphs (2785 words) from https://www.transport.govt.nz/area-of-interest/environment-and-climate-change/reducing-noxious-vehicle-emissions-from-road-transport. Site words: 55,072. Overall words: 57,332
2025-05-03 22:58:51,993 - INFO - Attempting to fetch: https://www.transport.govt.nz/area-of-interest/freight-and-logistics/green-freight
2025-05-03 22:58:53,683 - INFO - Successfully fetched headers for https://www.transport.govt.nz/area-of-interest/freight-and-logistics/green-freight (Status: 200, Type: text/html; charset=utf-8)
2025-05-03 22:58:53,683 - INFO - [www.transport.govt.nz] Processing HTML: https://www.transport.govt.nz/area-of-interest/freight-and-logistics/green-freight
2025-05-03 22:58:53,883 - INFO - [www.transport.govt.nz] Added 16 new unique paragraphs (504 words) from https://www.transport.govt.nz/area-of-interest/freight-and-logistics/green-freight. Site words: 55,576. Overall words: 57,836
2025-05-03 22:58:56,897 - INFO - Attempting to fetch: https://www.transport.govt.nz/area-of-interest/environment-and-climate-change/clean-cars
2025-05-03 22:59:02,618 - INFO - Successfully fetched headers for https://www.transport.govt.nz/area-of-interest/environment-and-climate-change/clean-cars (Status: 200, Type: text/html; charset=utf-8)
2025-05-03 22:59:02,618 - INFO - [www.transport.govt.nz] Processing HTML: https://www.transport.govt.nz/area-of-interest/environment-and-climate-change/clean-cars
2025-05-03 22:59:03,033 - INFO - [www.transport.govt.nz] Added 163 new unique paragraphs (2331 words) from https://www.transport.govt.nz/area-of-interest/environment-and-climate-change/clean-cars. Site words: 57,907. Overall words: 60,167
2025-05-03 22:59:06,045 - INFO - Attempting to fetch: https://www.transport.govt.nz/area-of-interest/environment-and-climate-change/supercharging-ev-infrastructure
2025-05-03 22:59:07,781 - INFO - Successfully fetched headers for https://www.transport.govt.nz/area-of-interest/environment-and-climate-change/supercharging-ev-infrastructure (Status: 200, Type: text/html; charset=utf-8)
2025-05-03 22:59:07,783 - INFO - [www.transport.govt.nz] Processing HTML: https://www.transport.govt.nz/area-of-interest/environment-and-climate-change/supercharging-ev-infrastructure
2025-05-03 22:59:07,966 - INFO - [www.transport.govt.nz] Added 12 new unique paragraphs (262 words) from https://www.transport.govt.nz/area-of-interest/environment-and-climate-change/supercharging-ev-infrastructure. Site words: 58,169. Overall words: 60,429
2025-05-03 22:59:10,970 - INFO - Attempting to fetch: https://www.transport.govt.nz/area-of-interest/environment-and-climate-change/electric-vehicles-programme
2025-05-03 22:59:12,511 - INFO - Successfully fetched headers for https://www.transport.govt.nz/area-of-interest/environment-and-climate-change/electric-vehicles-programme (Status: 200, Type: text/html; charset=utf-8)
2025-05-03 22:59:12,513 - INFO - [www.transport.govt.nz] Processing HTML: https://www.transport.govt.nz/area-of-interest/environment-and-climate-change/electric-vehicles-programme
2025-05-03 22:59:12,799 - INFO - [www.transport.govt.nz] Added 52 new unique paragraphs (1101 words) from https://www.transport.govt.nz/area-of-interest/environment-and-climate-change/electric-vehicles-programme. Site words: 59,270. Overall words: 61,530
2025-05-03 22:59:15,802 - INFO - Attempting to fetch: https://www.transport.govt.nz/statistics-and-insights/results
2025-05-03 22:59:17,783 - INFO - Successfully fetched headers for https://www.transport.govt.nz/statistics-and-insights/results (Status: 200, Type: text/html; charset=utf-8)
2025-05-03 22:59:17,783 - INFO - [www.transport.govt.nz] Processing HTML: https://www.transport.govt.nz/statistics-and-insights/results
2025-05-03 22:59:17,966 - INFO - [www.transport.govt.nz] No new paragraphs extracted or passed cleaning for https://www.transport.govt.nz/statistics-and-insights/results
2025-05-03 22:59:20,971 - INFO - Attempting to fetch: https://www.transport.govt.nz/statistics-and-insights/fleet-statistics/annual-fleet-statistics
2025-05-03 22:59:22,683 - INFO - Successfully fetched headers for https://www.transport.govt.nz/statistics-and-insights/fleet-statistics/annual-fleet-statistics (Status: 200, Type: text/html; charset=utf-8)
2025-05-03 22:59:22,683 - INFO - [www.transport.govt.nz] Processing HTML: https://www.transport.govt.nz/statistics-and-insights/fleet-statistics/annual-fleet-statistics
2025-05-03 22:59:22,877 - INFO - [www.transport.govt.nz] Added 9 new unique paragraphs (296 words) from https://www.transport.govt.nz/statistics-and-insights/fleet-statistics/annual-fleet-statistics. Site words: 59,566. Overall words: 61,826
2025-05-03 22:59:25,879 - INFO - Attempting to fetch: https://www.transport.govt.nz/statistics-and-insights/freight-and-logistics/figs-rail
2025-05-03 22:59:27,950 - INFO - Successfully fetched headers for https://www.transport.govt.nz/statistics-and-insights/freight-and-logistics/figs-rail (Status: 200, Type: text/html; charset=utf-8)
2025-05-03 22:59:27,956 - INFO - [www.transport.govt.nz] Processing HTML: https://www.transport.govt.nz/statistics-and-insights/freight-and-logistics/figs-rail
2025-05-03 22:59:28,116 - INFO - [www.transport.govt.nz] Added 1 new unique paragraphs (21 words) from https://www.transport.govt.nz/statistics-and-insights/freight-and-logistics/figs-rail. Site words: 59,587. Overall words: 61,847
2025-05-03 22:59:31,118 - INFO - Attempting to fetch: https://www.transport.govt.nz/area-of-interest/infrastructure-and-investment/the-new-zealand-rail-plan
2025-05-03 22:59:33,366 - INFO - Successfully fetched headers for https://www.transport.govt.nz/area-of-interest/infrastructure-and-investment/the-new-zealand-rail-plan (Status: 200, Type: text/html; charset=utf-8)
2025-05-03 22:59:33,366 - INFO - [www.transport.govt.nz] Processing HTML: https://www.transport.govt.nz/area-of-interest/infrastructure-and-investment/the-new-zealand-rail-plan
2025-05-03 22:59:33,564 - INFO - [www.transport.govt.nz] Added 29 new unique paragraphs (741 words) from https://www.transport.govt.nz/area-of-interest/infrastructure-and-investment/the-new-zealand-rail-plan. Site words: 60,328. Overall words: 62,588
2025-05-03 22:59:36,566 - INFO - Attempting to fetch: https://www.transport.govt.nz/area-of-interest/revenue/tolling-and-public-private-partnerships
2025-05-03 22:59:38,319 - INFO - Successfully fetched headers for https://www.transport.govt.nz/area-of-interest/revenue/tolling-and-public-private-partnerships (Status: 200, Type: text/html; charset=utf-8)
2025-05-03 22:59:38,322 - INFO - [www.transport.govt.nz] Processing HTML: https://www.transport.govt.nz/area-of-interest/revenue/tolling-and-public-private-partnerships
2025-05-03 22:59:38,517 - INFO - [www.transport.govt.nz] Added 26 new unique paragraphs (573 words) from https://www.transport.govt.nz/area-of-interest/revenue/tolling-and-public-private-partnerships. Site words: 60,901. Overall words: 63,161
2025-05-03 22:59:41,529 - INFO - Attempting to fetch: https://www.transport.govt.nz/area-of-interest/strategy-and-direction/government-policy-statement-on-land-transport-2018
2025-05-03 22:59:44,866 - INFO - Successfully fetched headers for https://www.transport.govt.nz/area-of-interest/strategy-and-direction/government-policy-statement-on-land-transport-2018 (Status: 200, Type: text/html; charset=utf-8)
2025-05-03 22:59:44,866 - INFO - [www.transport.govt.nz] Processing HTML: https://www.transport.govt.nz/area-of-interest/strategy-and-direction/government-policy-statement-on-land-transport-2018
2025-05-03 22:59:45,212 - INFO - [www.transport.govt.nz] Added 67 new unique paragraphs (1497 words) from https://www.transport.govt.nz/area-of-interest/strategy-and-direction/government-policy-statement-on-land-transport-2018. Site words: 62,398. Overall words: 64,658
2025-05-03 22:59:48,218 - INFO - Attempting to fetch: https://www.transport.govt.nz/area-of-interest/infrastructure-and-investment/upper-north-island-supply-chain-strategy
2025-05-03 22:59:50,628 - INFO - Successfully fetched headers for https://www.transport.govt.nz/area-of-interest/infrastructure-and-investment/upper-north-island-supply-chain-strategy (Status: 200, Type: text/html; charset=utf-8)
2025-05-03 22:59:50,628 - INFO - [www.transport.govt.nz] Processing HTML: https://www.transport.govt.nz/area-of-interest/infrastructure-and-investment/upper-north-island-supply-chain-strategy
2025-05-03 22:59:50,920 - INFO - [www.transport.govt.nz] Added 41 new unique paragraphs (990 words) from https://www.transport.govt.nz/area-of-interest/infrastructure-and-investment/upper-north-island-supply-chain-strategy. Site words: 63,388. Overall words: 65,648
2025-05-03 22:59:53,922 - INFO - Attempting to fetch: https://www.transport.govt.nz/area-of-interest/infrastructure-and-investment/manukau-harbour-feasibility-study
2025-05-03 22:59:55,515 - INFO - Successfully fetched headers for https://www.transport.govt.nz/area-of-interest/infrastructure-and-investment/manukau-harbour-feasibility-study (Status: 200, Type: text/html; charset=utf-8)
2025-05-03 22:59:55,515 - INFO - [www.transport.govt.nz] Processing HTML: https://www.transport.govt.nz/area-of-interest/infrastructure-and-investment/manukau-harbour-feasibility-study
2025-05-03 22:59:55,732 - INFO - [www.transport.govt.nz] Added 15 new unique paragraphs (374 words) from https://www.transport.govt.nz/area-of-interest/infrastructure-and-investment/manukau-harbour-feasibility-study. Site words: 63,762. Overall words: 66,022
2025-05-03 22:59:58,736 - INFO - Attempting to fetch: https://www.transport.govt.nz/area-of-interest/strategy-and-direction/government-policy-statement-on-land-transport
2025-05-03 23:00:04,949 - INFO - Successfully fetched headers for https://www.transport.govt.nz/area-of-interest/strategy-and-direction/government-policy-statement-on-land-transport (Status: 200, Type: text/html; charset=utf-8)
2025-05-03 23:00:04,949 - INFO - [www.transport.govt.nz] Processing HTML: https://www.transport.govt.nz/area-of-interest/strategy-and-direction/government-policy-statement-on-land-transport
2025-05-03 23:00:05,182 - INFO - [www.transport.govt.nz] Added 47 new unique paragraphs (810 words) from https://www.transport.govt.nz/area-of-interest/strategy-and-direction/government-policy-statement-on-land-transport. Site words: 64,572. Overall words: 66,832
2025-05-03 23:00:08,188 - INFO - Attempting to fetch: https://www.transport.govt.nz/area-of-interest/strategy-and-direction/government-policy-statement-on-land-transport-2021
2025-05-03 23:00:10,766 - INFO - Successfully fetched headers for https://www.transport.govt.nz/area-of-interest/strategy-and-direction/government-policy-statement-on-land-transport-2021 (Status: 200, Type: text/html; charset=utf-8)
2025-05-03 23:00:10,766 - INFO - [www.transport.govt.nz] Processing HTML: https://www.transport.govt.nz/area-of-interest/strategy-and-direction/government-policy-statement-on-land-transport-2021
2025-05-03 23:00:11,031 - INFO - [www.transport.govt.nz] Added 22 new unique paragraphs (528 words) from https://www.transport.govt.nz/area-of-interest/strategy-and-direction/government-policy-statement-on-land-transport-2021. Site words: 65,100. Overall words: 67,360
2025-05-03 23:00:14,045 - INFO - Attempting to fetch: https://www.transport.govt.nz/area-of-interest/infrastructure-and-investment/toll-road-concession-opportunities
2025-05-03 23:00:15,832 - INFO - Successfully fetched headers for https://www.transport.govt.nz/area-of-interest/infrastructure-and-investment/toll-road-concession-opportunities (Status: 200, Type: text/html; charset=utf-8)
2025-05-03 23:00:15,832 - INFO - [www.transport.govt.nz] Processing HTML: https://www.transport.govt.nz/area-of-interest/infrastructure-and-investment/toll-road-concession-opportunities
2025-05-03 23:00:16,008 - INFO - [www.transport.govt.nz] Added 7 new unique paragraphs (166 words) from https://www.transport.govt.nz/area-of-interest/infrastructure-and-investment/toll-road-concession-opportunities. Site words: 65,266. Overall words: 67,526
2025-05-03 23:00:19,010 - INFO - Attempting to fetch: https://www.transport.govt.nz/area-of-interest/infrastructure-and-investment/future-of-rail
2025-05-03 23:00:21,582 - INFO - Successfully fetched headers for https://www.transport.govt.nz/area-of-interest/infrastructure-and-investment/future-of-rail (Status: 200, Type: text/html; charset=utf-8)
2025-05-03 23:00:21,592 - INFO - [www.transport.govt.nz] Processing HTML: https://www.transport.govt.nz/area-of-interest/infrastructure-and-investment/future-of-rail
2025-05-03 23:00:21,865 - INFO - [www.transport.govt.nz] Added 62 new unique paragraphs (1893 words) from https://www.transport.govt.nz/area-of-interest/infrastructure-and-investment/future-of-rail. Site words: 67,159. Overall words: 69,419
2025-05-03 23:00:24,879 - INFO - Attempting to fetch: https://www.transport.govt.nz/area-of-interest/infrastructure-and-investment/northland-dry-dock-feasibility-study
2025-05-03 23:00:27,012 - INFO - Successfully fetched headers for https://www.transport.govt.nz/area-of-interest/infrastructure-and-investment/northland-dry-dock-feasibility-study (Status: 200, Type: text/html; charset=utf-8)
2025-05-03 23:00:27,013 - INFO - [www.transport.govt.nz] Processing HTML: https://www.transport.govt.nz/area-of-interest/infrastructure-and-investment/northland-dry-dock-feasibility-study
2025-05-03 23:00:27,231 - INFO - [www.transport.govt.nz] Added 13 new unique paragraphs (355 words) from https://www.transport.govt.nz/area-of-interest/infrastructure-and-investment/northland-dry-dock-feasibility-study. Site words: 67,514. Overall words: 69,774
2025-05-03 23:00:30,247 - INFO - Attempting to fetch: https://www.transport.govt.nz/about-us/what-we-do/search-official-information-act/download/8531
2025-05-03 23:00:31,448 - INFO - Successfully fetched headers for https://www.transport.govt.nz/about-us/what-we-do/search-official-information-act/download/8531 (Status: 200, Type: application/pdf)
2025-05-03 23:00:31,448 - INFO - [www.transport.govt.nz] Processing PDF: https://www.transport.govt.nz/about-us/what-we-do/search-official-information-act/download/8531
2025-05-03 23:00:33,103 - INFO - Attempted text extraction from PDF (10 pages)
2025-05-03 23:00:33,104 - INFO - [www.transport.govt.nz] Added 10 new unique paragraphs (318 words) from https://www.transport.govt.nz/about-us/what-we-do/search-official-information-act/download/8531. Site words: 67,832. Overall words: 70,092
2025-05-03 23:00:36,105 - INFO - Attempting to fetch: https://www.transport.govt.nz/about-us/what-we-do/search-official-information-act/download/8521
2025-05-03 23:00:37,311 - INFO - Successfully fetched headers for https://www.transport.govt.nz/about-us/what-we-do/search-official-information-act/download/8521 (Status: 200, Type: application/pdf)
2025-05-03 23:00:37,314 - INFO - [www.transport.govt.nz] Processing PDF: https://www.transport.govt.nz/about-us/what-we-do/search-official-information-act/download/8521
2025-05-03 23:00:42,331 - INFO - Attempted text extraction from PDF (22 pages)
2025-05-03 23:00:42,350 - INFO - [www.transport.govt.nz] Added 15 new unique paragraphs (6721 words) from https://www.transport.govt.nz/about-us/what-we-do/search-official-information-act/download/8521. Site words: 74,553. Overall words: 76,813
2025-05-03 23:00:45,352 - INFO - Attempting to fetch: https://www.transport.govt.nz/about-us/what-we-do/search-official-information-act/download/8511
2025-05-03 23:00:46,665 - INFO - Successfully fetched headers for https://www.transport.govt.nz/about-us/what-we-do/search-official-information-act/download/8511 (Status: 200, Type: application/pdf)
2025-05-03 23:00:46,665 - INFO - [www.transport.govt.nz] Processing PDF: https://www.transport.govt.nz/about-us/what-we-do/search-official-information-act/download/8511
2025-05-03 23:00:50,912 - INFO - Attempted text extraction from PDF (23 pages)
2025-05-03 23:00:50,916 - INFO - [www.transport.govt.nz] Added 3 new unique paragraphs (4571 words) from https://www.transport.govt.nz/about-us/what-we-do/search-official-information-act/download/8511. Site words: 79,124. Overall words: 81,384
2025-05-03 23:00:53,918 - INFO - Attempting to fetch: https://www.transport.govt.nz/about-us/what-we-do/search-official-information-act/download/8523
2025-05-03 23:00:55,663 - INFO - Successfully fetched headers for https://www.transport.govt.nz/about-us/what-we-do/search-official-information-act/download/8523 (Status: 200, Type: application/pdf)
2025-05-03 23:00:55,665 - INFO - [www.transport.govt.nz] Processing PDF: https://www.transport.govt.nz/about-us/what-we-do/search-official-information-act/download/8523
2025-05-03 23:00:58,714 - INFO - Attempted text extraction from PDF (25 pages)
2025-05-03 23:00:58,724 - INFO - [www.transport.govt.nz] Added 32 new unique paragraphs (6368 words) from https://www.transport.govt.nz/about-us/what-we-do/search-official-information-act/download/8523. Site words: 85,492. Overall words: 87,752
2025-05-03 23:01:01,727 - INFO - Attempting to fetch: https://www.transport.govt.nz/about-us/what-we-do/search-official-information-act/download/8517
2025-05-03 23:01:02,981 - INFO - Successfully fetched headers for https://www.transport.govt.nz/about-us/what-we-do/search-official-information-act/download/8517 (Status: 200, Type: application/pdf)
2025-05-03 23:01:02,981 - INFO - [www.transport.govt.nz] Processing PDF: https://www.transport.govt.nz/about-us/what-we-do/search-official-information-act/download/8517
2025-05-03 23:01:04,964 - INFO - Attempted text extraction from PDF (15 pages)
2025-05-03 23:01:04,964 - INFO - [www.transport.govt.nz] Added 14 new unique paragraphs (2985 words) from https://www.transport.govt.nz/about-us/what-we-do/search-official-information-act/download/8517. Site words: 88,477. Overall words: 90,737
2025-05-03 23:01:07,969 - INFO - Attempting to fetch: https://www.transport.govt.nz/about-us/what-we-do/search-official-information-act/download/8519
2025-05-03 23:01:09,315 - INFO - Successfully fetched headers for https://www.transport.govt.nz/about-us/what-we-do/search-official-information-act/download/8519 (Status: 200, Type: application/pdf)
2025-05-03 23:01:09,315 - INFO - [www.transport.govt.nz] Processing PDF: https://www.transport.govt.nz/about-us/what-we-do/search-official-information-act/download/8519
2025-05-03 23:01:36,335 - INFO - Attempted text extraction from PDF (66 pages)
2025-05-03 23:01:36,347 - INFO - [www.transport.govt.nz] Added 138 new unique paragraphs (16648 words) from https://www.transport.govt.nz/about-us/what-we-do/search-official-information-act/download/8519. Site words: 105,125. Overall words: 107,385
2025-05-03 23:01:39,358 - INFO - Attempting to fetch: https://www.transport.govt.nz/about-us/what-we-do/search-official-information-act/download/8522
2025-05-03 23:01:41,247 - INFO - Successfully fetched headers for https://www.transport.govt.nz/about-us/what-we-do/search-official-information-act/download/8522 (Status: 200, Type: application/pdf)
2025-05-03 23:01:41,247 - INFO - [www.transport.govt.nz] Processing PDF: https://www.transport.govt.nz/about-us/what-we-do/search-official-information-act/download/8522
2025-05-03 23:01:41,872 - INFO - Attempted text extraction from PDF (2 pages)
2025-05-03 23:01:41,872 - INFO - [www.transport.govt.nz] Added 6 new unique paragraphs (290 words) from https://www.transport.govt.nz/about-us/what-we-do/search-official-information-act/download/8522. Site words: 105,415. Overall words: 107,675
2025-05-03 23:01:44,878 - INFO - Attempting to fetch: https://www.transport.govt.nz/about-us/what-we-do/search-official-information-act/download/8520
2025-05-03 23:01:46,314 - INFO - Successfully fetched headers for https://www.transport.govt.nz/about-us/what-we-do/search-official-information-act/download/8520 (Status: 200, Type: application/pdf)
2025-05-03 23:01:46,314 - INFO - [www.transport.govt.nz] Processing PDF: https://www.transport.govt.nz/about-us/what-we-do/search-official-information-act/download/8520
2025-05-03 23:01:52,493 - INFO - Attempted text extraction from PDF (82 pages)
2025-05-03 23:01:52,497 - INFO - [www.transport.govt.nz] Added 37 new unique paragraphs (12639 words) from https://www.transport.govt.nz/about-us/what-we-do/search-official-information-act/download/8520. Site words: 118,054. Overall words: 120,314
2025-05-03 23:01:55,502 - INFO - Attempting to fetch: https://www.transport.govt.nz/about-us/what-we-do/search-official-information-act/download/8518
2025-05-03 23:01:56,998 - INFO - Successfully fetched headers for https://www.transport.govt.nz/about-us/what-we-do/search-official-information-act/download/8518 (Status: 200, Type: application/pdf)
2025-05-03 23:01:56,998 - INFO - [www.transport.govt.nz] Processing PDF: https://www.transport.govt.nz/about-us/what-we-do/search-official-information-act/download/8518
2025-05-03 23:01:58,991 - INFO - Attempted text extraction from PDF (6 pages)
2025-05-03 23:01:58,994 - INFO - [www.transport.govt.nz] Added 10 new unique paragraphs (1274 words) from https://www.transport.govt.nz/about-us/what-we-do/search-official-information-act/download/8518. Site words: 119,328. Overall words: 121,588
2025-05-03 23:02:01,995 - INFO - Attempting to fetch: https://www.transport.govt.nz/about-us/what-we-do/search-official-information-act/download/8510
2025-05-03 23:02:03,264 - INFO - Successfully fetched headers for https://www.transport.govt.nz/about-us/what-we-do/search-official-information-act/download/8510 (Status: 200, Type: application/pdf)
2025-05-03 23:02:03,264 - INFO - [www.transport.govt.nz] Processing PDF: https://www.transport.govt.nz/about-us/what-we-do/search-official-information-act/download/8510
2025-05-03 23:02:08,213 - INFO - Attempted text extraction from PDF (22 pages)
2025-05-03 23:02:11,225 - INFO - Attempting to fetch: https://www.transport.govt.nz/about-us/what-we-do/search-official-information-act/download/8508
2025-05-03 23:02:12,750 - INFO - Successfully fetched headers for https://www.transport.govt.nz/about-us/what-we-do/search-official-information-act/download/8508 (Status: 200, Type: application/pdf)
2025-05-03 23:02:12,750 - INFO - [www.transport.govt.nz] Processing PDF: https://www.transport.govt.nz/about-us/what-we-do/search-official-information-act/download/8508
2025-05-03 23:02:27,596 - INFO - Attempted text extraction from PDF (180 pages)
2025-05-03 23:02:27,635 - INFO - [www.transport.govt.nz] Added 249 new unique paragraphs (52865 words) from https://www.transport.govt.nz/about-us/what-we-do/search-official-information-act/download/8508. Site words: 172,193. Overall words: 174,453
2025-05-03 23:02:30,636 - INFO - Attempting to fetch: https://www.transport.govt.nz/about-us/what-we-do/search-official-information-act/download/8509
2025-05-03 23:02:32,006 - INFO - Successfully fetched headers for https://www.transport.govt.nz/about-us/what-we-do/search-official-information-act/download/8509 (Status: 200, Type: application/pdf)
2025-05-03 23:02:32,012 - INFO - [www.transport.govt.nz] Processing PDF: https://www.transport.govt.nz/about-us/what-we-do/search-official-information-act/download/8509
2025-05-03 23:02:42,161 - INFO - Attempted text extraction from PDF (56 pages)
2025-05-03 23:02:42,174 - INFO - [www.transport.govt.nz] Added 32 new unique paragraphs (13145 words) from https://www.transport.govt.nz/about-us/what-we-do/search-official-information-act/download/8509. Site words: 185,338. Overall words: 187,598
2025-05-03 23:02:45,176 - INFO - Attempting to fetch: https://www.transport.govt.nz/about-us/what-we-do/search-official-information-act/download/8498
2025-05-03 23:02:46,614 - INFO - Successfully fetched headers for https://www.transport.govt.nz/about-us/what-we-do/search-official-information-act/download/8498 (Status: 200, Type: application/pdf)
2025-05-03 23:02:46,614 - INFO - [www.transport.govt.nz] Processing PDF: https://www.transport.govt.nz/about-us/what-we-do/search-official-information-act/download/8498
2025-05-03 23:02:48,363 - INFO - Attempted text extraction from PDF (18 pages)
2025-05-03 23:02:48,363 - INFO - [www.transport.govt.nz] Added 35 new unique paragraphs (5352 words) from https://www.transport.govt.nz/about-us/what-we-do/search-official-information-act/download/8498. Site words: 190,690. Overall words: 192,950
2025-05-03 23:02:51,375 - INFO - Attempting to fetch: https://www.transport.govt.nz/about-us/what-we-do/search-official-information-act/download/8512
2025-05-03 23:02:52,613 - INFO - Successfully fetched headers for https://www.transport.govt.nz/about-us/what-we-do/search-official-information-act/download/8512 (Status: 200, Type: application/pdf)
2025-05-03 23:02:52,613 - INFO - [www.transport.govt.nz] Processing PDF: https://www.transport.govt.nz/about-us/what-we-do/search-official-information-act/download/8512
2025-05-03 23:02:58,662 - INFO - Attempted text extraction from PDF (82 pages)
2025-05-03 23:02:58,662 - INFO - [www.transport.govt.nz] Added 2 new unique paragraphs (3233 words) from https://www.transport.govt.nz/about-us/what-we-do/search-official-information-act/download/8512. Site words: 193,923. Overall words: 196,183
2025-05-03 23:03:01,672 - INFO - Attempting to fetch: https://www.transport.govt.nz/about-us/what-we-do/search-official-information-act/download/8507
2025-05-03 23:03:02,930 - INFO - Successfully fetched headers for https://www.transport.govt.nz/about-us/what-we-do/search-official-information-act/download/8507 (Status: 200, Type: application/pdf)
2025-05-03 23:03:02,930 - INFO - [www.transport.govt.nz] Processing PDF: https://www.transport.govt.nz/about-us/what-we-do/search-official-information-act/download/8507
2025-05-03 23:03:03,382 - INFO - Attempted text extraction from PDF (2 pages)
2025-05-03 23:03:03,383 - INFO - [www.transport.govt.nz] Added 6 new unique paragraphs (381 words) from https://www.transport.govt.nz/about-us/what-we-do/search-official-information-act/download/8507. Site words: 194,304. Overall words: 196,564
2025-05-03 23:03:06,384 - INFO - Attempting to fetch: https://www.transport.govt.nz/about-us/what-we-do/search-official-information-act/download/8524
2025-05-03 23:03:07,885 - INFO - Successfully fetched headers for https://www.transport.govt.nz/about-us/what-we-do/search-official-information-act/download/8524 (Status: 200, Type: application/pdf)
2025-05-03 23:03:07,886 - INFO - [www.transport.govt.nz] Processing PDF: https://www.transport.govt.nz/about-us/what-we-do/search-official-information-act/download/8524
2025-05-03 23:03:11,050 - INFO - Attempted text extraction from PDF (44 pages)
2025-05-03 23:03:11,062 - INFO - [www.transport.govt.nz] Added 73 new unique paragraphs (11779 words) from https://www.transport.govt.nz/about-us/what-we-do/search-official-information-act/download/8524. Site words: 206,083. Overall words: 208,343
2025-05-03 23:03:14,066 - INFO - Attempting to fetch: https://www.transport.govt.nz/about-us/what-we-do/search-official-information-act/download/8516
2025-05-03 23:03:15,363 - INFO - Successfully fetched headers for https://www.transport.govt.nz/about-us/what-we-do/search-official-information-act/download/8516 (Status: 200, Type: application/pdf)
2025-05-03 23:03:15,363 - INFO - [www.transport.govt.nz] Processing PDF: https://www.transport.govt.nz/about-us/what-we-do/search-official-information-act/download/8516
2025-05-03 23:03:17,146 - INFO - Attempted text extraction from PDF (7 pages)
2025-05-03 23:03:17,146 - INFO - [www.transport.govt.nz] Added 11 new unique paragraphs (1529 words) from https://www.transport.govt.nz/about-us/what-we-do/search-official-information-act/download/8516. Site words: 207,612. Overall words: 209,872
2025-05-03 23:03:20,151 - INFO - Attempting to fetch: https://www.transport.govt.nz/about-us/what-we-do/search-official-information-act/download/8513
2025-05-03 23:03:21,695 - INFO - Successfully fetched headers for https://www.transport.govt.nz/about-us/what-we-do/search-official-information-act/download/8513 (Status: 200, Type: application/pdf)
2025-05-03 23:03:21,697 - INFO - [www.transport.govt.nz] Processing PDF: https://www.transport.govt.nz/about-us/what-we-do/search-official-information-act/download/8513
2025-05-03 23:03:22,129 - INFO - Attempted text extraction from PDF (1 pages)
2025-05-03 23:03:22,129 - INFO - [www.transport.govt.nz] Added 4 new unique paragraphs (209 words) from https://www.transport.govt.nz/about-us/what-we-do/search-official-information-act/download/8513. Site words: 207,821. Overall words: 210,081
2025-05-03 23:03:25,132 - INFO - Attempting to fetch: https://www.transport.govt.nz/about-us/what-we-do/search-official-information-act/download/8525
2025-05-03 23:03:26,928 - INFO - Successfully fetched headers for https://www.transport.govt.nz/about-us/what-we-do/search-official-information-act/download/8525 (Status: 200, Type: application/pdf)
2025-05-03 23:03:26,930 - INFO - [www.transport.govt.nz] Processing PDF: https://www.transport.govt.nz/about-us/what-we-do/search-official-information-act/download/8525
2025-05-03 23:03:27,396 - INFO - Attempted text extraction from PDF (2 pages)
2025-05-03 23:03:27,396 - INFO - [www.transport.govt.nz] Added 7 new unique paragraphs (291 words) from https://www.transport.govt.nz/about-us/what-we-do/search-official-information-act/download/8525. Site words: 208,112. Overall words: 210,372
2025-05-03 23:03:30,399 - INFO - Attempting to fetch: https://www.transport.govt.nz/about-us/what-we-do/search-official-information-act/download/8515
2025-05-03 23:03:31,762 - INFO - Successfully fetched headers for https://www.transport.govt.nz/about-us/what-we-do/search-official-information-act/download/8515 (Status: 200, Type: application/pdf)
2025-05-03 23:03:31,778 - INFO - [www.transport.govt.nz] Processing PDF: https://www.transport.govt.nz/about-us/what-we-do/search-official-information-act/download/8515
2025-05-03 23:03:41,590 - INFO - Attempted text extraction from PDF (50 pages)
2025-05-03 23:03:41,595 - INFO - [www.transport.govt.nz] Added 44 new unique paragraphs (10163 words) from https://www.transport.govt.nz/about-us/what-we-do/search-official-information-act/download/8515. Site words: 218,275. Overall words: 220,535
2025-05-03 23:03:44,597 - INFO - Attempting to fetch: https://www.transport.govt.nz/area-of-interest/statistics-and-insights/freight-and-logistics/figs-rail
2025-05-03 23:03:45,953 - ERROR - Request failed for https://www.transport.govt.nz/area-of-interest/statistics-and-insights/freight-and-logistics/figs-rail: 404 Client Error: Not Found for url: https://www.transport.govt.nz/area-of-interest/statistics-and-insights/freight-and-logistics/figs-rail
2025-05-03 23:03:45,954 - WARNING - [www.transport.govt.nz] Fetch failed for https://www.transport.govt.nz/area-of-interest/statistics-and-insights/freight-and-logistics/figs-rail, skipping.
2025-05-03 23:03:47,462 - INFO - Attempting to fetch: https://www.transport.govt.nz/area-of-interest/freight-and-logistics/new-zealand-freight-and-supply-chain-strategy
2025-05-03 23:03:51,186 - INFO - Successfully fetched headers for https://www.transport.govt.nz/area-of-interest/freight-and-logistics/new-zealand-freight-and-supply-chain-strategy (Status: 200, Type: text/html; charset=utf-8)
2025-05-03 23:03:51,187 - INFO - [www.transport.govt.nz] Processing HTML: https://www.transport.govt.nz/area-of-interest/freight-and-logistics/new-zealand-freight-and-supply-chain-strategy
2025-05-03 23:03:51,396 - INFO - [www.transport.govt.nz] Added 69 new unique paragraphs (873 words) from https://www.transport.govt.nz/area-of-interest/freight-and-logistics/new-zealand-freight-and-supply-chain-strategy. Site words: 219,148. Overall words: 221,408
2025-05-03 23:03:54,413 - INFO - Attempting to fetch: https://www.transport.govt.nz/area-of-interest/freight-and-logistics/assessment-of-the-long-term-requirements-for-a-resilient-cook-strait-connection
2025-05-03 23:03:56,197 - INFO - Successfully fetched headers for https://www.transport.govt.nz/area-of-interest/freight-and-logistics/assessment-of-the-long-term-requirements-for-a-resilient-cook-strait-connection (Status: 200, Type: text/html; charset=utf-8)
2025-05-03 23:03:56,197 - INFO - [www.transport.govt.nz] Processing HTML: https://www.transport.govt.nz/area-of-interest/freight-and-logistics/assessment-of-the-long-term-requirements-for-a-resilient-cook-strait-connection
2025-05-03 23:03:56,391 - INFO - [www.transport.govt.nz] Added 7 new unique paragraphs (169 words) from https://www.transport.govt.nz/area-of-interest/freight-and-logistics/assessment-of-the-long-term-requirements-for-a-resilient-cook-strait-connection. Site words: 219,317. Overall words: 221,577
2025-05-03 23:03:59,393 - INFO - Attempting to fetch: https://www.transport.govt.nz/area-of-interest/freight-and-logistics/review-of-vehicle-dimensions-and-mass
2025-05-03 23:04:02,760 - INFO - Successfully fetched headers for https://www.transport.govt.nz/area-of-interest/freight-and-logistics/review-of-vehicle-dimensions-and-mass (Status: 200, Type: text/html; charset=utf-8)
2025-05-03 23:04:02,762 - INFO - [www.transport.govt.nz] Processing HTML: https://www.transport.govt.nz/area-of-interest/freight-and-logistics/review-of-vehicle-dimensions-and-mass
2025-05-03 23:04:03,045 - INFO - [www.transport.govt.nz] Added 35 new unique paragraphs (777 words) from https://www.transport.govt.nz/area-of-interest/freight-and-logistics/review-of-vehicle-dimensions-and-mass. Site words: 220,094. Overall words: 222,354
2025-05-03 23:04:06,060 - INFO - Attempting to fetch: https://www.transport.govt.nz/statistics-and-insights/safety-road-deaths/death-on-nz-roads-since-1921/inner
2025-05-03 23:04:09,846 - INFO - Successfully fetched headers for https://www.transport.govt.nz/statistics-and-insights/safety-road-deaths/death-on-nz-roads-since-1921/inner (Status: 200, Type: text/html; charset=utf-8)
2025-05-03 23:04:09,846 - INFO - [www.transport.govt.nz] Processing HTML: https://www.transport.govt.nz/statistics-and-insights/safety-road-deaths/death-on-nz-roads-since-1921/inner
2025-05-03 23:04:10,032 - INFO - [www.transport.govt.nz] Added 1 new unique paragraphs (6 words) from https://www.transport.govt.nz/statistics-and-insights/safety-road-deaths/death-on-nz-roads-since-1921/inner. Site words: 220,100. Overall words: 222,360
2025-05-03 23:04:13,036 - INFO - Attempting to fetch: https://www.transport.govt.nz/statistics-and-insights/safety-road-deaths/year-to-date-road-deaths/inner
2025-05-03 23:04:17,711 - INFO - Successfully fetched headers for https://www.transport.govt.nz/statistics-and-insights/safety-road-deaths/year-to-date-road-deaths/inner (Status: 200, Type: text/html; charset=utf-8)
2025-05-03 23:04:17,711 - INFO - [www.transport.govt.nz] Processing HTML: https://www.transport.govt.nz/statistics-and-insights/safety-road-deaths/year-to-date-road-deaths/inner
2025-05-03 23:04:20,888 - INFO - Attempting to fetch: https://www.transport.govt.nz/statistics-and-insights/safety-road-deaths/sheet/year-to-date-road-deaths
2025-05-03 23:04:30,198 - INFO - Successfully fetched headers for https://www.transport.govt.nz/statistics-and-insights/safety-road-deaths/sheet/year-to-date-road-deaths (Status: 200, Type: text/html; charset=utf-8)
2025-05-03 23:04:30,198 - INFO - [www.transport.govt.nz] Processing HTML: https://www.transport.govt.nz/statistics-and-insights/safety-road-deaths/sheet/year-to-date-road-deaths
2025-05-03 23:04:33,367 - INFO - Attempting to fetch: https://www.transport.govt.nz/statistics-and-insights/safety-road-deaths/holiday-periods/inner
2025-05-03 23:04:36,945 - INFO - Successfully fetched headers for https://www.transport.govt.nz/statistics-and-insights/safety-road-deaths/holiday-periods/inner (Status: 200, Type: text/html; charset=utf-8)
2025-05-03 23:04:36,945 - INFO - [www.transport.govt.nz] Processing HTML: https://www.transport.govt.nz/statistics-and-insights/safety-road-deaths/holiday-periods/inner
2025-05-03 23:04:37,179 - INFO - [www.transport.govt.nz] Added 4 new unique paragraphs (80 words) from https://www.transport.govt.nz/statistics-and-insights/safety-road-deaths/holiday-periods/inner. Site words: 220,180. Overall words: 222,440
2025-05-03 23:04:40,188 - INFO - Attempting to fetch: https://www.transport.govt.nz/statistics-and-insights/safety-road-deaths/provisional-road-deaths/inner
2025-05-03 23:04:43,220 - INFO - Successfully fetched headers for https://www.transport.govt.nz/statistics-and-insights/safety-road-deaths/provisional-road-deaths/inner (Status: 200, Type: text/html; charset=utf-8)
2025-05-03 23:04:43,221 - INFO - [www.transport.govt.nz] Processing HTML: https://www.transport.govt.nz/statistics-and-insights/safety-road-deaths/provisional-road-deaths/inner
2025-05-03 23:04:43,398 - INFO - [www.transport.govt.nz] Added 1 new unique paragraphs (45 words) from https://www.transport.govt.nz/statistics-and-insights/safety-road-deaths/provisional-road-deaths/inner. Site words: 220,225. Overall words: 222,485
2025-05-03 23:04:46,400 - INFO - Attempting to fetch: https://www.transport.govt.nz/assets/Uploads/Iwi-Council-fact-sheet-general-public.pdf
2025-05-03 23:04:47,228 - INFO - Successfully fetched headers for https://www.transport.govt.nz/assets/Uploads/Iwi-Council-fact-sheet-general-public.pdf (Status: 200, Type: application/pdf)
2025-05-03 23:04:47,228 - INFO - [www.transport.govt.nz] Processing PDF: https://www.transport.govt.nz/assets/Uploads/Iwi-Council-fact-sheet-general-public.pdf
2025-05-03 23:04:47,944 - INFO - Attempted text extraction from PDF (3 pages)
2025-05-03 23:04:47,944 - INFO - [www.transport.govt.nz] Added 3 new unique paragraphs (1267 words) from https://www.transport.govt.nz/assets/Uploads/Iwi-Council-fact-sheet-general-public.pdf. Site words: 221,492. Overall words: 223,752
2025-05-03 23:04:50,954 - INFO - Attempting to fetch: https://www.transport.govt.nz/assets/Uploads/OiC-Engagement-Document.pdf
2025-05-03 23:04:51,782 - INFO - Successfully fetched headers for https://www.transport.govt.nz/assets/Uploads/OiC-Engagement-Document.pdf (Status: 200, Type: application/pdf)
2025-05-03 23:04:51,782 - INFO - [www.transport.govt.nz] Processing PDF: https://www.transport.govt.nz/assets/Uploads/OiC-Engagement-Document.pdf
2025-05-03 23:04:53,161 - INFO - Attempted text extraction from PDF (18 pages)
2025-05-03 23:04:53,161 - INFO - [www.transport.govt.nz] Added 44 new unique paragraphs (4117 words) from https://www.transport.govt.nz/assets/Uploads/OiC-Engagement-Document.pdf. Site words: 225,609. Overall words: 227,869
2025-05-03 23:04:56,176 - INFO - Attempting to fetch: https://www.transport.govt.nz/assets/Uploads/Iwi-Council-fact-sheet-longer-more-information.pdf
2025-05-03 23:04:57,005 - INFO - Successfully fetched headers for https://www.transport.govt.nz/assets/Uploads/Iwi-Council-fact-sheet-longer-more-information.pdf (Status: 200, Type: application/pdf)
2025-05-03 23:04:57,007 - INFO - [www.transport.govt.nz] Processing PDF: https://www.transport.govt.nz/assets/Uploads/Iwi-Council-fact-sheet-longer-more-information.pdf
2025-05-03 23:04:57,644 - INFO - Attempted text extraction from PDF (5 pages)
2025-05-03 23:04:57,644 - INFO - [www.transport.govt.nz] Added 7 new unique paragraphs (2274 words) from https://www.transport.govt.nz/assets/Uploads/Iwi-Council-fact-sheet-longer-more-information.pdf. Site words: 227,883. Overall words: 230,143
2025-05-03 23:05:00,652 - INFO - Attempting to fetch: https://www.transport.govt.nz/area-of-interest/revenue/review-of-fuel-refunds-and-rebates
2025-05-03 23:05:11,040 - INFO - Successfully fetched headers for https://www.transport.govt.nz/area-of-interest/revenue/review-of-fuel-refunds-and-rebates (Status: 200, Type: text/html; charset=utf-8)
2025-05-03 23:05:11,042 - INFO - [www.transport.govt.nz] Processing HTML: https://www.transport.govt.nz/area-of-interest/revenue/review-of-fuel-refunds-and-rebates
2025-05-03 23:05:11,260 - INFO - [www.transport.govt.nz] Added 42 new unique paragraphs (856 words) from https://www.transport.govt.nz/area-of-interest/revenue/review-of-fuel-refunds-and-rebates. Site words: 228,739. Overall words: 230,999
2025-05-03 23:05:14,265 - INFO - Attempting to fetch: https://www.transport.govt.nz/area-of-interest/revenue/future-of-the-transport-revenue-system
2025-05-03 23:05:22,697 - INFO - Successfully fetched headers for https://www.transport.govt.nz/area-of-interest/revenue/future-of-the-transport-revenue-system (Status: 200, Type: text/html; charset=utf-8)
2025-05-03 23:05:22,698 - INFO - [www.transport.govt.nz] Processing HTML: https://www.transport.govt.nz/area-of-interest/revenue/future-of-the-transport-revenue-system
2025-05-03 23:05:22,877 - INFO - [www.transport.govt.nz] Added 20 new unique paragraphs (505 words) from https://www.transport.govt.nz/area-of-interest/revenue/future-of-the-transport-revenue-system. Site words: 229,244. Overall words: 231,504
2025-05-03 23:05:25,890 - INFO - Attempting to fetch: https://www.transport.govt.nz/area-of-interest/revenue/land-transport-revenue-stakeholder-reference-group
2025-05-03 23:05:28,728 - INFO - Successfully fetched headers for https://www.transport.govt.nz/area-of-interest/revenue/land-transport-revenue-stakeholder-reference-group (Status: 200, Type: text/html; charset=utf-8)
2025-05-03 23:05:28,743 - INFO - [www.transport.govt.nz] Processing HTML: https://www.transport.govt.nz/area-of-interest/revenue/land-transport-revenue-stakeholder-reference-group
2025-05-03 23:05:28,927 - INFO - [www.transport.govt.nz] Added 10 new unique paragraphs (119 words) from https://www.transport.govt.nz/area-of-interest/revenue/land-transport-revenue-stakeholder-reference-group. Site words: 229,363. Overall words: 231,623
2025-05-03 23:05:31,935 - INFO - Attempting to fetch: https://www.transport.govt.nz/area-of-interest/revenue/road-user-charges-system
2025-05-03 23:05:34,507 - INFO - Successfully fetched headers for https://www.transport.govt.nz/area-of-interest/revenue/road-user-charges-system (Status: 200, Type: text/html; charset=utf-8)
2025-05-03 23:05:34,509 - INFO - [www.transport.govt.nz] Processing HTML: https://www.transport.govt.nz/area-of-interest/revenue/road-user-charges-system
2025-05-03 23:05:34,743 - INFO - [www.transport.govt.nz] Added 61 new unique paragraphs (1186 words) from https://www.transport.govt.nz/area-of-interest/revenue/road-user-charges-system. Site words: 230,549. Overall words: 232,809
2025-05-03 23:05:37,757 - INFO - Attempting to fetch: https://www.transport.govt.nz/area-of-interest/revenue/rates-of-petrol-excise-duty-and-road-user-charges
2025-05-03 23:05:52,585 - INFO - Successfully fetched headers for https://www.transport.govt.nz/area-of-interest/revenue/rates-of-petrol-excise-duty-and-road-user-charges (Status: 200, Type: text/html; charset=utf-8)
2025-05-03 23:05:52,585 - INFO - [www.transport.govt.nz] Processing HTML: https://www.transport.govt.nz/area-of-interest/revenue/rates-of-petrol-excise-duty-and-road-user-charges
2025-05-03 23:05:52,876 - INFO - [www.transport.govt.nz] Added 87 new unique paragraphs (1707 words) from https://www.transport.govt.nz/area-of-interest/revenue/rates-of-petrol-excise-duty-and-road-user-charges. Site words: 232,256. Overall words: 234,516
2025-05-03 23:05:55,887 - INFO - Attempting to fetch: https://www.transport.govt.nz/area-of-interest/revenue/time-of-use-schemes
2025-05-03 23:06:00,660 - INFO - Successfully fetched headers for https://www.transport.govt.nz/area-of-interest/revenue/time-of-use-schemes (Status: 200, Type: text/html; charset=utf-8)
2025-05-03 23:06:00,660 - INFO - [www.transport.govt.nz] Processing HTML: https://www.transport.govt.nz/area-of-interest/revenue/time-of-use-schemes
2025-05-03 23:06:00,896 - INFO - [www.transport.govt.nz] Added 15 new unique paragraphs (389 words) from https://www.transport.govt.nz/area-of-interest/revenue/time-of-use-schemes. Site words: 232,645. Overall words: 234,905
2025-05-03 23:06:03,898 - INFO - Attempting to fetch: https://www.transport.govt.nz/area-of-interest/public-transport/supergold-card-scheme
2025-05-03 23:06:11,643 - INFO - Successfully fetched headers for https://www.transport.govt.nz/area-of-interest/public-transport/supergold-card-scheme (Status: 200, Type: text/html; charset=utf-8)
2025-05-03 23:06:11,643 - INFO - [www.transport.govt.nz] Processing HTML: https://www.transport.govt.nz/area-of-interest/public-transport/supergold-card-scheme
2025-05-03 23:06:11,860 - INFO - [www.transport.govt.nz] Added 41 new unique paragraphs (899 words) from https://www.transport.govt.nz/area-of-interest/public-transport/supergold-card-scheme. Site words: 233,544. Overall words: 235,804
2025-05-03 23:06:14,865 - INFO - Attempting to fetch: https://www.transport.govt.nz/area-of-interest/statistics-and-insights/household-travel/key-facts
2025-05-03 23:06:19,543 - ERROR - Request failed for https://www.transport.govt.nz/area-of-interest/statistics-and-insights/household-travel/key-facts: 404 Client Error: Not Found for url: https://www.transport.govt.nz/area-of-interest/statistics-and-insights/household-travel/key-facts
2025-05-03 23:06:19,560 - WARNING - [www.transport.govt.nz] Fetch failed for https://www.transport.govt.nz/area-of-interest/statistics-and-insights/household-travel/key-facts, skipping.
2025-05-03 23:06:21,062 - INFO - Attempting to fetch: https://www.transport.govt.nz/area-of-interest/strategy-and-direction/public-transport-2045
2025-05-03 23:06:23,510 - INFO - Successfully fetched headers for https://www.transport.govt.nz/area-of-interest/strategy-and-direction/public-transport-2045 (Status: 200, Type: text/html; charset=utf-8)
2025-05-03 23:06:23,510 - INFO - [www.transport.govt.nz] Processing HTML: https://www.transport.govt.nz/area-of-interest/strategy-and-direction/public-transport-2045
2025-05-03 23:06:23,709 - INFO - [www.transport.govt.nz] Added 43 new unique paragraphs (935 words) from https://www.transport.govt.nz/area-of-interest/strategy-and-direction/public-transport-2045. Site words: 234,479. Overall words: 236,739
2025-05-03 23:06:26,711 - INFO - Attempting to fetch: https://www.transport.govt.nz/area-of-interest/public-transport/community-connect
2025-05-03 23:06:30,033 - INFO - Successfully fetched headers for https://www.transport.govt.nz/area-of-interest/public-transport/community-connect (Status: 200, Type: text/html; charset=utf-8)
2025-05-03 23:06:30,035 - INFO - [www.transport.govt.nz] Processing HTML: https://www.transport.govt.nz/area-of-interest/public-transport/community-connect
2025-05-03 23:06:30,297 - INFO - [www.transport.govt.nz] Added 12 new unique paragraphs (158 words) from https://www.transport.govt.nz/area-of-interest/public-transport/community-connect. Site words: 234,637. Overall words: 236,897
2025-05-03 23:06:33,298 - INFO - Attempting to fetch: https://www.transport.govt.nz/area-of-interest/public-transport/public-transport-operating-model
2025-05-03 23:06:37,792 - INFO - Successfully fetched headers for https://www.transport.govt.nz/area-of-interest/public-transport/public-transport-operating-model (Status: 200, Type: text/html; charset=utf-8)
2025-05-03 23:06:37,795 - INFO - [www.transport.govt.nz] Processing HTML: https://www.transport.govt.nz/area-of-interest/public-transport/public-transport-operating-model
2025-05-03 23:06:38,043 - INFO - [www.transport.govt.nz] Added 50 new unique paragraphs (1236 words) from https://www.transport.govt.nz/area-of-interest/public-transport/public-transport-operating-model. Site words: 235,873. Overall words: 238,133
2025-05-03 23:06:41,045 - INFO - Attempting to fetch: https://www.transport.govt.nz/about-us/work-for-us/gender-pay-analysis-and-action-plan
2025-05-03 23:06:42,918 - INFO - Successfully fetched headers for https://www.transport.govt.nz/about-us/work-for-us/gender-pay-analysis-and-action-plan (Status: 200, Type: text/html; charset=utf-8)
2025-05-03 23:06:42,920 - INFO - [www.transport.govt.nz] Processing HTML: https://www.transport.govt.nz/about-us/work-for-us/gender-pay-analysis-and-action-plan
2025-05-03 23:06:43,099 - INFO - [www.transport.govt.nz] No new paragraphs extracted or passed cleaning for https://www.transport.govt.nz/about-us/work-for-us/gender-pay-analysis-and-action-plan
2025-05-03 23:06:46,102 - INFO - Attempting to fetch: https://www.transport.govt.nz/about-us/work-for-us/meet-our-people
2025-05-03 23:06:48,284 - INFO - Successfully fetched headers for https://www.transport.govt.nz/about-us/work-for-us/meet-our-people (Status: 200, Type: text/html; charset=utf-8)
2025-05-03 23:06:48,284 - INFO - [www.transport.govt.nz] Processing HTML: https://www.transport.govt.nz/about-us/work-for-us/meet-our-people
2025-05-03 23:06:48,442 - INFO - [www.transport.govt.nz] Added 20 new unique paragraphs (811 words) from https://www.transport.govt.nz/about-us/work-for-us/meet-our-people. Site words: 236,684. Overall words: 238,944
2025-05-03 23:06:51,458 - INFO - Attempting to fetch: https://www.transport.govt.nz/about-us/work-for-us/join-the-ministry
2025-05-03 23:06:53,301 - INFO - Successfully fetched headers for https://www.transport.govt.nz/about-us/work-for-us/join-the-ministry (Status: 200, Type: text/html; charset=utf-8)
2025-05-03 23:06:53,302 - INFO - [www.transport.govt.nz] Processing HTML: https://www.transport.govt.nz/about-us/work-for-us/join-the-ministry
2025-05-03 23:06:53,507 - INFO - [www.transport.govt.nz] Added 4 new unique paragraphs (169 words) from https://www.transport.govt.nz/about-us/work-for-us/join-the-ministry. Site words: 236,853. Overall words: 239,113
2025-05-03 23:06:56,510 - INFO - Attempting to fetch: http://www.transport.govt.nz
2025-05-03 23:07:00,115 - INFO - Successfully fetched headers for http://www.transport.govt.nz (Status: 200, Type: text/html; charset=utf-8)
2025-05-03 23:07:00,117 - INFO - [www.transport.govt.nz] Processing HTML: http://www.transport.govt.nz
2025-05-03 23:07:03,323 - INFO - Attempting to fetch: https://www.transport.govt.nz/assets/Uploads/GPS-2024-Frequently-asked-questions-June-2024.pdf
2025-05-03 23:07:03,860 - INFO - Successfully fetched headers for https://www.transport.govt.nz/assets/Uploads/GPS-2024-Frequently-asked-questions-June-2024.pdf (Status: 200, Type: application/pdf)
2025-05-03 23:07:03,862 - INFO - [www.transport.govt.nz] Processing PDF: https://www.transport.govt.nz/assets/Uploads/GPS-2024-Frequently-asked-questions-June-2024.pdf
2025-05-03 23:07:06,108 - INFO - Attempted text extraction from PDF (8 pages)
2025-05-03 23:07:06,109 - INFO - [www.transport.govt.nz] Added 12 new unique paragraphs (3251 words) from https://www.transport.govt.nz/assets/Uploads/GPS-2024-Frequently-asked-questions-June-2024.pdf. Site words: 240,104. Overall words: 242,364
2025-05-03 23:07:09,112 - INFO - Attempting to fetch: https://www.transport.govt.nz/assets/Uploads/GPS-2024-At-a-glance.pdf
2025-05-03 23:07:09,643 - INFO - Successfully fetched headers for https://www.transport.govt.nz/assets/Uploads/GPS-2024-At-a-glance.pdf (Status: 200, Type: application/pdf)
2025-05-03 23:07:09,643 - INFO - [www.transport.govt.nz] Processing PDF: https://www.transport.govt.nz/assets/Uploads/GPS-2024-At-a-glance.pdf
2025-05-03 23:07:10,394 - INFO - Attempted text extraction from PDF (2 pages)
2025-05-03 23:07:10,396 - INFO - [www.transport.govt.nz] Added 2 new unique paragraphs (1190 words) from https://www.transport.govt.nz/assets/Uploads/GPS-2024-At-a-glance.pdf. Site words: 241,294. Overall words: 243,554
2025-05-03 23:07:13,397 - INFO - Attempting to fetch: https://www.transport.govt.nz/assets/Uploads/A3-Draft-GPS-2024.pdf
2025-05-03 23:07:14,226 - INFO - Successfully fetched headers for https://www.transport.govt.nz/assets/Uploads/A3-Draft-GPS-2024.pdf (Status: 200, Type: application/pdf)
2025-05-03 23:07:14,226 - INFO - [www.transport.govt.nz] Processing PDF: https://www.transport.govt.nz/assets/Uploads/A3-Draft-GPS-2024.pdf
2025-05-03 23:07:19,968 - INFO - Attempted text extraction from PDF (2 pages)
2025-05-03 23:07:19,970 - INFO - [www.transport.govt.nz] Added 121 new unique paragraphs (884 words) from https://www.transport.govt.nz/assets/Uploads/A3-Draft-GPS-2024.pdf. Site words: 242,178. Overall words: 244,438
2025-05-03 23:07:22,972 - INFO - Attempting to fetch: https://www.transport.govt.nz/assets/Uploads/GPS-2024-Frequently-Asked-Questions.pdf
2025-05-03 23:07:23,860 - INFO - Successfully fetched headers for https://www.transport.govt.nz/assets/Uploads/GPS-2024-Frequently-Asked-Questions.pdf (Status: 200, Type: application/pdf)
2025-05-03 23:07:23,861 - INFO - [www.transport.govt.nz] Processing PDF: https://www.transport.govt.nz/assets/Uploads/GPS-2024-Frequently-Asked-Questions.pdf
2025-05-03 23:07:24,775 - INFO - Attempted text extraction from PDF (10 pages)
2025-05-03 23:07:24,775 - INFO - [www.transport.govt.nz] Added 8 new unique paragraphs (4223 words) from https://www.transport.govt.nz/assets/Uploads/GPS-2024-Frequently-Asked-Questions.pdf. Site words: 246,401. Overall words: 248,661
2025-05-03 23:07:27,783 - INFO - Attempting to fetch: https://www.transport.govt.nz/area-of-interest/strategy-and-direction/review-of-the-total-mobility-scheme
2025-05-03 23:07:29,778 - INFO - Successfully fetched headers for https://www.transport.govt.nz/area-of-interest/strategy-and-direction/review-of-the-total-mobility-scheme (Status: 200, Type: text/html; charset=utf-8)
2025-05-03 23:07:29,779 - INFO - [www.transport.govt.nz] Processing HTML: https://www.transport.govt.nz/area-of-interest/strategy-and-direction/review-of-the-total-mobility-scheme
2025-05-03 23:07:29,964 - INFO - [www.transport.govt.nz] Added 36 new unique paragraphs (626 words) from https://www.transport.govt.nz/area-of-interest/strategy-and-direction/review-of-the-total-mobility-scheme. Site words: 247,027. Overall words: 249,287
2025-05-03 23:07:32,967 - INFO - Attempting to fetch: https://www.transport.govt.nz/assets/Uploads/Signalling-GPS24-Indicative-strategic-priorities-Engagement-Paper-FINAL.pdf
2025-05-03 23:07:33,800 - INFO - Successfully fetched headers for https://www.transport.govt.nz/assets/Uploads/Signalling-GPS24-Indicative-strategic-priorities-Engagement-Paper-FINAL.pdf (Status: 200, Type: application/pdf)
2025-05-03 23:07:33,801 - INFO - [www.transport.govt.nz] Processing PDF: https://www.transport.govt.nz/assets/Uploads/Signalling-GPS24-Indicative-strategic-priorities-Engagement-Paper-FINAL.pdf
2025-05-03 23:07:35,170 - INFO - Attempted text extraction from PDF (13 pages)
2025-05-03 23:07:35,172 - INFO - [www.transport.govt.nz] Added 23 new unique paragraphs (3128 words) from https://www.transport.govt.nz/assets/Uploads/Signalling-GPS24-Indicative-strategic-priorities-Engagement-Paper-FINAL.pdf. Site words: 250,155. Overall words: 252,415
2025-05-03 23:07:38,174 - INFO - Attempting to fetch: https://www.transport.govt.nz/assets/Uploads/GPS-on-land-transport-2024-Consultation-4-March-2023-.pdf
2025-05-03 23:07:39,046 - INFO - Successfully fetched headers for https://www.transport.govt.nz/assets/Uploads/GPS-on-land-transport-2024-Consultation-4-March-2023-.pdf (Status: 200, Type: application/pdf)
2025-05-03 23:07:39,047 - INFO - [www.transport.govt.nz] Processing PDF: https://www.transport.govt.nz/assets/Uploads/GPS-on-land-transport-2024-Consultation-4-March-2023-.pdf
2025-05-03 23:07:43,183 - INFO - Attempted text extraction from PDF (43 pages)
2025-05-03 23:07:43,195 - INFO - [www.transport.govt.nz] Added 65 new unique paragraphs (14998 words) from https://www.transport.govt.nz/assets/Uploads/GPS-on-land-transport-2024-Consultation-4-March-2023-.pdf. Site words: 265,153. Overall words: 267,413
2025-05-03 23:07:46,198 - INFO - Attempting to fetch: https://www.transport.govt.nz/area-of-interest/strategy-and-direction/effective-transport-financial-penalties
2025-05-03 23:07:47,426 - INFO - Successfully fetched headers for https://www.transport.govt.nz/area-of-interest/strategy-and-direction/effective-transport-financial-penalties (Status: 200, Type: text/html; charset=utf-8)
2025-05-03 23:07:47,441 - INFO - [www.transport.govt.nz] Processing HTML: https://www.transport.govt.nz/area-of-interest/strategy-and-direction/effective-transport-financial-penalties
2025-05-03 23:07:47,608 - INFO - [www.transport.govt.nz] Added 8 new unique paragraphs (254 words) from https://www.transport.govt.nz/area-of-interest/strategy-and-direction/effective-transport-financial-penalties. Site words: 265,407. Overall words: 267,667
2025-05-03 23:07:50,620 - INFO - Attempting to fetch: https://www.transport.govt.nz/assets/Uploads/FAQs_-_indicative_strategic_priorities.pdf
2025-05-03 23:07:51,444 - INFO - Successfully fetched headers for https://www.transport.govt.nz/assets/Uploads/FAQs_-_indicative_strategic_priorities.pdf (Status: 200, Type: application/pdf)
2025-05-03 23:07:51,446 - INFO - [www.transport.govt.nz] Processing PDF: https://www.transport.govt.nz/assets/Uploads/FAQs_-_indicative_strategic_priorities.pdf
2025-05-03 23:07:52,041 - INFO - Attempted text extraction from PDF (5 pages)
2025-05-03 23:07:52,041 - INFO - [www.transport.govt.nz] Added 9 new unique paragraphs (1418 words) from https://www.transport.govt.nz/assets/Uploads/FAQs_-_indicative_strategic_priorities.pdf. Site words: 266,825. Overall words: 269,085
2025-05-03 23:07:55,044 - INFO - Attempting to fetch: https://www.transport.govt.nz/assets/Uploads/Draft-Government-Policy-Statement-on-land-transport-2024.pdf
2025-05-03 23:07:56,033 - INFO - Successfully fetched headers for https://www.transport.govt.nz/assets/Uploads/Draft-Government-Policy-Statement-on-land-transport-2024.pdf (Status: 200, Type: application/pdf)
2025-05-03 23:07:56,033 - INFO - [www.transport.govt.nz] Processing PDF: https://www.transport.govt.nz/assets/Uploads/Draft-Government-Policy-Statement-on-land-transport-2024.pdf
2025-05-03 23:08:45,759 - INFO - Attempted text extraction from PDF (76 pages)
2025-05-03 23:08:45,773 - INFO - [www.transport.govt.nz] Added 4 new unique paragraphs (22910 words) from https://www.transport.govt.nz/assets/Uploads/Draft-Government-Policy-Statement-on-land-transport-2024.pdf. Site words: 289,735. Overall words: 291,995
2025-05-03 23:08:48,775 - INFO - Attempting to fetch: https://www.transport.govt.nz/assets/Uploads/Government-Policy-Statement-on-land-transport-2024-FINAL.pdf
2025-05-03 23:08:49,925 - INFO - Successfully fetched headers for https://www.transport.govt.nz/assets/Uploads/Government-Policy-Statement-on-land-transport-2024-FINAL.pdf (Status: 200, Type: application/pdf)
2025-05-03 23:08:49,925 - INFO - [www.transport.govt.nz] Processing PDF: https://www.transport.govt.nz/assets/Uploads/Government-Policy-Statement-on-land-transport-2024-FINAL.pdf
2025-05-03 23:08:55,541 - INFO - Attempted text extraction from PDF (49 pages)
2025-05-03 23:08:55,561 - INFO - [www.transport.govt.nz] Added 69 new unique paragraphs (17891 words) from https://www.transport.govt.nz/assets/Uploads/Government-Policy-Statement-on-land-transport-2024-FINAL.pdf. Site words: 307,626. Overall words: 309,886
2025-05-03 23:08:58,563 - INFO - Attempting to fetch: https://www.transport.govt.nz/area-of-interest/strategy-and-direction/a-transport-system-for-aotearoa
2025-05-03 23:09:00,466 - INFO - Successfully fetched headers for https://www.transport.govt.nz/area-of-interest/strategy-and-direction/a-transport-system-for-aotearoa (Status: 200, Type: text/html; charset=utf-8)
2025-05-03 23:09:00,467 - INFO - [www.transport.govt.nz] Processing HTML: https://www.transport.govt.nz/area-of-interest/strategy-and-direction/a-transport-system-for-aotearoa
2025-05-03 23:09:00,660 - INFO - [www.transport.govt.nz] Added 9 new unique paragraphs (232 words) from https://www.transport.govt.nz/area-of-interest/strategy-and-direction/a-transport-system-for-aotearoa. Site words: 307,858. Overall words: 310,118
2025-05-03 23:09:03,662 - INFO - Attempting to fetch: https://www.transport.govt.nz/assets/Uploads/Draft-GPS-2024-at-a-glance-March-2024.pdf
2025-05-03 23:09:04,474 - INFO - Successfully fetched headers for https://www.transport.govt.nz/assets/Uploads/Draft-GPS-2024-at-a-glance-March-2024.pdf (Status: 200, Type: application/pdf)
2025-05-03 23:09:04,490 - INFO - [www.transport.govt.nz] Processing PDF: https://www.transport.govt.nz/assets/Uploads/Draft-GPS-2024-at-a-glance-March-2024.pdf
2025-05-03 23:09:05,457 - INFO - Attempted text extraction from PDF (2 pages)
2025-05-03 23:09:05,458 - INFO - [www.transport.govt.nz] Added 1 new unique paragraphs (1180 words) from https://www.transport.govt.nz/assets/Uploads/Draft-GPS-2024-at-a-glance-March-2024.pdf. Site words: 309,038. Overall words: 311,298
2025-05-03 23:09:08,460 - INFO - Attempting to fetch: https://www.transport.govt.nz/assets/Uploads/Cabinet-paper_Draft-GPS-2024_Proactive-Release.pdf
2025-05-03 23:09:09,274 - INFO - Successfully fetched headers for https://www.transport.govt.nz/assets/Uploads/Cabinet-paper_Draft-GPS-2024_Proactive-Release.pdf (Status: 200, Type: application/pdf)
2025-05-03 23:09:09,274 - INFO - [www.transport.govt.nz] Processing PDF: https://www.transport.govt.nz/assets/Uploads/Cabinet-paper_Draft-GPS-2024_Proactive-Release.pdf
2025-05-03 23:09:15,073 - INFO - Attempted text extraction from PDF (28 pages)
2025-05-03 23:09:15,075 - INFO - [www.transport.govt.nz] Added 1 new unique paragraphs (6 words) from https://www.transport.govt.nz/assets/Uploads/Cabinet-paper_Draft-GPS-2024_Proactive-Release.pdf. Site words: 309,044. Overall words: 311,304
2025-05-03 23:09:18,077 - INFO - Attempting to fetch: https://www.transport.govt.nz/assets/Uploads/Draft-GPS-public-FAQ.pdf
2025-05-03 23:09:18,924 - INFO - Successfully fetched headers for https://www.transport.govt.nz/assets/Uploads/Draft-GPS-public-FAQ.pdf (Status: 200, Type: application/pdf)
2025-05-03 23:09:18,924 - INFO - [www.transport.govt.nz] Processing PDF: https://www.transport.govt.nz/assets/Uploads/Draft-GPS-public-FAQ.pdf
2025-05-03 23:09:20,257 - INFO - Attempted text extraction from PDF (6 pages)
2025-05-03 23:09:20,259 - INFO - [www.transport.govt.nz] Added 47 new unique paragraphs (2171 words) from https://www.transport.govt.nz/assets/Uploads/Draft-GPS-public-FAQ.pdf. Site words: 311,215. Overall words: 313,475
2025-05-03 23:09:23,260 - INFO - Attempting to fetch: https://www.transport.govt.nz/assets/Uploads/MOT-4524-GPS-at-a-glance-2022_P1_V3_removed.pdf
2025-05-03 23:09:24,212 - INFO - Successfully fetched headers for https://www.transport.govt.nz/assets/Uploads/MOT-4524-GPS-at-a-glance-2022_P1_V3_removed.pdf (Status: 200, Type: application/pdf)
2025-05-03 23:09:24,213 - INFO - [www.transport.govt.nz] Processing PDF: https://www.transport.govt.nz/assets/Uploads/MOT-4524-GPS-at-a-glance-2022_P1_V3_removed.pdf
2025-05-03 23:09:26,940 - INFO - Attempted text extraction from PDF (1 pages)
2025-05-03 23:09:26,940 - INFO - [www.transport.govt.nz] Added 63 new unique paragraphs (407 words) from https://www.transport.govt.nz/assets/Uploads/MOT-4524-GPS-at-a-glance-2022_P1_V3_removed.pdf. Site words: 311,622. Overall words: 313,882
2025-05-03 23:09:29,945 - INFO - Attempting to fetch: https://www.transport.govt.nz/area-of-interest/strategy-and-direction/strategic-policy-projects
2025-05-03 23:09:34,741 - INFO - Successfully fetched headers for https://www.transport.govt.nz/area-of-interest/strategy-and-direction/strategic-policy-projects (Status: 200, Type: text/html; charset=utf-8)
2025-05-03 23:09:34,741 - INFO - [www.transport.govt.nz] Processing HTML: https://www.transport.govt.nz/area-of-interest/strategy-and-direction/strategic-policy-projects
2025-05-03 23:09:34,973 - INFO - [www.transport.govt.nz] Added 70 new unique paragraphs (1897 words) from https://www.transport.govt.nz/area-of-interest/strategy-and-direction/strategic-policy-projects. Site words: 313,519. Overall words: 315,779
2025-05-03 23:09:37,983 - INFO - Attempting to fetch: https://www.transport.govt.nz/assets/Uploads/Draft-GPS-Strategic-Investment-Programme-further-information.pdf
2025-05-03 23:09:38,990 - INFO - Successfully fetched headers for https://www.transport.govt.nz/assets/Uploads/Draft-GPS-Strategic-Investment-Programme-further-information.pdf (Status: 200, Type: application/pdf)
2025-05-03 23:09:38,990 - INFO - [www.transport.govt.nz] Processing PDF: https://www.transport.govt.nz/assets/Uploads/Draft-GPS-Strategic-Investment-Programme-further-information.pdf
2025-05-03 23:09:44,570 - INFO - Attempted text extraction from PDF (21 pages)
2025-05-03 23:09:44,573 - INFO - [www.transport.govt.nz] Added 53 new unique paragraphs (3036 words) from https://www.transport.govt.nz/assets/Uploads/Draft-GPS-Strategic-Investment-Programme-further-information.pdf. Site words: 316,555. Overall words: 318,815
2025-05-03 23:09:47,574 - INFO - Attempting to fetch: https://www.transport.govt.nz/area-of-interest/air-transport/civil-aviation-act-2023-comes-into-force
2025-05-03 23:09:49,290 - INFO - Successfully fetched headers for https://www.transport.govt.nz/area-of-interest/air-transport/civil-aviation-act-2023-comes-into-force (Status: 200, Type: text/html; charset=utf-8)
2025-05-03 23:09:49,292 - INFO - [www.transport.govt.nz] Processing HTML: https://www.transport.govt.nz/area-of-interest/air-transport/civil-aviation-act-2023-comes-into-force
2025-05-03 23:09:52,456 - INFO - Attempting to fetch: https://www.transport.govt.nz/about-us/what-we-do/queries/reviewing-a-medical-certificate-decision
2025-05-03 23:09:54,490 - INFO - Successfully fetched headers for https://www.transport.govt.nz/about-us/what-we-do/queries/reviewing-a-medical-certificate-decision (Status: 200, Type: text/html; charset=utf-8)
2025-05-03 23:09:54,490 - INFO - [www.transport.govt.nz] Processing HTML: https://www.transport.govt.nz/about-us/what-we-do/queries/reviewing-a-medical-certificate-decision
2025-05-03 23:09:54,707 - INFO - [www.transport.govt.nz] Added 8 new unique paragraphs (203 words) from https://www.transport.govt.nz/about-us/what-we-do/queries/reviewing-a-medical-certificate-decision. Site words: 316,758. Overall words: 319,018
2025-05-03 23:09:57,712 - INFO - Attempting to fetch: https://www.transport.govt.nz/statistics-and-insights/fleet-statistics/annual-fleet-statistics/inner
2025-05-03 23:10:00,106 - INFO - Successfully fetched headers for https://www.transport.govt.nz/statistics-and-insights/fleet-statistics/annual-fleet-statistics/inner (Status: 200, Type: text/html; charset=utf-8)
2025-05-03 23:10:00,106 - INFO - [www.transport.govt.nz] Processing HTML: https://www.transport.govt.nz/statistics-and-insights/fleet-statistics/annual-fleet-statistics/inner
2025-05-03 23:10:03,292 - INFO - Attempting to fetch: https://www.transport.govt.nz/statistics-and-insights/fleet-statistics/quarterly-fleet-statistics/
2025-05-03 23:10:06,014 - INFO - Successfully fetched headers for https://www.transport.govt.nz/statistics-and-insights/fleet-statistics/quarterly-fleet-statistics/ (Status: 200, Type: text/html; charset=utf-8)
2025-05-03 23:10:06,023 - INFO - [www.transport.govt.nz] Processing HTML: https://www.transport.govt.nz/statistics-and-insights/fleet-statistics/quarterly-fleet-statistics/
2025-05-03 23:10:06,189 - INFO - [www.transport.govt.nz] Added 4 new unique paragraphs (44 words) from https://www.transport.govt.nz/statistics-and-insights/fleet-statistics/quarterly-fleet-statistics/. Site words: 316,802. Overall words: 319,062
2025-05-03 23:10:09,195 - INFO - Attempting to fetch: https://www.transport.govt.nz/statistics-and-insights/fleet-statistics/low-emissions-vehicle-report/inner
2025-05-03 23:10:10,969 - INFO - Successfully fetched headers for https://www.transport.govt.nz/statistics-and-insights/fleet-statistics/low-emissions-vehicle-report/inner (Status: 200, Type: text/html; charset=utf-8)
2025-05-03 23:10:10,970 - INFO - [www.transport.govt.nz] Processing HTML: https://www.transport.govt.nz/statistics-and-insights/fleet-statistics/low-emissions-vehicle-report/inner
2025-05-03 23:10:11,133 - INFO - [www.transport.govt.nz] Added 1 new unique paragraphs (5 words) from https://www.transport.govt.nz/statistics-and-insights/fleet-statistics/low-emissions-vehicle-report/inner. Site words: 316,807. Overall words: 319,067
2025-05-03 23:10:14,141 - INFO - Attempting to fetch: https://www.transport.govt.nz/statistics-and-insights/fleet-statistics/monthly-mv-fleet/inner
2025-05-03 23:10:15,990 - INFO - Successfully fetched headers for https://www.transport.govt.nz/statistics-and-insights/fleet-statistics/monthly-mv-fleet/inner (Status: 200, Type: text/html; charset=utf-8)
2025-05-03 23:10:15,990 - INFO - [www.transport.govt.nz] Processing HTML: https://www.transport.govt.nz/statistics-and-insights/fleet-statistics/monthly-mv-fleet/inner
2025-05-03 23:10:19,235 - INFO - Attempting to fetch: https://www.transport.govt.nz/statistics-and-insights/fleet-statistics/2020-annual-fleet-statistics/
2025-05-03 23:10:22,060 - INFO - Successfully fetched headers for https://www.transport.govt.nz/statistics-and-insights/fleet-statistics/2020-annual-fleet-statistics/ (Status: 200, Type: text/html; charset=utf-8)
2025-05-03 23:10:22,061 - INFO - [www.transport.govt.nz] Processing HTML: https://www.transport.govt.nz/statistics-and-insights/fleet-statistics/2020-annual-fleet-statistics/
2025-05-03 23:10:25,252 - INFO - Attempting to fetch: https://www.transport.govt.nz/statistics-and-insights/fleet-statistics/light-motor-vehicle-registrations/inner
2025-05-03 23:10:26,826 - INFO - Successfully fetched headers for https://www.transport.govt.nz/statistics-and-insights/fleet-statistics/light-motor-vehicle-registrations/inner (Status: 200, Type: text/html; charset=utf-8)
2025-05-03 23:10:26,826 - INFO - [www.transport.govt.nz] Processing HTML: https://www.transport.govt.nz/statistics-and-insights/fleet-statistics/light-motor-vehicle-registrations/inner
2025-05-03 23:10:26,989 - INFO - [www.transport.govt.nz] Added 13 new unique paragraphs (154 words) from https://www.transport.govt.nz/statistics-and-insights/fleet-statistics/light-motor-vehicle-registrations/inner. Site words: 316,961. Overall words: 319,221
2025-05-03 23:10:30,003 - INFO - Attempting to fetch: https://www.transport.govt.nz/statistics-and-insights/fleet-statistics/quarterly-fleet-statistics/inner
2025-05-03 23:10:31,939 - INFO - Successfully fetched headers for https://www.transport.govt.nz/statistics-and-insights/fleet-statistics/quarterly-fleet-statistics/inner (Status: 200, Type: text/html; charset=utf-8)
2025-05-03 23:10:31,939 - INFO - [www.transport.govt.nz] Processing HTML: https://www.transport.govt.nz/statistics-and-insights/fleet-statistics/quarterly-fleet-statistics/inner
2025-05-03 23:10:35,119 - INFO - Attempting to fetch: https://www.transport.govt.nz/statistics-and-insights/fleet-statistics/sheet/monthly-mv-fleet
2025-05-03 23:10:36,839 - INFO - Successfully fetched headers for https://www.transport.govt.nz/statistics-and-insights/fleet-statistics/sheet/monthly-mv-fleet (Status: 200, Type: text/html; charset=utf-8)
2025-05-03 23:10:36,855 - INFO - [www.transport.govt.nz] Processing HTML: https://www.transport.govt.nz/statistics-and-insights/fleet-statistics/sheet/monthly-mv-fleet
2025-05-03 23:10:40,035 - INFO - Attempting to fetch: https://www.transport.govt.nz/statistics-and-insights/fleet-statistics/light-motor-vehicle-registrations-2/inner
2025-05-03 23:10:41,815 - INFO - Successfully fetched headers for https://www.transport.govt.nz/statistics-and-insights/fleet-statistics/light-motor-vehicle-registrations-2/inner (Status: 200, Type: text/html; charset=utf-8)
2025-05-03 23:10:41,815 - INFO - [www.transport.govt.nz] Processing HTML: https://www.transport.govt.nz/statistics-and-insights/fleet-statistics/light-motor-vehicle-registrations-2/inner
2025-05-03 23:10:41,989 - INFO - [www.transport.govt.nz] Added 13 new unique paragraphs (125 words) from https://www.transport.govt.nz/statistics-and-insights/fleet-statistics/light-motor-vehicle-registrations-2/inner. Site words: 317,086. Overall words: 319,346
2025-05-03 23:10:45,001 - INFO - Attempting to fetch: https://www.transport.govt.nz/area-of-interest/technology-and-innovation/drone-forums
2025-05-03 23:10:47,837 - INFO - Successfully fetched headers for https://www.transport.govt.nz/area-of-interest/technology-and-innovation/drone-forums (Status: 200, Type: text/html; charset=utf-8)
2025-05-03 23:10:47,839 - INFO - [www.transport.govt.nz] Processing HTML: https://www.transport.govt.nz/area-of-interest/technology-and-innovation/drone-forums
2025-05-03 23:10:48,039 - INFO - [www.transport.govt.nz] Added 21 new unique paragraphs (474 words) from https://www.transport.govt.nz/area-of-interest/technology-and-innovation/drone-forums. Site words: 317,560. Overall words: 319,820
2025-05-03 23:10:51,049 - INFO - Attempting to fetch: https://www.transport.govt.nz/area-of-interest/technology-and-innovation/drone-benefit-study
2025-05-03 23:10:52,623 - INFO - Successfully fetched headers for https://www.transport.govt.nz/area-of-interest/technology-and-innovation/drone-benefit-study (Status: 200, Type: text/html; charset=utf-8)
2025-05-03 23:10:52,623 - INFO - [www.transport.govt.nz] Processing HTML: https://www.transport.govt.nz/area-of-interest/technology-and-innovation/drone-benefit-study
2025-05-03 23:10:53,004 - INFO - [www.transport.govt.nz] Added 24 new unique paragraphs (553 words) from https://www.transport.govt.nz/area-of-interest/technology-and-innovation/drone-benefit-study. Site words: 318,113. Overall words: 320,373
2025-05-03 23:10:56,006 - INFO - Attempting to fetch: https://www.transport.govt.nz/area-of-interest/technology-and-innovation/taking-flight
2025-05-03 23:10:57,609 - INFO - Successfully fetched headers for https://www.transport.govt.nz/area-of-interest/technology-and-innovation/taking-flight (Status: 200, Type: text/html; charset=utf-8)
2025-05-03 23:10:57,610 - INFO - [www.transport.govt.nz] Processing HTML: https://www.transport.govt.nz/area-of-interest/technology-and-innovation/taking-flight
2025-05-03 23:10:57,815 - INFO - [www.transport.govt.nz] Added 22 new unique paragraphs (677 words) from https://www.transport.govt.nz/area-of-interest/technology-and-innovation/taking-flight. Site words: 318,790. Overall words: 321,050
2025-05-03 23:11:00,817 - INFO - Attempting to fetch: https://www.transport.govt.nz/area-of-interest/technology-and-innovation/autonomous-vehicles-work-programme
2025-05-03 23:11:04,467 - INFO - Successfully fetched headers for https://www.transport.govt.nz/area-of-interest/technology-and-innovation/autonomous-vehicles-work-programme (Status: 200, Type: text/html; charset=utf-8)
2025-05-03 23:11:04,468 - INFO - [www.transport.govt.nz] Processing HTML: https://www.transport.govt.nz/area-of-interest/technology-and-innovation/autonomous-vehicles-work-programme
2025-05-03 23:11:04,729 - INFO - [www.transport.govt.nz] Added 53 new unique paragraphs (1826 words) from https://www.transport.govt.nz/area-of-interest/technology-and-innovation/autonomous-vehicles-work-programme. Site words: 320,616. Overall words: 322,876
2025-05-03 23:11:07,732 - INFO - Attempting to fetch: https://www.transport.govt.nz/area-of-interest/technology-and-innovation/advanced-aviation
2025-05-03 23:11:09,323 - INFO - Successfully fetched headers for https://www.transport.govt.nz/area-of-interest/technology-and-innovation/advanced-aviation (Status: 200, Type: text/html; charset=utf-8)
2025-05-03 23:11:09,323 - INFO - [www.transport.govt.nz] Processing HTML: https://www.transport.govt.nz/area-of-interest/technology-and-innovation/advanced-aviation
2025-05-03 23:11:09,580 - INFO - [www.transport.govt.nz] Added 37 new unique paragraphs (337 words) from https://www.transport.govt.nz/area-of-interest/technology-and-innovation/advanced-aviation. Site words: 320,953. Overall words: 323,213
2025-05-03 23:11:12,593 - INFO - Attempting to fetch: https://www.transport.govt.nz/area-of-interest/technology-and-innovation/drone-regulatory-work-programme
2025-05-03 23:11:14,974 - INFO - Successfully fetched headers for https://www.transport.govt.nz/area-of-interest/technology-and-innovation/drone-regulatory-work-programme (Status: 200, Type: text/html; charset=utf-8)
2025-05-03 23:11:14,976 - INFO - [www.transport.govt.nz] Processing HTML: https://www.transport.govt.nz/area-of-interest/technology-and-innovation/drone-regulatory-work-programme
2025-05-03 23:11:15,168 - INFO - [www.transport.govt.nz] Added 17 new unique paragraphs (357 words) from https://www.transport.govt.nz/area-of-interest/technology-and-innovation/drone-regulatory-work-programme. Site words: 321,310. Overall words: 323,570
2025-05-03 23:11:18,170 - INFO - Attempting to fetch: https://www.transport.govt.nz/documents-and-publications/download/7106
2025-05-03 23:11:19,458 - INFO - Successfully fetched headers for https://www.transport.govt.nz/documents-and-publications/download/7106 (Status: 200, Type: application/pdf)
2025-05-03 23:11:19,458 - INFO - [www.transport.govt.nz] Processing PDF: https://www.transport.govt.nz/documents-and-publications/download/7106
2025-05-03 23:11:29,975 - INFO - Attempted text extraction from PDF (127 pages)
2025-05-03 23:11:29,989 - INFO - [www.transport.govt.nz] Added 142 new unique paragraphs (30435 words) from https://www.transport.govt.nz/documents-and-publications/download/7106. Site words: 351,745. Overall words: 354,005
2025-05-03 23:11:32,992 - INFO - Attempting to fetch: https://www.transport.govt.nz/documents-and-publications/download/7307
2025-05-03 23:11:34,506 - INFO - Successfully fetched headers for https://www.transport.govt.nz/documents-and-publications/download/7307 (Status: 200, Type: application/pdf)
2025-05-03 23:11:34,506 - INFO - [www.transport.govt.nz] Processing PDF: https://www.transport.govt.nz/documents-and-publications/download/7307
2025-05-03 23:11:41,121 - INFO - Attempted text extraction from PDF (39 pages)
2025-05-03 23:11:41,121 - INFO - [www.transport.govt.nz] Added 31 new unique paragraphs (4891 words) from https://www.transport.govt.nz/documents-and-publications/download/7307. Site words: 356,636. Overall words: 358,896
2025-05-03 23:11:44,128 - INFO - Attempting to fetch: https://www.transport.govt.nz/documents-and-publications/download/4746
2025-05-03 23:11:45,440 - INFO - Successfully fetched headers for https://www.transport.govt.nz/documents-and-publications/download/4746 (Status: 200, Type: application/pdf)
2025-05-03 23:11:45,441 - INFO - [www.transport.govt.nz] Processing PDF: https://www.transport.govt.nz/documents-and-publications/download/4746
2025-05-03 23:11:49,953 - INFO - Attempted text extraction from PDF (7 pages)
2025-05-03 23:11:49,958 - INFO - [www.transport.govt.nz] Added 113 new unique paragraphs (1268 words) from https://www.transport.govt.nz/documents-and-publications/download/4746. Site words: 357,904. Overall words: 360,164
2025-05-03 23:11:52,962 - INFO - Attempting to fetch: https://www.transport.govt.nz/documents-and-publications/download/5583
2025-05-03 23:11:54,480 - INFO - Successfully fetched headers for https://www.transport.govt.nz/documents-and-publications/download/5583 (Status: 200, Type: application/pdf)
2025-05-03 23:11:54,480 - INFO - [www.transport.govt.nz] Processing PDF: https://www.transport.govt.nz/documents-and-publications/download/5583
2025-05-03 23:12:07,388 - INFO - Attempted text extraction from PDF (25 pages)
2025-05-03 23:12:07,404 - INFO - [www.transport.govt.nz] Added 80 new unique paragraphs (5160 words) from https://www.transport.govt.nz/documents-and-publications/download/5583. Site words: 363,064. Overall words: 365,324
2025-05-03 23:12:10,405 - INFO - Attempting to fetch: https://www.transport.govt.nz/documents-and-publications/download/8540
2025-05-03 23:12:11,820 - INFO - Successfully fetched headers for https://www.transport.govt.nz/documents-and-publications/download/8540 (Status: 200, Type: application/pdf)
2025-05-03 23:12:11,822 - INFO - [www.transport.govt.nz] Processing PDF: https://www.transport.govt.nz/documents-and-publications/download/8540
2025-05-03 23:12:13,867 - INFO - Attempted text extraction from PDF (31 pages)
2025-05-03 23:12:13,869 - INFO - [www.transport.govt.nz] Added 75 new unique paragraphs (3835 words) from https://www.transport.govt.nz/documents-and-publications/download/8540. Site words: 366,899. Overall words: 369,159
2025-05-03 23:12:16,871 - INFO - Attempting to fetch: https://www.transport.govt.nz/documents-and-publications/download/7169
2025-05-03 23:12:19,320 - INFO - Successfully fetched headers for https://www.transport.govt.nz/documents-and-publications/download/7169 (Status: 200, Type: application/pdf)
2025-05-03 23:12:19,321 - INFO - [www.transport.govt.nz] Processing PDF: https://www.transport.govt.nz/documents-and-publications/download/7169
2025-05-03 23:12:38,721 - INFO - Attempted text extraction from PDF (68 pages)
2025-05-03 23:12:38,738 - INFO - [www.transport.govt.nz] Added 211 new unique paragraphs (17439 words) from https://www.transport.govt.nz/documents-and-publications/download/7169. Site words: 384,338. Overall words: 386,598
2025-05-03 23:12:41,740 - INFO - Attempting to fetch: https://www.transport.govt.nz/documents-and-publications/download/7238
2025-05-03 23:12:43,061 - INFO - Successfully fetched headers for https://www.transport.govt.nz/documents-and-publications/download/7238 (Status: 200, Type: application/pdf)
2025-05-03 23:12:43,063 - INFO - [www.transport.govt.nz] Processing PDF: https://www.transport.govt.nz/documents-and-publications/download/7238
2025-05-03 23:12:54,120 - INFO - Attempted text extraction from PDF (89 pages)
2025-05-03 23:12:54,120 - INFO - [www.transport.govt.nz] Added 2 new unique paragraphs (915 words) from https://www.transport.govt.nz/documents-and-publications/download/7238. Site words: 385,253. Overall words: 387,513
2025-05-03 23:12:57,132 - INFO - Attempting to fetch: https://www.transport.govt.nz/documents-and-publications/download/7271
2025-05-03 23:12:58,488 - INFO - Successfully fetched headers for https://www.transport.govt.nz/documents-and-publications/download/7271 (Status: 200, Type: application/pdf)
2025-05-03 23:12:58,488 - INFO - [www.transport.govt.nz] Processing PDF: https://www.transport.govt.nz/documents-and-publications/download/7271
2025-05-03 23:12:58,904 - INFO - Attempted text extraction from PDF (4 pages)
2025-05-03 23:12:58,904 - INFO - [www.transport.govt.nz] Added 30 new unique paragraphs (1122 words) from https://www.transport.govt.nz/documents-and-publications/download/7271. Site words: 386,375. Overall words: 388,635
2025-05-03 23:13:01,914 - INFO - Attempting to fetch: https://www.transport.govt.nz/documents-and-publications/download/7289
2025-05-03 23:13:03,405 - INFO - Successfully fetched headers for https://www.transport.govt.nz/documents-and-publications/download/7289 (Status: 200, Type: application/pdf)
2025-05-03 23:13:03,405 - INFO - [www.transport.govt.nz] Processing PDF: https://www.transport.govt.nz/documents-and-publications/download/7289
2025-05-03 23:13:08,474 - INFO - Attempted text extraction from PDF (33 pages)
2025-05-03 23:13:08,487 - INFO - [www.transport.govt.nz] Added 25 new unique paragraphs (3001 words) from https://www.transport.govt.nz/documents-and-publications/download/7289. Site words: 389,376. Overall words: 391,636
2025-05-03 23:13:11,489 - INFO - Attempting to fetch: https://www.transport.govt.nz/documents-and-publications/download/7064
2025-05-03 23:13:12,887 - INFO - Successfully fetched headers for https://www.transport.govt.nz/documents-and-publications/download/7064 (Status: 200, Type: application/pdf)
2025-05-03 23:13:12,902 - INFO - [www.transport.govt.nz] Processing PDF: https://www.transport.govt.nz/documents-and-publications/download/7064
2025-05-03 23:13:55,670 - INFO - Attempted text extraction from PDF (588 pages)
2025-05-03 23:13:55,757 - INFO - [www.transport.govt.nz] Added 546 new unique paragraphs (149022 words) from https://www.transport.govt.nz/documents-and-publications/download/7064. Site words: 538,398. Overall words: 540,658
2025-05-03 23:13:58,759 - INFO - Attempting to fetch: https://www.transport.govt.nz/documents-and-publications/download/7088
2025-05-03 23:14:00,120 - INFO - Successfully fetched headers for https://www.transport.govt.nz/documents-and-publications/download/7088 (Status: 200, Type: application/pdf)
2025-05-03 23:14:00,120 - INFO - [www.transport.govt.nz] Processing PDF: https://www.transport.govt.nz/documents-and-publications/download/7088
2025-05-03 23:14:14,309 - INFO - Attempted text extraction from PDF (150 pages)
2025-05-03 23:14:14,319 - INFO - [www.transport.govt.nz] Added 167 new unique paragraphs (26206 words) from https://www.transport.govt.nz/documents-and-publications/download/7088. Site words: 564,604. Overall words: 566,864
2025-05-03 23:14:17,331 - INFO - Attempting to fetch: https://www.transport.govt.nz/documents-and-publications/download/4494
2025-05-03 23:14:19,337 - INFO - Successfully fetched headers for https://www.transport.govt.nz/documents-and-publications/download/4494 (Status: 200, Type: text/html; charset=utf-8)
2025-05-03 23:14:19,337 - INFO - [www.transport.govt.nz] Processing HTML: https://www.transport.govt.nz/documents-and-publications/download/4494
2025-05-03 23:14:22,541 - INFO - Attempting to fetch: https://www.transport.govt.nz/documents-and-publications/download/7436
2025-05-03 23:14:23,720 - INFO - Successfully fetched headers for https://www.transport.govt.nz/documents-and-publications/download/7436 (Status: 200, Type: application/pdf)
2025-05-03 23:14:23,733 - INFO - [www.transport.govt.nz] Processing PDF: https://www.transport.govt.nz/documents-and-publications/download/7436
2025-05-03 23:14:27,838 - INFO - Attempted text extraction from PDF (33 pages)
2025-05-03 23:14:27,838 - INFO - [www.transport.govt.nz] Added 33 new unique paragraphs (4327 words) from https://www.transport.govt.nz/documents-and-publications/download/7436. Site words: 568,931. Overall words: 571,191
2025-05-03 23:14:30,847 - INFO - Attempting to fetch: https://www.transport.govt.nz/documents-and-publications/download/7220
2025-05-03 23:14:32,252 - INFO - Successfully fetched headers for https://www.transport.govt.nz/documents-and-publications/download/7220 (Status: 200, Type: application/pdf)
2025-05-03 23:14:32,255 - INFO - [www.transport.govt.nz] Processing PDF: https://www.transport.govt.nz/documents-and-publications/download/7220
2025-05-03 23:14:38,802 - INFO - Attempted text extraction from PDF (38 pages)
2025-05-03 23:14:38,819 - INFO - [www.transport.govt.nz] Added 13 new unique paragraphs (2346 words) from https://www.transport.govt.nz/documents-and-publications/download/7220. Site words: 571,277. Overall words: 573,537
2025-05-03 23:14:41,820 - INFO - Attempting to fetch: https://www.transport.govt.nz/documents-and-publications/download/5556
2025-05-03 23:14:43,336 - INFO - Successfully fetched headers for https://www.transport.govt.nz/documents-and-publications/download/5556 (Status: 200, Type: application/pdf)
2025-05-03 23:14:43,351 - INFO - [www.transport.govt.nz] Processing PDF: https://www.transport.govt.nz/documents-and-publications/download/5556
2025-05-03 23:14:54,002 - INFO - Attempted text extraction from PDF (18 pages)
2025-05-03 23:14:54,002 - INFO - [www.transport.govt.nz] Added 3 new unique paragraphs (3146 words) from https://www.transport.govt.nz/documents-and-publications/download/5556. Site words: 574,423. Overall words: 576,683
2025-05-03 23:14:57,015 - INFO - Attempting to fetch: https://www.transport.govt.nz/documents-and-publications/download/4488
2025-05-03 23:14:58,186 - INFO - Successfully fetched headers for https://www.transport.govt.nz/documents-and-publications/download/4488 (Status: 200, Type: application/pdf)
2025-05-03 23:14:58,186 - INFO - [www.transport.govt.nz] Processing PDF: https://www.transport.govt.nz/documents-and-publications/download/4488
2025-05-03 23:14:58,752 - INFO - Attempted text extraction from PDF (7 pages)
2025-05-03 23:14:58,752 - INFO - [www.transport.govt.nz] Added 8 new unique paragraphs (2270 words) from https://www.transport.govt.nz/documents-and-publications/download/4488. Site words: 576,693. Overall words: 578,953
2025-05-03 23:15:01,766 - INFO - Attempting to fetch: https://www.transport.govt.nz/documents-and-publications/download/7166
2025-05-03 23:15:03,086 - INFO - Successfully fetched headers for https://www.transport.govt.nz/documents-and-publications/download/7166 (Status: 200, Type: application/pdf)
2025-05-03 23:15:03,086 - INFO - [www.transport.govt.nz] Processing PDF: https://www.transport.govt.nz/documents-and-publications/download/7166
2025-05-03 23:15:18,148 - INFO - Attempted text extraction from PDF (143 pages)
2025-05-03 23:15:18,156 - INFO - [www.transport.govt.nz] Added 99 new unique paragraphs (37253 words) from https://www.transport.govt.nz/documents-and-publications/download/7166. Site words: 613,946. Overall words: 616,206
2025-05-03 23:15:21,168 - INFO - Attempting to fetch: https://www.transport.govt.nz/documents-and-publications/download/7277
2025-05-03 23:15:22,186 - INFO - Successfully fetched headers for https://www.transport.govt.nz/documents-and-publications/download/7277 (Status: 200, Type: application/pdf)
2025-05-03 23:15:22,186 - INFO - [www.transport.govt.nz] Processing PDF: https://www.transport.govt.nz/documents-and-publications/download/7277
2025-05-03 23:15:28,218 - INFO - Attempted text extraction from PDF (46 pages)
2025-05-03 23:15:28,237 - INFO - [www.transport.govt.nz] Added 38 new unique paragraphs (6589 words) from https://www.transport.govt.nz/documents-and-publications/download/7277. Site words: 620,535. Overall words: 622,795
2025-05-03 23:15:31,239 - INFO - Attempting to fetch: https://www.transport.govt.nz/documents-and-publications/download/5577
2025-05-03 23:15:32,934 - INFO - Successfully fetched headers for https://www.transport.govt.nz/documents-and-publications/download/5577 (Status: 200, Type: application/pdf)
2025-05-03 23:15:32,936 - INFO - [www.transport.govt.nz] Processing PDF: https://www.transport.govt.nz/documents-and-publications/download/5577
2025-05-03 23:15:42,401 - INFO - Attempted text extraction from PDF (17 pages)
2025-05-03 23:15:42,401 - INFO - [www.transport.govt.nz] Added 34 new unique paragraphs (4686 words) from https://www.transport.govt.nz/documents-and-publications/download/5577. Site words: 625,221. Overall words: 627,481
2025-05-03 23:15:45,410 - INFO - Attempting to fetch: https://www.transport.govt.nz/documents-and-publications/download/6965
2025-05-03 23:15:47,253 - INFO - Successfully fetched headers for https://www.transport.govt.nz/documents-and-publications/download/6965 (Status: 200, Type: application/pdf)
2025-05-03 23:15:47,268 - INFO - [www.transport.govt.nz] Processing PDF: https://www.transport.govt.nz/documents-and-publications/download/6965
2025-05-03 23:16:07,946 - INFO - Attempted text extraction from PDF (181 pages)
2025-05-03 23:16:07,949 - INFO - [www.transport.govt.nz] Added 14 new unique paragraphs (3797 words) from https://www.transport.govt.nz/documents-and-publications/download/6965. Site words: 629,018. Overall words: 631,278
2025-05-03 23:16:10,951 - INFO - Attempting to fetch: https://www.transport.govt.nz/documents-and-publications/download/7223
2025-05-03 23:16:12,485 - INFO - Successfully fetched headers for https://www.transport.govt.nz/documents-and-publications/download/7223 (Status: 200, Type: application/pdf)
2025-05-03 23:16:12,485 - INFO - [www.transport.govt.nz] Processing PDF: https://www.transport.govt.nz/documents-and-publications/download/7223
2025-05-03 23:16:17,251 - INFO - Attempted text extraction from PDF (36 pages)
2025-05-03 23:16:17,251 - INFO - [www.transport.govt.nz] Added 20 new unique paragraphs (2901 words) from https://www.transport.govt.nz/documents-and-publications/download/7223. Site words: 631,919. Overall words: 634,179
2025-05-03 23:16:20,261 - INFO - Attempting to fetch: https://www.transport.govt.nz/documents-and-publications/download/7286
2025-05-03 23:16:21,667 - INFO - Successfully fetched headers for https://www.transport.govt.nz/documents-and-publications/download/7286 (Status: 200, Type: application/pdf)
2025-05-03 23:16:21,667 - INFO - [www.transport.govt.nz] Processing PDF: https://www.transport.govt.nz/documents-and-publications/download/7286
2025-05-03 23:16:22,251 - INFO - Attempted text extraction from PDF (1 pages)
2025-05-03 23:16:22,251 - INFO - [www.transport.govt.nz] No new paragraphs extracted or passed cleaning for https://www.transport.govt.nz/documents-and-publications/download/7286
2025-05-03 23:16:25,254 - INFO - Attempting to fetch: https://www.transport.govt.nz/documents-and-publications/download/4380
2025-05-03 23:16:26,438 - INFO - Successfully fetched headers for https://www.transport.govt.nz/documents-and-publications/download/4380 (Status: 200, Type: application/vnd.openxmlformats-officedocument.spreadsheetml.sheet)
2025-05-03 23:16:26,440 - WARNING - [www.transport.govt.nz] Skipping unsupported content type 'application/vnd.openxmlformats-officedocument.spreadsheetml.sheet' at: https://www.transport.govt.nz/documents-and-publications/download/4380
2025-05-03 23:16:26,441 - INFO - [www.transport.govt.nz] No new paragraphs extracted or passed cleaning for https://www.transport.govt.nz/documents-and-publications/download/4380
2025-05-03 23:16:29,443 - INFO - Attempting to fetch: https://www.transport.govt.nz/documents-and-publications/download/7265
2025-05-03 23:16:30,938 - INFO - Successfully fetched headers for https://www.transport.govt.nz/documents-and-publications/download/7265 (Status: 200, Type: application/pdf)
2025-05-03 23:16:30,939 - INFO - [www.transport.govt.nz] Processing PDF: https://www.transport.govt.nz/documents-and-publications/download/7265
2025-05-03 23:16:46,652 - INFO - Attempted text extraction from PDF (119 pages)
2025-05-03 23:16:46,671 - INFO - [www.transport.govt.nz] Added 25 new unique paragraphs (40246 words) from https://www.transport.govt.nz/documents-and-publications/download/7265. Site words: 672,165. Overall words: 674,425
2025-05-03 23:16:49,673 - INFO - Attempting to fetch: https://www.transport.govt.nz/assets/Uploads/Report/Evaluation-programme-2020-21-to-2022-23.pdf
2025-05-03 23:16:50,668 - INFO - Successfully fetched headers for https://www.transport.govt.nz/assets/Uploads/Report/Evaluation-programme-2020-21-to-2022-23.pdf (Status: 200, Type: application/pdf)
2025-05-03 23:16:50,671 - INFO - [www.transport.govt.nz] Processing PDF: https://www.transport.govt.nz/assets/Uploads/Report/Evaluation-programme-2020-21-to-2022-23.pdf
2025-05-03 23:16:51,323 - INFO - Attempted text extraction from PDF (7 pages)
2025-05-03 23:16:51,323 - INFO - [www.transport.govt.nz] Added 13 new unique paragraphs (1958 words) from https://www.transport.govt.nz/assets/Uploads/Report/Evaluation-programme-2020-21-to-2022-23.pdf. Site words: 674,123. Overall words: 676,383
2025-05-03 23:16:54,329 - INFO - Attempting to fetch: https://www.transport.govt.nz/assets/Uploads/Report/EvaluationPTOM.pdf
2025-05-03 23:16:55,468 - INFO - Successfully fetched headers for https://www.transport.govt.nz/assets/Uploads/Report/EvaluationPTOM.pdf (Status: 200, Type: application/pdf)
2025-05-03 23:16:55,479 - INFO - [www.transport.govt.nz] Processing PDF: https://www.transport.govt.nz/assets/Uploads/Report/EvaluationPTOM.pdf
2025-05-03 23:16:59,701 - ERROR - Error processing PDF content: PyCryptodome is required for AES algorithm
2025-05-03 23:16:59,701 - INFO - [www.transport.govt.nz] No new paragraphs extracted or passed cleaning for https://www.transport.govt.nz/assets/Uploads/Report/EvaluationPTOM.pdf
2025-05-03 23:17:02,706 - INFO - Attempting to fetch: https://www.transport.govt.nz/assets/Uploads/20232701-GPS-Eval-Mode-Shift-Report-Final-formatted.pdf
2025-05-03 23:17:03,718 - INFO - Successfully fetched headers for https://www.transport.govt.nz/assets/Uploads/20232701-GPS-Eval-Mode-Shift-Report-Final-formatted.pdf (Status: 200, Type: application/pdf)
2025-05-03 23:17:03,718 - INFO - [www.transport.govt.nz] Processing PDF: https://www.transport.govt.nz/assets/Uploads/20232701-GPS-Eval-Mode-Shift-Report-Final-formatted.pdf
2025-05-03 23:17:08,017 - INFO - Attempted text extraction from PDF (71 pages)
2025-05-03 23:17:08,017 - INFO - [www.transport.govt.nz] Added 154 new unique paragraphs (18153 words) from https://www.transport.govt.nz/assets/Uploads/20232701-GPS-Eval-Mode-Shift-Report-Final-formatted.pdf. Site words: 692,276. Overall words: 694,536
2025-05-03 23:17:11,030 - INFO - Attempting to fetch: https://www.transport.govt.nz/assets/Uploads/NZ-MoT-Value-For-Money-Report.pdf
2025-05-03 23:17:11,785 - INFO - Successfully fetched headers for https://www.transport.govt.nz/assets/Uploads/NZ-MoT-Value-For-Money-Report.pdf (Status: 200, Type: application/pdf)
2025-05-03 23:17:11,801 - INFO - [www.transport.govt.nz] Processing PDF: https://www.transport.govt.nz/assets/Uploads/NZ-MoT-Value-For-Money-Report.pdf
2025-05-03 23:17:19,300 - INFO - Attempted text extraction from PDF (97 pages)
2025-05-03 23:17:19,316 - INFO - [www.transport.govt.nz] Added 322 new unique paragraphs (37111 words) from https://www.transport.govt.nz/assets/Uploads/NZ-MoT-Value-For-Money-Report.pdf. Site words: 729,387. Overall words: 731,647
2025-05-03 23:17:22,327 - INFO - Attempting to fetch: https://www.transport.govt.nz/assets/Uploads/Value-for-money-poster.pdf
2025-05-03 23:17:23,147 - INFO - Successfully fetched headers for https://www.transport.govt.nz/assets/Uploads/Value-for-money-poster.pdf (Status: 200, Type: application/pdf)
2025-05-03 23:17:23,149 - INFO - [www.transport.govt.nz] Processing PDF: https://www.transport.govt.nz/assets/Uploads/Value-for-money-poster.pdf
2025-05-03 23:17:24,051 - INFO - Attempted text extraction from PDF (1 pages)
2025-05-03 23:17:24,051 - INFO - [www.transport.govt.nz] Added 1 new unique paragraphs (203 words) from https://www.transport.govt.nz/assets/Uploads/Value-for-money-poster.pdf. Site words: 729,590. Overall words: 731,850
2025-05-03 23:17:27,053 - INFO - Attempting to fetch: https://www.transport.govt.nz/assets/Uploads/Intervention-Logic-Mapping.pdf
2025-05-03 23:17:28,050 - INFO - Successfully fetched headers for https://www.transport.govt.nz/assets/Uploads/Intervention-Logic-Mapping.pdf (Status: 200, Type: application/pdf)
2025-05-03 23:17:28,050 - INFO - [www.transport.govt.nz] Processing PDF: https://www.transport.govt.nz/assets/Uploads/Intervention-Logic-Mapping.pdf
2025-05-03 23:17:29,183 - INFO - Attempted text extraction from PDF (5 pages)
2025-05-03 23:17:29,183 - INFO - [www.transport.govt.nz] Added 10 new unique paragraphs (958 words) from https://www.transport.govt.nz/assets/Uploads/Intervention-Logic-Mapping.pdf. Site words: 730,548. Overall words: 732,808
2025-05-03 23:17:32,187 - INFO - Attempting to fetch: https://www.transport.govt.nz/assets/Uploads/20232701-GPS-2018-Evaluation-Report-FINAL-formatted.pdf
2025-05-03 23:17:33,134 - INFO - Successfully fetched headers for https://www.transport.govt.nz/assets/Uploads/20232701-GPS-2018-Evaluation-Report-FINAL-formatted.pdf (Status: 200, Type: application/pdf)
2025-05-03 23:17:33,136 - INFO - [www.transport.govt.nz] Processing PDF: https://www.transport.govt.nz/assets/Uploads/20232701-GPS-2018-Evaluation-Report-FINAL-formatted.pdf
2025-05-03 23:17:40,116 - INFO - Attempted text extraction from PDF (121 pages)
2025-05-03 23:17:40,141 - INFO - [www.transport.govt.nz] Added 156 new unique paragraphs (34000 words) from https://www.transport.govt.nz/assets/Uploads/20232701-GPS-2018-Evaluation-Report-FINAL-formatted.pdf. Site words: 764,548. Overall words: 766,808
2025-05-03 23:17:43,142 - INFO - Attempting to fetch: https://www.transport.govt.nz/assets/Uploads/Review-of-the-Investment-in-Operating-and-Maintaining-New-Zealands-State-Highways-Part-1-Summary-Report-Final.pdf
2025-05-03 23:17:44,134 - INFO - Successfully fetched headers for https://www.transport.govt.nz/assets/Uploads/Review-of-the-Investment-in-Operating-and-Maintaining-New-Zealands-State-Highways-Part-1-Summary-Report-Final.pdf (Status: 200, Type: application/pdf)
2025-05-03 23:17:44,138 - INFO - [www.transport.govt.nz] Processing PDF: https://www.transport.govt.nz/assets/Uploads/Review-of-the-Investment-in-Operating-and-Maintaining-New-Zealands-State-Highways-Part-1-Summary-Report-Final.pdf
2025-05-03 23:17:46,859 - INFO - Attempted text extraction from PDF (28 pages)
2025-05-03 23:17:46,859 - INFO - [www.transport.govt.nz] Added 69 new unique paragraphs (11220 words) from https://www.transport.govt.nz/assets/Uploads/Review-of-the-Investment-in-Operating-and-Maintaining-New-Zealands-State-Highways-Part-1-Summary-Report-Final.pdf. Site words: 775,768. Overall words: 778,028
2025-05-03 23:17:49,868 - INFO - Attempting to fetch: https://www.transport.govt.nz/assets/Uploads/Evaluation-programme-202122-to-2324.pdf
2025-05-03 23:17:50,735 - INFO - Successfully fetched headers for https://www.transport.govt.nz/assets/Uploads/Evaluation-programme-202122-to-2324.pdf (Status: 200, Type: application/pdf)
2025-05-03 23:17:50,737 - INFO - [www.transport.govt.nz] Processing PDF: https://www.transport.govt.nz/assets/Uploads/Evaluation-programme-202122-to-2324.pdf
2025-05-03 23:17:52,241 - INFO - Attempted text extraction from PDF (8 pages)
2025-05-03 23:17:52,243 - INFO - [www.transport.govt.nz] Added 16 new unique paragraphs (1938 words) from https://www.transport.govt.nz/assets/Uploads/Evaluation-programme-202122-to-2324.pdf. Site words: 777,706. Overall words: 779,966
2025-05-03 23:17:55,245 - INFO - Attempting to fetch: https://www.transport.govt.nz/assets/Uploads/Evaluation-programme-202223-to-2425.pdf
2025-05-03 23:17:56,106 - INFO - Successfully fetched headers for https://www.transport.govt.nz/assets/Uploads/Evaluation-programme-202223-to-2425.pdf (Status: 200, Type: application/pdf)
2025-05-03 23:17:56,106 - INFO - [www.transport.govt.nz] Processing PDF: https://www.transport.govt.nz/assets/Uploads/Evaluation-programme-202223-to-2425.pdf
2025-05-03 23:17:57,399 - INFO - Attempted text extraction from PDF (8 pages)
2025-05-03 23:17:57,399 - INFO - [www.transport.govt.nz] Added 16 new unique paragraphs (1905 words) from https://www.transport.govt.nz/assets/Uploads/Evaluation-programme-202223-to-2425.pdf. Site words: 779,611. Overall words: 781,871
2025-05-03 23:18:00,409 - INFO - Attempting to fetch: https://www.transport.govt.nz/assets/Uploads/TEBS-report-A-Reoffending-Evaluation-of-Alcohol-Ignition-Interlock-Sentences-from-2013-2017-in-New-Zealand-FINAL-WEB-VERSION.pdf
2025-05-03 23:18:01,416 - INFO - Successfully fetched headers for https://www.transport.govt.nz/assets/Uploads/TEBS-report-A-Reoffending-Evaluation-of-Alcohol-Ignition-Interlock-Sentences-from-2013-2017-in-New-Zealand-FINAL-WEB-VERSION.pdf (Status: 200, Type: application/pdf)
2025-05-03 23:18:01,420 - INFO - [www.transport.govt.nz] Processing PDF: https://www.transport.govt.nz/assets/Uploads/TEBS-report-A-Reoffending-Evaluation-of-Alcohol-Ignition-Interlock-Sentences-from-2013-2017-in-New-Zealand-FINAL-WEB-VERSION.pdf
2025-05-03 23:18:03,633 - INFO - Attempted text extraction from PDF (32 pages)
2025-05-03 23:18:03,638 - INFO - [www.transport.govt.nz] Added 102 new unique paragraphs (9691 words) from https://www.transport.govt.nz/assets/Uploads/TEBS-report-A-Reoffending-Evaluation-of-Alcohol-Ignition-Interlock-Sentences-from-2013-2017-in-New-Zealand-FINAL-WEB-VERSION.pdf. Site words: 789,302. Overall words: 791,562
2025-05-03 23:18:06,640 - INFO - Attempting to fetch: https://www.transport.govt.nz/assets/Uploads/Report/GDLS-evaluation-report.pdf
2025-05-03 23:18:07,632 - INFO - Successfully fetched headers for https://www.transport.govt.nz/assets/Uploads/Report/GDLS-evaluation-report.pdf (Status: 200, Type: application/pdf)
2025-05-03 23:18:07,635 - INFO - [www.transport.govt.nz] Processing PDF: https://www.transport.govt.nz/assets/Uploads/Report/GDLS-evaluation-report.pdf
2025-05-03 23:18:14,299 - INFO - Attempted text extraction from PDF (91 pages)
2025-05-03 23:18:14,316 - INFO - [www.transport.govt.nz] Added 170 new unique paragraphs (37632 words) from https://www.transport.govt.nz/assets/Uploads/Report/GDLS-evaluation-report.pdf. Site words: 826,934. Overall words: 829,194
2025-05-03 23:18:17,323 - INFO - Attempting to fetch: https://www.transport.govt.nz/about-us/what-we-do/proactive-releases/download/8499
2025-05-03 23:18:18,832 - INFO - Successfully fetched headers for https://www.transport.govt.nz/about-us/what-we-do/proactive-releases/download/8499 (Status: 200, Type: application/pdf)
2025-05-03 23:18:18,835 - INFO - [www.transport.govt.nz] Processing PDF: https://www.transport.govt.nz/about-us/what-we-do/proactive-releases/download/8499
2025-05-03 23:18:21,099 - INFO - Attempted text extraction from PDF (9 pages)
2025-05-03 23:18:21,099 - INFO - [www.transport.govt.nz] Added 3 new unique paragraphs (2713 words) from https://www.transport.govt.nz/about-us/what-we-do/proactive-releases/download/8499. Site words: 829,647. Overall words: 831,907
2025-05-03 23:18:24,104 - INFO - Attempting to fetch: https://www.transport.govt.nz/about-us/what-we-do/proactive-releases/download/8465
2025-05-03 23:18:26,431 - INFO - Successfully fetched headers for https://www.transport.govt.nz/about-us/what-we-do/proactive-releases/download/8465 (Status: 200, Type: application/pdf)
2025-05-03 23:18:26,433 - INFO - [www.transport.govt.nz] Processing PDF: https://www.transport.govt.nz/about-us/what-we-do/proactive-releases/download/8465
2025-05-03 23:18:42,382 - INFO - Attempted text extraction from PDF (321 pages)
2025-05-03 23:18:42,423 - INFO - [www.transport.govt.nz] Added 464 new unique paragraphs (48799 words) from https://www.transport.govt.nz/about-us/what-we-do/proactive-releases/download/8465. Site words: 878,446. Overall words: 880,706
2025-05-03 23:18:45,425 - INFO - Attempting to fetch: https://www.transport.govt.nz/about-us/what-we-do/proactive-releases/download/8501
2025-05-03 23:18:46,832 - INFO - Successfully fetched headers for https://www.transport.govt.nz/about-us/what-we-do/proactive-releases/download/8501 (Status: 200, Type: application/pdf)
2025-05-03 23:18:46,848 - INFO - [www.transport.govt.nz] Processing PDF: https://www.transport.govt.nz/about-us/what-we-do/proactive-releases/download/8501
2025-05-03 23:18:49,331 - INFO - Attempted text extraction from PDF (22 pages)
2025-05-03 23:18:49,333 - INFO - [www.transport.govt.nz] Added 10 new unique paragraphs (2145 words) from https://www.transport.govt.nz/about-us/what-we-do/proactive-releases/download/8501. Site words: 880,591. Overall words: 882,851
2025-05-03 23:18:52,335 - INFO - Attempting to fetch: https://www.transport.govt.nz/about-us/what-we-do/proactive-releases/results
2025-05-03 23:18:54,966 - INFO - Successfully fetched headers for https://www.transport.govt.nz/about-us/what-we-do/proactive-releases/results (Status: 200, Type: text/html; charset=utf-8)
2025-05-03 23:18:54,966 - INFO - [www.transport.govt.nz] Processing HTML: https://www.transport.govt.nz/about-us/what-we-do/proactive-releases/results
2025-05-03 23:18:55,182 - INFO - [www.transport.govt.nz] No new paragraphs extracted or passed cleaning for https://www.transport.govt.nz/about-us/what-we-do/proactive-releases/results
2025-05-03 23:18:58,185 - INFO - Attempting to fetch: https://www.transport.govt.nz/about-us/what-we-do/proactive-releases/download/8503
2025-05-03 23:18:59,499 - INFO - Successfully fetched headers for https://www.transport.govt.nz/about-us/what-we-do/proactive-releases/download/8503 (Status: 200, Type: application/pdf)
2025-05-03 23:18:59,499 - INFO - [www.transport.govt.nz] Processing PDF: https://www.transport.govt.nz/about-us/what-we-do/proactive-releases/download/8503
2025-05-03 23:19:02,119 - INFO - Attempted text extraction from PDF (15 pages)
2025-05-03 23:19:02,119 - INFO - [www.transport.govt.nz] Added 15 new unique paragraphs (2481 words) from https://www.transport.govt.nz/about-us/what-we-do/proactive-releases/download/8503. Site words: 883,072. Overall words: 885,332
2025-05-03 23:19:05,125 - INFO - Attempting to fetch: https://www.transport.govt.nz/about-us/what-we-do/proactive-releases/download/8439
2025-05-03 23:19:06,349 - INFO - Successfully fetched headers for https://www.transport.govt.nz/about-us/what-we-do/proactive-releases/download/8439 (Status: 200, Type: application/pdf)
2025-05-03 23:19:06,350 - INFO - [www.transport.govt.nz] Processing PDF: https://www.transport.govt.nz/about-us/what-we-do/proactive-releases/download/8439
2025-05-03 23:19:08,903 - INFO - Attempted text extraction from PDF (18 pages)
2025-05-03 23:19:08,903 - INFO - [www.transport.govt.nz] Added 20 new unique paragraphs (5173 words) from https://www.transport.govt.nz/about-us/what-we-do/proactive-releases/download/8439. Site words: 888,245. Overall words: 890,505
2025-05-03 23:19:11,909 - INFO - Attempting to fetch: https://www.transport.govt.nz/about-us/what-we-do/proactive-releases/download/8530
2025-05-03 23:19:13,014 - INFO - Successfully fetched headers for https://www.transport.govt.nz/about-us/what-we-do/proactive-releases/download/8530 (Status: 200, Type: application/pdf)
2025-05-03 23:19:13,015 - INFO - [www.transport.govt.nz] Processing PDF: https://www.transport.govt.nz/about-us/what-we-do/proactive-releases/download/8530
2025-05-03 23:19:14,805 - INFO - Attempted text extraction from PDF (21 pages)
2025-05-03 23:19:14,805 - INFO - [www.transport.govt.nz] Added 18 new unique paragraphs (6505 words) from https://www.transport.govt.nz/about-us/what-we-do/proactive-releases/download/8530. Site words: 894,750. Overall words: 897,010
2025-05-03 23:19:17,815 - INFO - Attempting to fetch: https://www.transport.govt.nz/about-us/what-we-do/proactive-releases/download/8504
2025-05-03 23:19:19,315 - INFO - Successfully fetched headers for https://www.transport.govt.nz/about-us/what-we-do/proactive-releases/download/8504 (Status: 200, Type: application/pdf)
2025-05-03 23:19:19,315 - INFO - [www.transport.govt.nz] Processing PDF: https://www.transport.govt.nz/about-us/what-we-do/proactive-releases/download/8504
2025-05-03 23:19:23,315 - INFO - Attempted text extraction from PDF (20 pages)
2025-05-03 23:19:23,315 - INFO - [www.transport.govt.nz] Added 282 new unique paragraphs (3807 words) from https://www.transport.govt.nz/about-us/what-we-do/proactive-releases/download/8504. Site words: 898,557. Overall words: 900,817
2025-05-03 23:19:26,329 - INFO - Attempting to fetch: https://www.transport.govt.nz/about-us/what-we-do/proactive-releases/download/8472
2025-05-03 23:19:27,665 - INFO - Successfully fetched headers for https://www.transport.govt.nz/about-us/what-we-do/proactive-releases/download/8472 (Status: 200, Type: application/vnd.openxmlformats-officedocument.spreadsheetml.sheet)
2025-05-03 23:19:27,665 - WARNING - [www.transport.govt.nz] Skipping unsupported content type 'application/vnd.openxmlformats-officedocument.spreadsheetml.sheet' at: https://www.transport.govt.nz/about-us/what-we-do/proactive-releases/download/8472
2025-05-03 23:19:27,665 - INFO - [www.transport.govt.nz] No new paragraphs extracted or passed cleaning for https://www.transport.govt.nz/about-us/what-we-do/proactive-releases/download/8472
2025-05-03 23:19:30,675 - INFO - Attempting to fetch: https://www.transport.govt.nz/about-us/what-we-do/proactive-releases/download/8470
2025-05-03 23:19:32,648 - INFO - Successfully fetched headers for https://www.transport.govt.nz/about-us/what-we-do/proactive-releases/download/8470 (Status: 200, Type: application/pdf)
2025-05-03 23:19:32,648 - INFO - [www.transport.govt.nz] Processing PDF: https://www.transport.govt.nz/about-us/what-we-do/proactive-releases/download/8470
2025-05-03 23:19:35,498 - INFO - Attempted text extraction from PDF (44 pages)
2025-05-03 23:19:35,498 - INFO - [www.transport.govt.nz] Added 125 new unique paragraphs (9978 words) from https://www.transport.govt.nz/about-us/what-we-do/proactive-releases/download/8470. Site words: 908,535. Overall words: 910,795
2025-05-03 23:19:38,505 - INFO - Attempting to fetch: https://www.transport.govt.nz/about-us/what-we-do/proactive-releases/download/8442
2025-05-03 23:19:40,065 - INFO - Successfully fetched headers for https://www.transport.govt.nz/about-us/what-we-do/proactive-releases/download/8442 (Status: 200, Type: application/pdf)
2025-05-03 23:19:40,065 - INFO - [www.transport.govt.nz] Processing PDF: https://www.transport.govt.nz/about-us/what-we-do/proactive-releases/download/8442
2025-05-03 23:19:41,319 - INFO - Attempted text extraction from PDF (4 pages)
2025-05-03 23:19:41,319 - INFO - [www.transport.govt.nz] Added 66 new unique paragraphs (792 words) from https://www.transport.govt.nz/about-us/what-we-do/proactive-releases/download/8442. Site words: 909,327. Overall words: 911,587
2025-05-03 23:19:44,325 - INFO - Attempting to fetch: https://www.transport.govt.nz/about-us/what-we-do/proactive-releases/download/8535
2025-05-03 23:19:45,681 - INFO - Successfully fetched headers for https://www.transport.govt.nz/about-us/what-we-do/proactive-releases/download/8535 (Status: 200, Type: application/pdf)
2025-05-03 23:19:45,681 - INFO - [www.transport.govt.nz] Processing PDF: https://www.transport.govt.nz/about-us/what-we-do/proactive-releases/download/8535
2025-05-03 23:19:48,364 - INFO - Attempted text extraction from PDF (7 pages)
2025-05-03 23:19:48,364 - INFO - [www.transport.govt.nz] Added 117 new unique paragraphs (1319 words) from https://www.transport.govt.nz/about-us/what-we-do/proactive-releases/download/8535. Site words: 910,646. Overall words: 912,906
2025-05-03 23:19:51,381 - INFO - Attempting to fetch: https://www.transport.govt.nz/about-us/what-we-do/proactive-releases/download/8466
2025-05-03 23:19:52,504 - INFO - Successfully fetched headers for https://www.transport.govt.nz/about-us/what-we-do/proactive-releases/download/8466 (Status: 200, Type: application/pdf)
2025-05-03 23:19:52,504 - INFO - [www.transport.govt.nz] Processing PDF: https://www.transport.govt.nz/about-us/what-we-do/proactive-releases/download/8466
2025-05-03 23:19:54,198 - INFO - Attempted text extraction from PDF (13 pages)
2025-05-03 23:19:54,198 - INFO - [www.transport.govt.nz] Added 150 new unique paragraphs (1594 words) from https://www.transport.govt.nz/about-us/what-we-do/proactive-releases/download/8466. Site words: 912,240. Overall words: 914,500
2025-05-03 23:19:57,204 - INFO - Attempting to fetch: https://www.transport.govt.nz/about-us/what-we-do/proactive-releases/download/8450
2025-05-03 23:19:58,348 - INFO - Successfully fetched headers for https://www.transport.govt.nz/about-us/what-we-do/proactive-releases/download/8450 (Status: 200, Type: application/pdf)
2025-05-03 23:19:58,348 - INFO - [www.transport.govt.nz] Processing PDF: https://www.transport.govt.nz/about-us/what-we-do/proactive-releases/download/8450
2025-05-03 23:20:09,318 - INFO - Attempted text extraction from PDF (91 pages)
2025-05-03 23:20:09,338 - INFO - [www.transport.govt.nz] Added 35 new unique paragraphs (15918 words) from https://www.transport.govt.nz/about-us/what-we-do/proactive-releases/download/8450. Site words: 928,158. Overall words: 930,418
2025-05-03 23:20:12,341 - INFO - Attempting to fetch: https://www.transport.govt.nz/about-us/what-we-do/proactive-releases/download/8534
2025-05-03 23:20:13,600 - INFO - Successfully fetched headers for https://www.transport.govt.nz/about-us/what-we-do/proactive-releases/download/8534 (Status: 200, Type: application/pdf)
2025-05-03 23:20:13,600 - INFO - [www.transport.govt.nz] Processing PDF: https://www.transport.govt.nz/about-us/what-we-do/proactive-releases/download/8534
2025-05-03 23:20:17,118 - INFO - Attempted text extraction from PDF (41 pages)
2025-05-03 23:20:17,118 - INFO - [www.transport.govt.nz] Added 4 new unique paragraphs (16704 words) from https://www.transport.govt.nz/about-us/what-we-do/proactive-releases/download/8534. Site words: 944,862. Overall words: 947,122
2025-05-03 23:20:20,133 - INFO - Attempting to fetch: https://www.transport.govt.nz/about-us/what-we-do/proactive-releases/download/8433
2025-05-03 23:20:21,453 - INFO - Successfully fetched headers for https://www.transport.govt.nz/about-us/what-we-do/proactive-releases/download/8433 (Status: 200, Type: application/pdf)
2025-05-03 23:20:21,453 - INFO - [www.transport.govt.nz] Processing PDF: https://www.transport.govt.nz/about-us/what-we-do/proactive-releases/download/8433
2025-05-03 23:20:22,502 - INFO - Attempted text extraction from PDF (3 pages)
2025-05-03 23:20:22,502 - INFO - [www.transport.govt.nz] Added 2 new unique paragraphs (840 words) from https://www.transport.govt.nz/about-us/what-we-do/proactive-releases/download/8433. Site words: 945,702. Overall words: 947,962
2025-05-03 23:20:25,505 - INFO - Attempting to fetch: https://www.transport.govt.nz/about-us/what-we-do/proactive-releases/download/8464
2025-05-03 23:20:27,214 - INFO - Successfully fetched headers for https://www.transport.govt.nz/about-us/what-we-do/proactive-releases/download/8464 (Status: 200, Type: application/pdf)
2025-05-03 23:20:27,216 - INFO - [www.transport.govt.nz] Processing PDF: https://www.transport.govt.nz/about-us/what-we-do/proactive-releases/download/8464
2025-05-03 23:20:39,465 - INFO - Attempted text extraction from PDF (331 pages)
2025-05-03 23:20:39,502 - INFO - [www.transport.govt.nz] Added 523 new unique paragraphs (46374 words) from https://www.transport.govt.nz/about-us/what-we-do/proactive-releases/download/8464. Site words: 992,076. Overall words: 994,336
2025-05-03 23:20:42,504 - INFO - Attempting to fetch: https://www.transport.govt.nz/about-us/what-we-do/proactive-releases/download/8502
2025-05-03 23:20:44,000 - INFO - Successfully fetched headers for https://www.transport.govt.nz/about-us/what-we-do/proactive-releases/download/8502 (Status: 200, Type: application/pdf)
2025-05-03 23:20:44,000 - INFO - [www.transport.govt.nz] Processing PDF: https://www.transport.govt.nz/about-us/what-we-do/proactive-releases/download/8502
2025-05-03 23:20:50,699 - INFO - Attempted text extraction from PDF (19 pages)
2025-05-03 23:20:50,699 - INFO - [www.transport.govt.nz] Added 4 new unique paragraphs (4522 words) from https://www.transport.govt.nz/about-us/what-we-do/proactive-releases/download/8502. Site words: 996,598. Overall words: 998,858
2025-05-03 23:20:53,706 - INFO - Attempting to fetch: https://www.transport.govt.nz/about-us/what-we-do/proactive-releases/download/8436
2025-05-03 23:20:55,181 - INFO - Successfully fetched headers for https://www.transport.govt.nz/about-us/what-we-do/proactive-releases/download/8436 (Status: 200, Type: application/pdf)
2025-05-03 23:20:55,185 - INFO - [www.transport.govt.nz] Processing PDF: https://www.transport.govt.nz/about-us/what-we-do/proactive-releases/download/8436
2025-05-03 23:20:56,336 - INFO - Attempted text extraction from PDF (3 pages)
2025-05-03 23:20:56,336 - INFO - [www.transport.govt.nz] Added 80 new unique paragraphs (990 words) from https://www.transport.govt.nz/about-us/what-we-do/proactive-releases/download/8436. Site words: 997,588. Overall words: 999,848
2025-05-03 23:20:59,338 - INFO - Attempting to fetch: https://www.transport.govt.nz/about-us/what-we-do/proactive-releases/download/8452
2025-05-03 23:21:02,218 - INFO - Successfully fetched headers for https://www.transport.govt.nz/about-us/what-we-do/proactive-releases/download/8452 (Status: 200, Type: application/pdf)
2025-05-03 23:21:02,233 - INFO - [www.transport.govt.nz] Processing PDF: https://www.transport.govt.nz/about-us/what-we-do/proactive-releases/download/8452
2025-05-03 23:21:02,879 - INFO - Attempted text extraction from PDF (3 pages)
2025-05-03 23:21:02,879 - INFO - [www.transport.govt.nz] Added 6 new unique paragraphs (602 words) from https://www.transport.govt.nz/about-us/what-we-do/proactive-releases/download/8452. Site words: 998,190. Overall words: 1,000,450
2025-05-03 23:21:02,879 - INFO - Overall word target (1,000,000) reached during processing https://www.transport.govt.nz/about-us/what-we-do/proactive-releases/download/8452. Stopping crawl.
2025-05-03 23:21:05,893 - INFO - Finished crawl for site: www.transport.govt.nz. Pages crawled: 262. Paragraphs collected: 9,894. Words collected: 998,190
2025-05-03 23:21:05,944 - INFO - Saved 9894 paragraphs for www.transport.govt.nz to temp_scraped_data\www.transport.govt.nz.txt
2025-05-03 23:21:05,945 - INFO - Overall word target (1,000,000) reached. Stopping crawl.
2025-05-03 23:21:05,946 - INFO - 
==================== ALL SITE CRAWLS FINISHED ====================
2025-05-03 23:21:05,946 - INFO - Estimated total words collected overall: 1,000,450
2025-05-03 23:21:05,946 - INFO - Individual site files saved in: temp_scraped_data
2025-05-03 23:21:05,946 - INFO - Number of site files generated: 2
